	20260908233000		insideindianabusiness.com	https://www.insideindianabusiness.com/articles/amazon-employee-sues-company-for-failure-to-accommodate-disabilities				DISCRIMINATION,3809;UNGP_FREEDOM_FROM_DISCRIMINATION,3809;GENERAL_HEALTH,1380;MEDICAL,1380;TAX_FNCACT_DOCTOR,1380;TRIAL,20;WB_135_TRANSPORT,1133;WB_1174_WAREHOUSING_AND_STORAGE,1133;WB_793_TRANSPORT_AND_LOGISTICS_SERVICES,1133;TAX_FNCACT_REPRESENTATIVES,690;TAX_ECON_PRICE,3023;DELAY,3511;USPEC_UNCERTAINTY1,3511;CRISISLEX_C04_LOGISTICS_TRANSPORT,3511;TAX_FNCACT_LAWYER,108;TAX_FNCACT_LAWYER,761;TAX_DISEASE_MIGRAINE,893;TAX_ETHNICITY_AMERICANS,604;TAX_ETHNICITY_AMERICANS,3902;DISABILITY,68;DISABILITY,396;DISABILITY,622;DISABILITY,1063;DISABILITY,3920;WB_1458_HEALTH_PROMOTION_AND_DISEASE_PREVENTION,68;WB_1458_HEALTH_PROMOTION_AND_DISEASE_PREVENTION,396;WB_1458_HEALTH_PROMOTION_AND_DISEASE_PREVENTION,622;WB_1458_HEALTH_PROMOTION_AND_DISEASE_PREVENTION,1063;WB_1458_HEALTH_PROMOTION_AND_DISEASE_PREVENTION,3920;WB_635_PUBLIC_HEALTH,68;WB_635_PUBLIC_HEALTH,396;WB_635_PUBLIC_HEALTH,622;WB_635_PUBLIC_HEALTH,1063;WB_635_PUBLIC_HEALTH,3920;WB_1464_HEALTH_OF_THE_DISABLED,68;WB_1464_HEALTH_OF_THE_DISABLED,396;WB_1464_HEALTH_OF_THE_DISABLED,622;WB_1464_HEALTH_OF_THE_DISABLED,1063;WB_1464_HEALTH_OF_THE_DISABLED,3920;WB_621_HEALTH_NUTRITION_AND_POPULATION,68;WB_621_HEALTH_NUTRITION_AND_POPULATION,396;WB_621_HEALTH_NUTRITION_AND_POPULATION,622;WB_621_HEALTH_NUTRITION_AND_POPULATION,1063;WB_621_HEALTH_NUTRITION_AND_POPULATION,3920;TAX_DISEASE_AUTISM,954;WB_1156_MONITORING_AND_EVALUATION_SYSTEMS,2697;WB_695_POVERTY,2697;WB_706_EVIDENCE_BASED_POLICY,2697;CRISISLEX_C03_WELLBEING_HEALTH,3638;CRISISLEX_C03_WELLBEING_HEALTH,3692;TAX_FNCACT_EMPLOYEE,15;TAX_FNCACT_EMPLOYEE,313;TAX_FNCACT_EMPLOYEE,783;TAX_DISEASE_AUTISM_SPECTRUM_DISORDER,972;WB_1636_DISABILITY_ALLOWANCE,3730;WB_1466_SOCIAL_ASSISTANCE,3730;WB_1624_SOCIAL_PENSIONS,3730;WB_697_SOCIAL_PROTECTION_AND_LABOR,3730;UNGP_SUPPORT_FOR_PEOPLE_WHO_CANT_WORK,3730;		2#Indiana, United States#US#USIN##39.8647#-86.2604#IN#101;2#Indiana, United States#US#USIN##39.8647#-86.2604#IN#567;2#Indiana, United States#US#USIN##39.8647#-86.2604#IN#754;1#Americans#US#US##39.828175#-98.5795#US#604;1#Americans#US#US##39.828175#-98.5795#US#3902;3#Fort Wayne, Indiana, United States#US#USIN#IN003#41.1306#-85.1289#434689#251					-4.79134466769706,2.78207109737249,7.57341576506955,10.355486862442,24.5749613601236,0,565			https://cdn.insideindianabusiness.com/wp-content/uploads/2023/04/Amazon-Fort-Wayne-FW6-Exterior-2.jpg								<PAGE_LINKS>https://www.insideindianabusiness.com/authors/maura-johnson</PAGE_LINKS><PAGE_TITLE>Amazon employee sues company for failure to accommodate disabilities &#x2013; Inside INdiana Business</PAGE_TITLE>
	20260908233000		freepressjournal.in	https://www.freepressjournal.in/mumbai/maharashtra-plans-annual-police-recruitment-calendar-to-make-hiring-process-transparent-and-time-bound				RECRUITMENT,138;RECRUITMENT,171;RECRUITMENT,285;RECRUITMENT,344;RECRUITMENT,426;RECRUITMENT,546;RECRUITMENT,848;RECRUITMENT,974;RECRUITMENT,1230;RECRUITMENT,1811;RECRUITMENT,1869;RECRUITMENT,2138;TAX_FNCACT_MINISTER,20;							1.95439739413681,2.93159609120521,0.977198697068404,3.90879478827362,21.8241042345277,0,284			https://media.assettype.com/freepressjournal/2026-09-08/usjx07vt/%E0%A4%AE%E0%A4%82%E0%A4%A4%E0%A5%8D%E0%A4%B0%E0%A4%BE%E0%A4%B2%E0%A4%AF%E0%A4%BE%E0%A4%A4-%E0%A4%B0%E0%A4%BE%E0%A4%9C%E0%A5%8D%E0%A4%AF%E0%A4%AE%E0%A4%82%E0%A4%A4%E0%A5%8D%E0%A4%B0%E0%A5%80-%E0%A4%AF%E0%A5%8B%E0%A4%97%E0%A5%87%E0%A4%B6-%E0%A4%95%E0%A4%A6%E0%A4%AE-%E0%A4%AF%E0%A4%BE%E0%A4%82%E0%A4%9A%E0%A5%8D%E0%A4%AF%E0%A4%BE-%E0%A4%85%E0%A4%A7%E0%A5%8D%E0%A4%AF%E0%A4%95%E0%A5%8D%E0%A4%B7%E0%A4%A4%E0%A5%87%E0%A4%96%E0%A4%BE%E0%A4%B2%E0%A5%80-%E0%A4%AC%E0%A5%88%E0%A4%A0%E0%A4%95-2.jpeg								<PAGE_PRECISEPUBTIMESTAMP>20260908225300</PAGE_PRECISEPUBTIMESTAMP><PAGE_ALTURL_AMP>https://www.freepressjournal.in/amp/mumbai/maharashtra-plans-annual-police-recruitment-calendar-to-make-hiring-process-transparent-and-time-bound</PAGE_ALTURL_AMP><PAGE_TITLE>Maharashtra Plans Annual Police Recruitment Calendar To Make Hiring Process Transparent And Time-Bound</PAGE_TITLE>
	20260908233000		vikings.com	https://www.vikings.com/news/moms-players-raise-the-barr-back-to-school-gifting-2026						3#Dallas, Texas, United States#US#USTX#TX113#32.7831#-96.8067#1380944#1518;1#Jordan#JO#JO##31#36#JO#1549;2#Minnesota, United States#US#USMN##45.7326#-93.9196#MN#1373					3.20284697508897,4.98220640569395,1.77935943060498,6.76156583629893,18.8612099644128,0,242			https://static.clubs.nfl.com/image/upload/t_editorial_landscape_12_desktop/vikings/eygnlgafgnmhobyyirzm								<PAGE_LINKS>https://www.raisethebarr.org/</PAGE_LINKS><PAGE_PRECISEPUBTIMESTAMP>20260908201400</PAGE_PRECISEPUBTIMESTAMP><PAGE_TITLE>Vikings Moms & Sons Support Raise the Barr Families with 2026 Back-to-School Gifting</PAGE_TITLE>
	20260908233000		local21news.com	https://local21news.com/news/nation-world/midterm-gop-convention-trump-thune-rnc-nrcc-dallas-texas-republican-congress-election				TAX_POLITICAL_PARTY_REPUBLICAN,232;TAX_POLITICAL_PARTY_REPUBLICAN,574;TAX_POLITICAL_PARTY_REPUBLICAN,863;TAX_POLITICAL_PARTY_REPUBLICAN,3252;TAX_POLITICAL_PARTY_REPUBLICAN,3453;USPEC_POLICY1,1104;EPU_POLICY_POLICY,1104;TAX_ETHNICITY_AMERICANS,330;TAX_FNCACT_VICE_PRESIDENT,648;TAX_POLITICAL_PARTY_DEMOCRATS,2057;TAX_POLITICAL_PARTY_DEMOCRATS,2177;TAX_POLITICAL_PARTY_DEMOCRATS,2412;TAX_POLITICAL_PARTY_DEMOCRATS,3078;EPU_POLICY_POLITICAL,1792;EPU_POLICY_POLITICAL,1901;EPU_POLICY_POLITICAL,3536;TAX_WORLDLANGUAGES_KANSAS,2852;TAX_FNCACT_POLITICO,1655;TAX_WORLDMAMMALS_HUMAN,753;GENERAL_HEALTH,745;MEDICAL,745;ARMEDCONFLICT,1084;TAX_FNCACT_SENATORS,872;TAX_FNCACT_CANDIDATES,147;TAX_FNCACT_CANDIDATES,1465;TAX_FNCACT_CANDIDATES,1482;LEADER,532;LEADER,623;LEADER,648;LEADER,2297;TAX_FNCACT_PRESIDENT,532;TAX_FNCACT_PRESIDENT,623;TAX_FNCACT_PRESIDENT,648;TAX_FNCACT_PRESIDENT,2297;TAX_POLITICAL_PARTY_REPUBLICANS,80;TAX_POLITICAL_PARTY_REPUBLICANS,2091;TAX_POLITICAL_PARTY_REPUBLICANS,2530;TAX_POLITICAL_PARTY_REPUBLICANS,2727;TAX_POLITICAL_PARTY_REPUBLICANS,3144;USPEC_POLITICS_GENERAL1,80;USPEC_POLITICS_GENERAL1,2091;USPEC_POLITICS_GENERAL1,2530;USPEC_POLITICS_GENERAL1,2727;USPEC_POLITICS_GENERAL1,3144;CRISISLEX_CRISISLEXREC,3300;TRIAL,702;TAX_FNCACT_ATTORNEY,702;EPU_POLICY_CONGRESSIONAL,1454;EPU_POLICY_CONGRESSIONAL,3266;WB_696_PUBLIC_SECTOR_MANAGEMENT,667;WB_713_PUBLIC_FINANCE,667;WB_1045_TREASURY,667;TAX_FNCACT_MAJORITY_LEADER,984;TAX_FNCACT_POLITICIANS,3366;GENERAL_GOVERNMENT,2542;EPU_POLICY_CONGRESS,2542;TAX_FNCACT_LEADERS,309;TAX_ECON_PRICE,1988;EPU_UNCERTAINTY,1804;MEDIA_MSM,2936;ELECTION,379;TAX_FNCACT_LEADER,984;EPU_CATS_NATIONAL_SECURITY,2016;ECON_COST_OF_LIVING,1998;TAX_FNCACT_MARSHALL,2872;WB_2670_JOBS,1908;WB_2048_COMPENSATION_CAREERS_AND_INCENTIVES,1908;WB_723_PUBLIC_ADMINISTRATION,1908;WB_724_HUMAN_RESOURCES_FOR_PUBLIC_SECTOR,1908;TAX_FNCACT_SECRETARY,677;TAX_FNCACT_SECRETARY,735;TAX_FNCACT_SUPPORTERS,3575;TAX_FNCACT_REPRESENTATIVES,890;		1#Iran#IR#IR##32#53#IR#2026;1#Americans#US#US##39.828175#-98.5795#US#330;3#Washington, Washington, United States#US#USDC#DC001#38.8951#-77.0364#531871#10;2#Michigan, United States#US#USMI##43.3504#-84.5603#MI#1617;2#Kansas, United States#US#USKS##38.5111#-96.8005#KS#2852;2#Texas, United States#US#USTX##31.106#-97.6475#TX#1233;3#Dallas, Texas, United States#US#USTX#TX113#32.7831#-96.8067#1380944#116;3#Dallas, Texas, United States#US#USTX#TX113#32.7831#-96.8067#1380944#3187					0.174825174825175,2.62237762237762,2.44755244755245,5.06993006993007,23.6013986013986,0.34965034965035,537			https://local21news.com/resources/media2/16x9/5651/1320/0x381/90/50bd07ab-4510-48d6-909f-1b3f8527eacd-GettyImages2294183284.jpg								<PAGE_PRECISEPUBTIMESTAMP>20260908221000</PAGE_PRECISEPUBTIMESTAMP><PAGE_TITLE>Midterm GOP convention set to focus on Trump amid campaign tensions</PAGE_TITLE>
	20260908233000		local21news.com	https://local21news.com/news/nation-world/oil-group-says-global-supply-shocks-us-refinery-limits-are-both-driving-pump-pain-gulf-coast-venezuela-strait-hormuz				TAX_FNCACT_SUPPORTERS,1953;WB_539_OIL_AND_GAS_POLICY_STRATEGY_AND_INSTITUTIONS,1560;WB_539_OIL_AND_GAS_POLICY_STRATEGY_AND_INSTITUTIONS,1668;WB_539_OIL_AND_GAS_POLICY_STRATEGY_AND_INSTITUTIONS,2169;WB_539_OIL_AND_GAS_POLICY_STRATEGY_AND_INSTITUTIONS,2442;WB_507_ENERGY_AND_EXTRACTIVES,1560;WB_507_ENERGY_AND_EXTRACTIVES,1668;WB_507_ENERGY_AND_EXTRACTIVES,2169;WB_507_ENERGY_AND_EXTRACTIVES,2442;WB_548_PPP_IN_OIL_AND_GAS,1560;WB_548_PPP_IN_OIL_AND_GAS,1668;WB_548_PPP_IN_OIL_AND_GAS,2169;WB_548_PPP_IN_OIL_AND_GAS,2442;WB_2298_REFINERIES,1560;WB_2298_REFINERIES,1668;WB_2298_REFINERIES,2169;WB_2298_REFINERIES,2442;ECON_GASOLINEPRICE,1222;ECON_HEATINGOIL,1222;TAX_ETHNICITY_AMERICAN,3820;TAX_ETHNICITY_AMERICAN,3870;ARMEDCONFLICT,249;ARMEDCONFLICT,331;ARMEDCONFLICT,629;ARMEDCONFLICT,1037;ARMEDCONFLICT,3094;ARMEDCONFLICT,3205;ARMEDCONFLICT,3297;EPU_CATS_NATIONAL_SECURITY,249;EPU_CATS_NATIONAL_SECURITY,331;EPU_CATS_NATIONAL_SECURITY,629;EPU_CATS_NATIONAL_SECURITY,1037;EPU_CATS_NATIONAL_SECURITY,3094;EPU_CATS_NATIONAL_SECURITY,3205;EPU_CATS_NATIONAL_SECURITY,3297;FUELPRICES,1396;FUELPRICES,3063;ECON_INFLATION,3465;WB_1104_MACROECONOMIC_VULNERABILITY_AND_DEBT,3465;WB_442_INFLATION,3465;TAX_FNCACT_DRIVERS,46;ECON_OILPRICE,3155;ECON_OILPRICE,3537;ECON_OILPRICE,3703;TAX_FNCACT_CHIEF,2813;ECON_DIESELPRICE,162;ECON_DIESELPRICE,534;ECON_DIESELPRICE,832;ECON_DIESELPRICE,1238;ECON_DIESELPRICE,2213;ECON_DIESELPRICE,2480;ECON_DIESELPRICE,3899;TAX_FNCACT_WORKERS,589;TAX_FNCACT_WORKERS,887;TAX_FNCACT_WORKERS,3838;CRISISLEX_T11_UPDATESSYMPATHY,3363;TAX_ECON_PRICE,162;TAX_ECON_PRICE,534;TAX_ECON_PRICE,832;TAX_ECON_PRICE,1010;TAX_ECON_PRICE,1222;TAX_ECON_PRICE,1238;TAX_ECON_PRICE,1396;TAX_ECON_PRICE,2213;TAX_ECON_PRICE,2480;TAX_ECON_PRICE,3063;TAX_ECON_PRICE,3155;TAX_ECON_PRICE,3537;TAX_ECON_PRICE,3703;TAX_ECON_PRICE,3899;TAX_MILITARY_TITLE_CHIEF_OF_STAFF,2822;TAX_FNCACT_CHIEF_OF_STAFF,2822;TRAFFIC,348;TRAFFIC,646;TAX_FNCACT_DEPUTY,2807;ENV_OIL,434;ENV_OIL,575;ENV_OIL,732;ENV_OIL,873;ENV_OIL,1925;ENV_OIL,2082;ENV_OIL,2362;ENV_OIL,3148;ENV_OIL,3530;ENV_OIL,3606;ENV_OIL,3696;ENV_OIL,3824;TAX_FNCACT_SECRETARIES,2300;LEADER,564;LEADER,862;LEADER,2238;LEADER,2261;LEADER,2787;LEADER,3373;TAX_FNCACT_PRESIDENT,564;TAX_FNCACT_PRESIDENT,862;TAX_FNCACT_PRESIDENT,2238;TAX_FNCACT_PRESIDENT,2261;TAX_FNCACT_PRESIDENT,2787;TAX_FNCACT_PRESIDENT,3373;USPEC_POLITICS_GENERAL1,564;USPEC_POLITICS_GENERAL1,862;USPEC_POLITICS_GENERAL1,2238;USPEC_POLITICS_GENERAL1,2261;USPEC_POLITICS_GENERAL1,2787;USPEC_POLITICS_GENERAL1,3373;MARITIME,340;MARITIME,638;EPU_CATS_MIGRATION_FEAR_FEAR,3554;TAX_ETHNICITY_VENEZUELAN,1921;TAX_ETHNICITY_VENEZUELAN,2571;EPU_ECONOMY_HISTORIC,3571;EPU_ECONOMY_HISTORIC,3621;TAX_ETHNICITY_AMERICANS,2498;TAX_FNCACT_VICE_PRESIDENT,2261;		1#Americans#US#US##39.828175#-98.5795#US#2498;1#Iran#IR#IR##32#53#IR#245;1#Iran#IR#IR##32#53#IR#327;1#Iran#IR#IR##32#53#IR#625;1#Iran#IR#IR##32#53#IR#1033;1#Iran#IR#IR##32#53#IR#3090;1#Iran#IR#IR##32#53#IR#3215;1#Iran#IR#IR##32#53#IR#3293;1#Iran#IR#IR##32#53#IR#3409;3#Washington, Washington, United States#US#USDC#DC001#38.8951#-77.0364#531871#10;3#Washington, Washington, United States#US#USDC#DC001#38.8951#-77.0364#531871#1874;3#Washington, Washington, United States#US#USDC#DC001#38.8951#-77.0364#531871#3337;1#Venezuelan#VE#VE##8#-66#VE#1921;1#Venezuelan#VE#VE##8#-66#VE#2571;1#Venezuela#VE#VE##8#-66#VE#2078;1#Venezuela#VE#VE##8#-66#VE#2358;1#American#US#US##39.828175#-98.5795#US#3820;1#American#US#US##39.828175#-98.5795#US#3870;1#United States#US#US##39.828175#-98.5795#US#25;1#United States#US#US##39.828175#-98.5795#US#1264;1#United States#US#US##39.828175#-98.5795#US#1828;1#United States#US#US##39.828175#-98.5795#US#1889;1#United States#US#US##39.828175#-98.5795#US#3352					-2.8023598820059,1.91740412979351,4.71976401179941,6.63716814159292,24.6312684365782,1.32743362831858,631			https://local21news.com/resources/media2/16x9/6987/1320/0x365/90/300cc948-1957-4e45-a8d3-845c9dd67d73-GettyImages2293564552.jpg								<PAGE_PRECISEPUBTIMESTAMP>20260908224300</PAGE_PRECISEPUBTIMESTAMP><PAGE_TITLE>Oil group says global supply shocks & US refinery limits are both driving pump pain</PAGE_TITLE>
	20260908233000		perthnow.com.au	https://www.perthnow.com.au/entertainment/quarter-of-men-secretly-enjoy-romance-films-c-22843086				TAX_FNCACT_MAID,2681;TAX_FNCACT_WEDDING_PLANNER,2392;TAX_FNCACT_WOMAN,659;TAX_FNCACT_WOMAN,1531;GEN_HOLIDAY,2009;TAX_FNCACT_WOMEN,2225;		1#British#UK#UK##54#-4#UK#324;4#New Moon, Queensland, Australia#AS#AS04#40197#-19.2#145.767#11457996#1051;4#New Moon, Queensland, Australia#AS#AS04#40197#-19.2#145.767#11457996#1770;1#United Kingdom#UK#UK##54#-4#UK#963;3#Manhattan, New York, United States#US#USNY#NY061#40.7834#-73.9662#971945#2694;4#Notting Hill, Victoria, Australia#AS#AS07#5401#-37.9#145.117#-1592355#798;4#Notting Hill, Victoria, Australia#AS#AS07#5401#-37.9#145.117#-1592355#1644					2.02429149797571,3.4412955465587,1.417004048583,4.8582995951417,17.6113360323887,0.202429149797571,471			https://images.perthnow.com.au/publication/C-22843086/d6a5a6e300f10a371376782b5320270a51dac5cb-16x9-x0y0w1280h720.jpg?imwidth=1200								<PAGE_PRECISEPUBTIMESTAMP>20260908185500</PAGE_PRECISEPUBTIMESTAMP><PAGE_TITLE>Quarter of men "secretly enjoy" romance films</PAGE_TITLE>
	20260908233000		arabnews.com	https://www.arabnews.com/world/as-new-session-opens-at-un-outgoing-and-incoming-leaders-warn-it-will-erode-without-reform-3000994				KILL,4694;KILL,5048;CRISISLEX_T03_DEAD,4694;CRISISLEX_T03_DEAD,5048;ENV_CLIMATECHANGE,3536;WB_567_CLIMATE_CHANGE,3536;CRISISLEX_CRISISLEXREC,3536;LEADER,1257;TAX_FNCACT_PRESIDENT,1257;USPEC_POLITICS_GENERAL1,1257;TAX_FNCACT_INVESTIGATOR,4808;TAX_FNCACT_OFFICIALS,1185;SELF_IDENTIFIED_HUMAN_RIGHTS,3640;WB_2203_HUMAN_RIGHTS,3640;UNGP_CRIME_VIOLENCE,3640;ARMEDCONFLICT,431;WB_2433_CONFLICT_AND_VIOLENCE,431;WB_2432_FRAGILITY_CONFLICT_AND_VIOLENCE,431;WB_2462_POLITICAL_VIOLENCE_AND_WAR,431;EDUCATION,2247;SOC_POINTSOFINTEREST_COLLEGE,2247;WB_696_PUBLIC_SECTOR_MANAGEMENT,563;WB_696_PUBLIC_SECTOR_MANAGEMENT,1810;WB_696_PUBLIC_SECTOR_MANAGEMENT,3941;WB_831_GOVERNANCE,563;WB_831_GOVERNANCE,1810;WB_831_GOVERNANCE,3941;TAKE_OFFICE,2777;TAX_ETHNICITY_ROHINGYA,3918;AVIATION_INCIDENT,4762;MANMADE_DISASTER_PLANE_CRASH,4762;UNGP_FORESTS_RIVERS_OCEANS,491;UNGP_FORESTS_RIVERS_OCEANS,3494;UNGP_FORESTS_RIVERS_OCEANS,3529;TAX_FNCACT_WOMEN,4485;TAX_FNCACT_WOMEN,5133;TAX_WORLDMAMMALS_HUMAN,573;TAX_WORLDMAMMALS_HUMAN,3633;MANMADE_DISASTER_IMPLIED,4756;MEDIA_MSM,2817;VETO,1571;USPEC_UNCERTAINTY1,1571;NEGOTIATIONS,1701;EPU_POLICY_REFORM,221;EPU_POLICY_REFORM,941;EPU_POLICY_REFORM,1039;EPU_POLICY_REFORM,2132;USPEC_POLICY1,3109;EPU_POLICY_DEFICIT,3109;WB_2024_ANTI_CORRUPTION_AUTHORITIES,3359;WB_832_ANTI_CORRUPTION,3359;WB_2026_PREVENTION,3359;UNGP_CLIMATE_CHANGE_ACTION,3505;DISCRIMINATION,3727;DISCRIMINATION_RACE_RACISM,3727;UNGP_FREEDOM_FROM_DISCRIMINATION,3727;EPU_ECONOMY_HISTORIC,1351;TAX_FNCACT_CHIEF,363;CRISISLEX_C07_SAFETY,4328;WB_476_GREEN_GROWTH,3405;WB_471_ECONOMIC_GROWTH,3405;WB_1100_SUSTAINABLE_GROWTH,3405;AFFECT,3909;DISPLACED,3909;WB_838_PUBLIC_ACCOUNTABILITY_MECHANISMS,4107;NATURAL_DISASTER_EROSION,243;		1#Bangladesh#BG#BG##24#90#BG#2800;1#Bangladesh#BG#BG##24#90#BG#3881;1#Zambia#ZA#ZA##-15#30#ZA#4929;4#Durban, Kwazulu-Natal, South Africa#SF#SF02#77363#-29.85#31.0167#-1224926#3684					-2.59128386336867,3.2979976442874,5.88928150765607,9.18727915194346,18.9634864546525,0.706713780918728,773			https://assets.maestronewsroom.com/media/30f6532d-717b-4366-9158-9c455299fcd9/1788908314554-ba91478ac7aec85e.jpg								<PAGE_PRECISEPUBTIMESTAMP>20260908225900</PAGE_PRECISEPUBTIMESTAMP><PAGE_TITLE>Arab News | As new session opens at UN, outgoing and incoming leaders warn it will erode without reform</PAGE_TITLE>
	20260908233000		mynbc5.com	https://www.mynbc5.com/article/supreme-court-rejects-missouri-request-congressional-map/73645758				TAX_WORLDLANGUAGES_KANSAS,2905;TAX_WORLDLANGUAGES_KANSAS,2944;TAX_FNCACT_CITIZEN,1863;TAX_FNCACT_SECRETARY_OF_STATE,3458;ELECTION,338;ELECTION,742;ELECTION,1280;ELECTION,1361;ELECTION,1626;TAX_POLITICAL_PARTY_REPUBLICAN,919;TAX_POLITICAL_PARTY_REPUBLICAN,2229;TAX_POLITICAL_PARTY_REPUBLICAN,2576;TAX_POLITICAL_PARTY_REPUBLICAN,3084;TAX_POLITICAL_PARTY_REPUBLICAN,3185;TAX_POLITICAL_PARTY_REPUBLICAN,3439;TAX_POLITICAL_PARTY_REPUBLICAN,5070;TAX_POLITICAL_PARTY_DEMOCRATS,2527;TAX_POLITICAL_PARTY_DEMOCRATS,4696;USPEC_POLITICS_GENERAL1,303;USPEC_POLITICS_GENERAL1,1558;USPEC_POLITICS_GENERAL1,2735;USPEC_POLITICS_GENERAL1,2835;USPEC_POLITICS_GENERAL1,3651;USPEC_POLITICS_GENERAL1,4140;USPEC_POLITICS_GENERAL1,4291;USPEC_POLITICS_GENERAL1,4439;USPEC_POLITICS_GENERAL1,4971;EPU_POLICY_CONGRESSIONAL,303;EPU_POLICY_CONGRESSIONAL,1558;EPU_POLICY_CONGRESSIONAL,2735;EPU_POLICY_CONGRESSIONAL,2835;EPU_POLICY_CONGRESSIONAL,3651;EPU_POLICY_CONGRESSIONAL,4140;EPU_POLICY_CONGRESSIONAL,4291;EPU_POLICY_CONGRESSIONAL,4439;EPU_POLICY_CONGRESSIONAL,4971;TAX_FNCACT_JUDGE,13;TAX_FNCACT_JUDGE,217;TAX_FNCACT_JUDGE,1033;TRIAL,928;TRIAL,2244;TAX_FNCACT_ATTORNEY,928;TAX_FNCACT_ATTORNEY,2244;CRISISLEX_C04_LOGISTICS_TRANSPORT,1850;WB_678_DIGITAL_GOVERNMENT,2340;WB_2943_SWITCHES,2340;WB_667_ICT_INFRASTRUCTURE,2340;WB_672_NETWORK_MANAGEMENT,2340;WB_133_INFORMATION_AND_COMMUNICATION_TECHNOLOGIES,2340;LEADER,704;LEADER,1588;LEADER,4929;TAX_FNCACT_PRESIDENT,704;TAX_FNCACT_PRESIDENT,1588;TAX_FNCACT_PRESIDENT,4929;CONSTITUTIONAL,3608;CONSTITUTIONAL,4066;TAX_FNCACT_CANDIDATES,5081;BAN,1096;TAX_POLITICAL_PARTY_REPUBLICANS,1176;TAX_POLITICAL_PARTY_REPUBLICANS,1653;TAX_POLITICAL_PARTY_REPUBLICANS,1950;TAX_POLITICAL_PARTY_REPUBLICANS,2016;TAX_POLITICAL_PARTY_REPUBLICANS,2513;TAX_POLITICAL_PARTY_REPUBLICANS,3003;TAX_POLITICAL_PARTY_REPUBLICANS,4504;TAX_POLITICAL_PARTY_REPUBLICANS,4914;TAX_FNCACT_OFFICIALS,1290;TAX_FNCACT_OFFICIALS,1522;TAX_FNCACT_OFFICIALS,2592;WB_696_PUBLIC_SECTOR_MANAGEMENT,1747;WB_840_JUSTICE,1747;USPEC_POLICY1,4317;EPU_POLICY_LEGISLATION,4317;CRISISLEX_CRISISLEXREC,1408;LEGISLATION,3896;EPU_POLICY_LAW,3896;TAX_FNCACT_SECRETARY,3449;RURAL,3073;ARMEDCONFLICT,435;ARMEDCONFLICT,516;ARMEDCONFLICT,1987;ARMEDCONFLICT,5115;TAX_FNCACT_CITIZENS,759;TAX_ETHNICITY_AMERICAN,3361;UNGP_FORESTS_RIVERS_OCEANS,483;		2#Missouri, United States#US#USMO##38.4623#-92.302#MO#41;2#Missouri, United States#US#USMO##38.4623#-92.302#MO#229;2#Missouri, United States#US#USMO##38.4623#-92.302#MO#495;2#Missouri, United States#US#USMO##38.4623#-92.302#MO#623;2#Missouri, United States#US#USMO##38.4623#-92.302#MO#908;2#Missouri, United States#US#USMO##38.4623#-92.302#MO#984;2#Missouri, United States#US#USMO##38.4623#-92.302#MO#1105;2#Missouri, United States#US#USMO##38.4623#-92.302#MO#1512;2#Missouri, United States#US#USMO##38.4623#-92.302#MO#1780;2#Missouri, United States#US#USMO##38.4623#-92.302#MO#2048;2#Missouri, United States#US#USMO##38.4623#-92.302#MO#2112;2#Missouri, United States#US#USMO##38.4623#-92.302#MO#2453;2#Missouri, United States#US#USMO##38.4623#-92.302#MO#2639;2#Missouri, United States#US#USMO##38.4623#-92.302#MO#3595;2#Missouri, United States#US#USMO##38.4623#-92.302#MO#4053;2#Missouri, United States#US#USMO##38.4623#-92.302#MO#4329;2#Missouri, United States#US#USMO##38.4623#-92.302#MO#4617;2#Tennessee, United States#US#USTN##35.7449#-86.7489#TN#4663;2#North Carolina, United States#US#USNC##35.6411#-79.8431#NC#4634;2#Florida, United States#US#USFL##27.8333#-81.717#FL#4651;2#Ohio, United States#US#USOH##40.3736#-82.7755#OH#4641;2#Louisiana, United States#US#USLA##31.1801#-91.8749#LA#4675;2#Texas, United States#US#USTX##31.106#-97.6475#TX#4378;2#Texas, United States#US#USTX##31.106#-97.6475#TX#4606;1#American#US#US##39.828175#-98.5795#US#3361;2#Utah, United States#US#USUT##40.1135#-111.854#UT#4829;2#Alabama, United States#US#USAL##32.799#-86.8073#AL#4685;2#California, United States#US#USCA##36.17#-119.746#CA#4822					-1.09622411693057,2.67965895249695,3.77588306942753,6.45554202192448,23.3861144945189,0,755			https://kubrick.htvapps.com/htv-prod/images/89761133-cbeb-46d5-bda9-4908d852a2d5.jpg?crop=1.00xw%3A0.846xh%3B0%2C0.0865xh								<PAGE_TITLE>SCOTUS rejects Missouri's request to use congressional map with extra GOP seat</PAGE_TITLE>
	20260908233000		elpasoinc.com	https://www.elpasoinc.com/news/ap_wire/us-supreme-court-wont-intervene-in-legal-fight-over-missouris-new-trump-backed-congressional-map/article_e2c40381-a09b-598e-8e37-1f39361ffcc3.html				USPEC_POLITICS_GENERAL1,124;EPU_POLICY_CONGRESSIONAL,124;		2#Missouri, United States#US#USMO##38.4623#-92.302#MO#94;3#Washington, Washington, United States#US#USDC#DC001#38.8951#-77.0364#531871#10					-5,5,10,15,30,5,17			https://bloximages.newyork1.vip.townnews.com/elpasoinc.com/content/tncms/custom/image/d1748eca-2ab1-11e7-b238-e3e4ea30cc77.jpg								<PAGE_AUTHORS>AP</PAGE_AUTHORS><PAGE_PRECISEPUBTIMESTAMP>20260908214000</PAGE_PRECISEPUBTIMESTAMP><PAGE_TITLE>US Supreme Court won't intervene in legal fight over Missouri's new Trump-backed congressional map</PAGE_TITLE>
	20260908233000		bleedingcool.com	https://bleedingcool.com/collectibles/rsvlts-reaches-the-final-frontier-with-first-ever-star-trek-collection/				TAX_WORLDREPTILES_LIZARDS,2576;TAX_FNCACT_CREW_MEMBERS,3060;TAX_FNCACT_WOMEN,1349;TAX_FNCACT_WOMEN,4451;CRISISLEX_CRISISLEXREC,422;CRISISLEX_CRISISLEXREC,641;CRISISLEX_CRISISLEXREC,743;CRISISLEX_CRISISLEXREC,1472;CRISISLEX_CRISISLEXREC,3245;CRISISLEX_CRISISLEXREC,4317;							6.67539267015707,7.72251308900524,1.04712041884817,8.7696335078534,23.6910994764398,1.04712041884817,618			https://bleedingcool.com/wp-content/uploads/2026/09/Paramount-Star-Trek-Collection-009-1-2000x1125.jpg								<PAGE_LINKS>https://bleedingcool.com/collectibles/;https://bleedingcool.com/collectibles/rsvlts/;https://bleedingcool.com/tag/rsvlts/;https://bleedingcool.com/tag/star-trek/;https://www.rsvlts.com</PAGE_LINKS><PAGE_TITLE>RSVLTS Reaches The Final Frontier with First-Ever Star Trek Collection</PAGE_TITLE>
	20260908233000		paisano-online.com	https://paisano-online.com/53532/opinion/commentary/ai-meta-glasses-in-lectures-are-classless/				LEGISLATION,608;EPU_POLICY_LAW,608;SURVEILLANCE,1410;TAX_FNCACT_STUDENT,2031;TAX_ECON_PRICE,2264;TAX_ECON_PRICE,2630;TAX_FNCACT_ASSISTANT,392;TRIAL,583;EPU_ECONOMY_HISTORIC,982;WB_290_TELECOMMUNICATIONS_ORGANIZATIONAL_DESIGN,988;WB_288_TELECOMMUNICATIONS_SECTOR_POLICY_AND_REGULATION,988;WB_286_TELECOMMUNICATIONS_AND_BROADBAND_ACCESS,988;WB_133_INFORMATION_AND_COMMUNICATION_TECHNOLOGIES,988;UNGP_FORESTS_RIVERS_OCEANS,2689;							-1.74672489082969,3.49344978165939,5.24017467248908,8.73362445414847,22.0524017467249,0,435			https://paisano-online.com/wp-content/uploads/2026/09/TRE-TORRES5.png								<PAGE_LINKS>https://fortune.com/2026/09/04/meta-perv-glasses-ai-lawsuit/;https://paisano-online.com/staff_name/tre-torres/;https://www.cbsnews.com/news/meta-ai-smart-glasses-covert-filming-privacy/;https://www.meta.com/ai-glasses/;https://www.meta.com/ai-glasses/meta-glasses/kylie-jenner/;https://www.meta.com/ai-glasses/shop-all/;https://www.pcmag.com/news/modders-can-remove-the-recording-light-from-metas-smart-glasses-for-a-price</PAGE_LINKS><PAGE_AUTHORS>Teresa Shields</PAGE_AUTHORS><PAGE_TITLE>AI Meta glasses in lectures are classless</PAGE_TITLE>
	20260908233000		greeleytribune.com	https://www.greeleytribune.com/2026/09/08/dc-guard-arrest/				SECURITY_SERVICES,92;SECURITY_SERVICES,1162;SECURITY_SERVICES,1355;SECURITY_SERVICES,1548;SOC_USSECURITYAGENCIES,92;SOC_USSECURITYAGENCIES,1162;SOC_USSECURITYAGENCIES,1355;SOC_USSECURITYAGENCIES,1548;TAX_POLITICAL_PARTY_REPUBLICAN,1746;TAX_DISEASE_EMERGENCIES,2354;TAX_MILITARY_TITLE_SOLDIER,1285;TAX_FNCACT_SOLDIER,1285;ARREST,223;ARREST,347;ARREST,1217;CRISISLEX_C07_SAFETY,223;CRISISLEX_C07_SAFETY,347;CRISISLEX_C07_SAFETY,1217;GENERAL_HEALTH,2342;MEDICAL,2342;CRISISLEX_C03_WELLBEING_HEALTH,2342;TAX_WEAPONS_FIREARMS,1171;WB_696_PUBLIC_SECTOR_MANAGEMENT,1628;WB_840_JUSTICE,1628;WB_1920_FINANCIAL_SECTOR_DEVELOPMENT,1628;WB_328_FINANCIAL_INTEGRITY,1628;WB_1014_CRIMINAL_JUSTICE,1628;WB_2082_LAW_ENFORCEMENT,1628;LEADER,160;TAX_FNCACT_PRESIDENT,160;USPEC_POLITICS_GENERAL1,160;UNGP_CRIME_VIOLENCE,389;TAX_MILITARY_TITLE_OFFICER,1101;TAX_FNCACT_OFFICER,1101;USPEC_POLICY1,301;EPU_POLICY_REGULATION,301;EPU_CATS_REGULATION,301;SOC_GENERALCRIME,205;SOC_GENERALCRIME,464;SOC_GENERALCRIME,494;SOC_GENERALCRIME,1520;EPU_CATS_MIGRATION_FEAR_FEAR,205;EPU_CATS_MIGRATION_FEAR_FEAR,464;EPU_CATS_MIGRATION_FEAR_FEAR,494;EPU_CATS_MIGRATION_FEAR_FEAR,1520;TAX_MILITARY_TITLE_OFFICERS,1637;TAX_FNCACT_OFFICERS,1637;CRISISLEX_CRISISLEXREC,685;TAX_FNCACT_GOVERNORS,1756;TAX_FNCACT_TROOPS,603;TAX_FNCACT_TROOPS,2232;TAX_FNCACT_POLICE,653;TAX_FNCACT_POLICE,1703;TAX_FNCACT_POLICE,2400;CURFEW,2433;WB_2433_CONFLICT_AND_VIOLENCE,476;WB_2432_FRAGILITY_CONFLICT_AND_VIOLENCE,476;TRIAL,381;MILITARY,827;CRISISLEX_O02_RESPONSEAGENCIESATCRISIS,1473;TAX_WEAPONS_GUN,241;TAX_WEAPONS_GUN,1126;LEGISLATION,1616;EPU_POLICY_LAW,1616;TAX_WEAPONS_FIREARM,439;TAX_FNCACT_GUARD,92;TAX_FNCACT_GUARD,259;TAX_FNCACT_GUARD,596;TAX_FNCACT_GUARD,726;TAX_FNCACT_GUARD,978;TAX_FNCACT_GUARD,1162;TAX_FNCACT_GUARD,1355;TAX_FNCACT_GUARD,1548;TAX_FNCACT_GUARD,1786;TAX_FNCACT_GUARD,1883;TAX_FNCACT_GUARD,2308;TAX_FNCACT_GUARD,2493;		1#Puerto Rico#RQ#RQ##18.2359#-66.4838#RQ#1922;2#Georgia, United States#US#USGA##32.9866#-83.6487#GA#77;2#Georgia, United States#US#USGA##32.9866#-83.6487#GA#2070;3#Washington, Washington, United States#US#USDC#DC001#38.8951#-77.0364#531871#27;3#Washington, Washington, United States#US#USDC#DC001#38.8951#-77.0364#531871#115;3#Washington, Washington, United States#US#USDC#DC001#38.8951#-77.0364#531871#1377;3#Washington, Washington, United States#US#USDC#DC001#38.8951#-77.0364#531871#2198					-7.04225352112676,0.704225352112676,7.74647887323944,8.45070422535211,25.1173708920188,0,385			https://www.greeleytribune.com/wp-content/uploads/2026/09/APTOPIX_March_on_Washington_National_Guard__4162.jpg								<PAGE_LINKS>https://apnews.com/article/national-guard-deployment-washington-trump-crime-66e7c6ab6beccd4146f39cff514f99c8;https://apnews.com/article/national-guard-trump-washington-dc-residents-8ad81db41947836b4bab745a8eac65a8;https://apnews.com/article/trump-washington-crime-national-guard-homelessness-655bc22834223c7dc93115bbcb2b215c</PAGE_LINKS><PAGE_AUTHORS>Associated Press</PAGE_AUTHORS><PAGE_PRECISEPUBTIMESTAMP>20260908211400</PAGE_PRECISEPUBTIMESTAMP><PAGE_TITLE>National Guard crime task force member arrested in DC, accused of drawing gun on fellow Guard member</PAGE_TITLE>
	20260908233000		the42.ie	https://www.the42.ie/troy-parrott-champions-league-7156483-Sep2026/				GENERAL_GOVERNMENT,456;GENERAL_GOVERNMENT,2025;TAX_MILITARY_TITLE_CAPTAIN,3919;TAX_FNCACT_CAPTAIN,3919;TAX_ETHNICITY_FRENCH,3304;TAX_WORLDLANGUAGES_FRENCH,3304;ECON_WORLDCURRENCIES_EURO,491;TAX_FNCACT_STRIKER,623;TAX_FNCACT_CHAMPIONS,115;TAX_FNCACT_CHAMPIONS,3772;TAX_FNCACT_CHAMPIONS,4178;TAX_FNCACT_HERO,516;WB_2670_JOBS,2514;WB_696_PUBLIC_SECTOR_MANAGEMENT,2514;WB_2048_COMPENSATION_CAREERS_AND_INCENTIVES,2514;WB_723_PUBLIC_ADMINISTRATION,2514;WB_724_HUMAN_RESOURCES_FOR_PUBLIC_SECTOR,2514;		1#Spain#SP#SP##40#-4#SP#2437;1#Spain#SP#SP##40#-4#SP#3223;4#Madrid, Madrid, Spain#SP#SP29#25820#40.4#-3.68333#-390625#3216;1#Netherlands#NL#NL##52.5#5.75#NL#3010;1#Spaniards#SP#SP##40#-4#SP#244;1#Italy#IT#IT##42.833333#12.833333#IT#483;1#French#FR#FR##46#2#FR#3304;1#Republic Of Ireland#EI#EI##53#-8#EI#467;1#Republic Of Ireland#EI#EI##53#-8#EI#2036					-0.246305418719212,2.70935960591133,2.95566502463054,5.66502463054187,23.2758620689655,0.246305418719212,732			https://img2.thejournal.ie/article/7156483/river/?&version=7156521								<PAGE_AUTHORS>David Sneyd</PAGE_AUTHORS><PAGE_TITLE>Patience and precision make this a Champions League debut to remember for Troy Parrott</PAGE_TITLE>
	20260908233000		businesstimes.com.sg	https://www.businesstimes.com.sg/companies-markets/telcos-media-tech/meta-launches-ai-agent-can-access-other-apps-send-emails-make-payments				TAX_FNCACT_SPOKESPERSON,1130;MEDIA_SOCIAL,461;TAX_MILITARY_TITLE_OFFICER,3592;TAX_FNCACT_OFFICER,3592;DISABILITY,4015;TAX_FNCACT_STAFFERS,4568;TAX_FNCACT_AGENTS,4226;TAX_FNCACT_AGENT,257;TAX_FNCACT_AGENT,893;TAX_FNCACT_AGENT,981;TAX_FNCACT_AGENT,1463;TAX_FNCACT_AGENT,1707;TAX_FNCACT_AGENT,2052;TAX_FNCACT_AGENT,2239;TAX_FNCACT_AGENT,2872;TAX_FNCACT_AGENT,3405;DELAY,2354;USPEC_UNCERTAINTY1,2354;CRISISLEX_C04_LOGISTICS_TRANSPORT,2354;MANMADE_DISASTER_IMPLIED,101;TAX_FNCACT_EMPLOYEES,3091;TAX_FNCACT_ASSISTANT,54;PUBLIC_TRANSPORT,1199;TAX_FNCACT_CHIEF,3573;EPU_ECONOMY_HISTORIC,572;USPEC_POLITICS_GENERAL1,3559;CRISISLEX_O02_RESPONSEAGENCIESATCRISIS,4587;TAX_FNCACT_CHILD,3544;CRISISLEX_C07_SAFETY,3383;CRISISLEX_C07_SAFETY,4434;TAX_FNCACT_CEO,313;TAX_FNCACT_EMPLOYEE,3752;WB_678_DIGITAL_GOVERNMENT,2956;WB_670_ICT_SECURITY,2956;WB_2372_AUTHENTICATION_AND_AUTHORIZATION,2956;WB_133_INFORMATION_AND_COMMUNICATION_TECHNOLOGIES,2956;		1#Indonesia#ID#ID##-5#120#ID#3348					1.39064475347661,3.4134007585335,2.02275600505689,5.43615676359039,24.7787610619469,0.758533501896334,725			https://cassette.sphdigital.com.sg/image/businesstimes/bba7c370a90c9870557c5fe4b7f38b3f16608f670455d36ddc3361a0a0888084?&f=webp								<PAGE_LINKS>https://www.businesstimes.com.sg/keywords/asean-intelligence-2026</PAGE_LINKS><PAGE_TITLE>Meta launches AI agent that can access other apps to send emails, make payments</PAGE_TITLE>
	20260908233000		kbzk.com	https://www.kbzk.com/health/joe-biden-says-radiation-treatment-for-prostate-cancer-worked-as-intended				GENERAL_HEALTH,1039;MEDICAL,1039;TAX_DISEASE_CANCER,86;TAX_DISEASE_CANCER,722;TAX_DISEASE_CANCER,774;TAX_DISEASE_CANCER,859;TAX_DISEASE_CANCER,890;WB_1406_DISEASES,86;WB_1406_DISEASES,722;WB_1406_DISEASES,774;WB_1406_DISEASES,859;WB_1406_DISEASES,890;WB_1431_CANCER,86;WB_1431_CANCER,722;WB_1431_CANCER,774;WB_1431_CANCER,859;WB_1431_CANCER,890;WB_621_HEALTH_NUTRITION_AND_POPULATION,86;WB_621_HEALTH_NUTRITION_AND_POPULATION,722;WB_621_HEALTH_NUTRITION_AND_POPULATION,774;WB_621_HEALTH_NUTRITION_AND_POPULATION,859;WB_621_HEALTH_NUTRITION_AND_POPULATION,890;WB_1427_NON_COMMUNICABLE_DISEASE_AND_INJURY,86;WB_1427_NON_COMMUNICABLE_DISEASE_AND_INJURY,722;WB_1427_NON_COMMUNICABLE_DISEASE_AND_INJURY,774;WB_1427_NON_COMMUNICABLE_DISEASE_AND_INJURY,859;WB_1427_NON_COMMUNICABLE_DISEASE_AND_INJURY,890;TAX_FNCACT_HUNTER,746;TAX_FNCACT_HUNTER,826;TAX_DISEASE_PROSTATE_CANCER,86;TAX_DISEASE_PROSTATE_CANCER,722;CRISISLEX_CRISISLEXREC,361;ELECTION,632;TAX_DISEASE_POLYP,1192;CRISISLEX_T11_UPDATESSYMPATHY,278;TAX_FNCACT_DOCTORS,1169;CRISISLEX_C03_WELLBEING_HEALTH,1169;LEADER,16;LEADER,656;LEADER,1097;TAX_FNCACT_PRESIDENT,16;TAX_FNCACT_PRESIDENT,656;TAX_FNCACT_PRESIDENT,1097;USPEC_POLITICS_GENERAL1,16;USPEC_POLITICS_GENERAL1,656;USPEC_POLITICS_GENERAL1,1097;							-2.94117647058823,3.43137254901961,6.37254901960784,9.80392156862745,22.5490196078431,1.96078431372549,182			https://ewscripps.brightspotcdn.com/3c/97/70d9e44f44809bf8f84915ac4f10/ap26059038561942.jpg								<PAGE_LINKS>https://www.scrippsnews.com/politics/hunter-biden-says-joe-bidens-cancer-has-spread-causing-severe-pain;https://www.scrippsnews.com/us-news/former-president-joe-biden-diagnosed-with-prostate-cancer</PAGE_LINKS><PAGE_PRECISEPUBTIMESTAMP>20260908185800</PAGE_PRECISEPUBTIMESTAMP><PAGE_TITLE>Joe Biden says radiation treatment for prostate cancer 'worked as intended'</PAGE_TITLE>
	20260908233000		driving.ca	https://driving.ca:443/reviews/2026-audi-rs-3-long-term-test-review-introduction											0.992063492063492,2.97619047619048,1.98412698412698,4.96031746031746,21.8253968253968,1.38888888888889,433											<PAGE_LINKS>https://nuerburgring.de/news/back-on-track-neue-offizielle-rundenzeit-fuer-audi-rs-3</PAGE_LINKS><PAGE_TITLE>2026 Audi RS 3 Long-term Test Introduction - Reviews</PAGE_TITLE>
	20260908233000		nypost.com	https://nypost.com/2026/09/08/opinion/why-i-love-walking-in-west-la/				TAX_WORLDMAMMALS_FOX,2162;GENERAL_GOVERNMENT,2862;URBAN,2115;URBAN,2280;URBAN,4316;TAX_WORLDMAMMALS_HUMAN,4209;TAX_ETHNICITY_PERSIAN,2466;TAX_WORLDLANGUAGES_PERSIAN,2466;TAX_RELIGION_ISLAMIC,2853;TOURISM,2664;WB_825_TOURISM,2664;WB_1921_PRIVATE_SECTOR_DEVELOPMENT,2664;WB_346_COMPETITIVE_INDUSTRIES,2664;WB_818_INDUSTRY_POLICY_AND_REAL_SECTORS,2664;NATURAL_DISASTER_ICE,2898;TAX_FNCACT_CHILD,1900;TRAFFIC,803;TAX_ETHNICITY_AMERICAN,2583;TAX_FNCACT_PASTOR,3980;TAX_FNCACT_FOUNDER,4692;TAX_ETHNICITY_JAPANESE,3105;TAX_WORLDLANGUAGES_JAPANESE,3105;UNGP_FORESTS_RIVERS_OCEANS,1805;TAX_ETHNICITY_IRANIAN,2594;TAX_ETHNICITY_IRANIAN,2931;AGRICULTURE,966;TAX_FNCACT_FARMERS,966;TAX_ETHNICITY_ARAB,3001;TAX_FOODSTAPLES_RICE,2420;TAX_WORLDMAMMALS_DOG,1821;		1#American#US#US##39.828175#-98.5795#US#2583;3#Santa Monica, California, United States#US#USCA#CA037#34.0195#-118.491#1652792#1431;3#Santa Monica, California, United States#US#USCA#CA037#34.0195#-118.491#1652792#3923;3#Westwood Village, California, United States#US#USCA#CA037#34.0595#-118.444#1661677#2132;3#Westwood Village, California, United States#US#USCA#CA037#34.0595#-118.444#1661677#2297;3#West Hollywood, California, United States#US#USCA#CA037#34.09#-118.362#1652810#3714;3#West Hollywood, California, United States#US#USCA#CA037#34.09#-118.362#1652810#3792;3#West Hollywood, California, United States#US#USCA#CA037#34.09#-118.362#1652810#4789;3#Culver City, California, United States#US#USCA#CA037#34.0211#-118.396#1652695#4328;3#Culver City, California, United States#US#USCA#CA037#34.0211#-118.396#1652695#4571;4#Tokyo, Tokyo, Japan#JA#JA40#36340#35.685#139.751#-246227#3167;3#Brentwood, California, United States#US#USCA#CA013#37.9319#-121.696#277479#866;4#Dubai, Dubayy, United Arab Emirates#AE#AE03#28575#25.2522#55.28#-782831#2988;1#Japanese#JA#JA##36#138#JA#3105;2#California, United States#US#USCA##36.17#-119.746#CA#2236;2#California, United States#US#USCA##36.17#-119.746#CA#3868;2#California, United States#US#USCA##36.17#-119.746#CA#4899;1#Iranian#IR#IR##32#53#IR#2594;1#Iranian#IR#IR##32#53#IR#2931;1#Iran#IR#IR##32#53#IR#2627;1#Iran#IR#IR##32#53#IR#2765;3#Hollywood, California, United States#US#USCA#CA037#34.0983#-118.327#1660757#3714;3#Hollywood, California, United States#US#USCA#CA037#34.0983#-118.327#1660757#3792;3#Hollywood, California, United States#US#USCA#CA037#34.0983#-118.327#1660757#4715;3#Hollywood, California, United States#US#USCA#CA037#34.0983#-118.327#1660757#4789					1.62412993039443,3.24825986078886,1.62412993039443,4.87238979118329,17.6334106728538,1.27610208816705,805			https://nypost.com/wp-content/uploads/sites/2/2026/09/crop-40722017.jpg?quality=75&strip=all								<PAGE_LINKS>https://nypost.com/2026/02/28/us-news/los-angeles-iranian-american-community-reacts-to-u-s-israel-airstrikes-on-iran/;https://nypost.com/2026/08/23/us-news/malibu-farmers-market-where-simon-cowell-cindy-crawford-and-hailey-bieber-go-is-evicted/;https://nypost.com/2026/09/04/business/dutch-bros-announces-new-la-location-in-the-south-bay/;https://nypost.com/2026/09/08/lifestyle/how-to-avoid-overpaying-for-gas-in-la/;https://urldefense.com/v3/__https://fowler.ucla.edu/visit/__;https://urldefense.com/v3/__https://hammer.ucla.edu/collections/franklin-d-murphy-sculpture-garden__;https://urldefense.com/v3/__https://hammer.ucla.edu/visit__;https://urldefense.com/v3/__https://www.culverhotel.com/history__;https://urldefense.com/v3/__https://www.latimes.com/lifestyle/story/2026-05-27/california-most-walkable-city-west-hollywood-walk-score__;https://urldefense.com/v3/__https://www.mjt.org/__;https://urldefense.com/v3/__https://www.santamonica.com/shopping/__;https://urldefense.com/v3/__https://www.weho.org/community/events-in-the-city/west-hollywood-halloween-carnaval__</PAGE_LINKS><PAGE_TITLE>Why I love walking in West LA</PAGE_TITLE>
	20260908233000		aol.com	https://www.aol.com/articles/left-auto-supplier-line-12-220317000.html				TAX_FNCACT_MACHINIST,792;TAX_FNCACT_MACHINIST,3512;TAX_FNCACT_MACHINIST,5427;AFFECT,4750;EPU_CATS_HEALTHCARE,2726;EPU_CATS_HEALTHCARE,4699;UNEMPLOYMENT,2749;WB_2745_JOB_QUALITY_AND_LABOR_MARKET_PERFORMANCE,2749;WB_2747_UNEMPLOYMENT,2749;UNGP_JOB_OPPORTUNITIES_EMPLOYMENT,2749;ECON_TAXATION,1249;ECON_TAXATION,3216;USPEC_POLICY1,1249;USPEC_POLICY1,3216;EPU_POLICY_TAX,1249;EPU_POLICY_TAX,3216;EPU_CATS_TAXES,1249;EPU_CATS_TAXES,3216;TAX_FNCACT_WORKER,3458;TAX_FNCACT_WORKER,4591;TAX_FNCACT_GUARD,182;TAX_FNCACT_GUARD,861;TAX_FNCACT_GUARD,2954;TAX_FNCACT_GUARD,4047;TAX_FNCACT_GUARD,4834;LEGISLATION,1496;LEGISLATION,5808;EPU_POLICY_LAW,1496;EPU_POLICY_LAW,5808;WB_1973_FINANCIAL_RISK_REDUCTION,5910;WB_435_AGRICULTURE_AND_FOOD_SECURITY,5910;WB_337_INSURANCE,5910;WB_1967_AGRICULTURAL_RISK_AND_SECURITY,5910;WB_696_PUBLIC_SECTOR_MANAGEMENT,4105;WB_2048_COMPENSATION_CAREERS_AND_INCENTIVES,4105;WB_723_PUBLIC_ADMINISTRATION,4105;WB_724_HUMAN_RESOURCES_FOR_PUBLIC_SECTOR,4105;RETIREMENTS,1919;RETIREMENTS,5561;TAX_ETHNICITY_AMERICANS,1954;TAX_ETHNICITY_AMERICANS,5596;SECURITY_SERVICES,861;SOC_USSECURITYAGENCIES,861;EPU_CATS_REGULATION,572;EPU_CATS_FINANCIAL_REGULATION,572;EPU_CATS_ENTITLEMENT_PROGRAMS,131;EPU_CATS_ENTITLEMENT_PROGRAMS,328;EPU_CATS_ENTITLEMENT_PROGRAMS,1383;EPU_CATS_ENTITLEMENT_PROGRAMS,1636;EPU_CATS_ENTITLEMENT_PROGRAMS,1662;EPU_CATS_ENTITLEMENT_PROGRAMS,2587;EPU_CATS_ENTITLEMENT_PROGRAMS,2715;EPU_CATS_ENTITLEMENT_PROGRAMS,2907;EPU_CATS_ENTITLEMENT_PROGRAMS,3157;EPU_CATS_ENTITLEMENT_PROGRAMS,3319;EPU_CATS_ENTITLEMENT_PROGRAMS,3420;EPU_CATS_ENTITLEMENT_PROGRAMS,3771;EPU_CATS_ENTITLEMENT_PROGRAMS,4688;EPU_CATS_ENTITLEMENT_PROGRAMS,4998;EPU_CATS_ENTITLEMENT_PROGRAMS,5203;EPU_CATS_ENTITLEMENT_PROGRAMS,5520;EPU_CATS_ENTITLEMENT_PROGRAMS,5672;WB_856_WAGES,49;WB_856_WAGES,1333;WB_856_WAGES,1714;WB_856_WAGES,2392;WB_856_WAGES,2477;WB_856_WAGES,2886;WB_856_WAGES,3301;WB_856_WAGES,3325;WB_856_WAGES,4371;WB_856_WAGES,4705;WB_856_WAGES,5138;WB_856_WAGES,5279;WB_1654_ACTIVE_LABOR_MARKET_POLICIES,49;WB_1654_ACTIVE_LABOR_MARKET_POLICIES,1333;WB_1654_ACTIVE_LABOR_MARKET_POLICIES,1714;WB_1654_ACTIVE_LABOR_MARKET_POLICIES,2392;WB_1654_ACTIVE_LABOR_MARKET_POLICIES,2477;WB_1654_ACTIVE_LABOR_MARKET_POLICIES,2886;WB_1654_ACTIVE_LABOR_MARKET_POLICIES,3301;WB_1654_ACTIVE_LABOR_MARKET_POLICIES,3325;WB_1654_ACTIVE_LABOR_MARKET_POLICIES,4371;WB_1654_ACTIVE_LABOR_MARKET_POLICIES,4705;WB_1654_ACTIVE_LABOR_MARKET_POLICIES,5138;WB_1654_ACTIVE_LABOR_MARKET_POLICIES,5279;WB_855_LABOR_MARKETS,49;WB_855_LABOR_MARKETS,1333;WB_855_LABOR_MARKETS,1714;WB_855_LABOR_MARKETS,2392;WB_855_LABOR_MARKETS,2477;WB_855_LABOR_MARKETS,2886;WB_855_LABOR_MARKETS,3301;WB_855_LABOR_MARKETS,3325;WB_855_LABOR_MARKETS,4371;WB_855_LABOR_MARKETS,4705;WB_855_LABOR_MARKETS,5138;WB_855_LABOR_MARKETS,5279;WB_697_SOCIAL_PROTECTION_AND_LABOR,49;WB_697_SOCIAL_PROTECTION_AND_LABOR,1333;WB_697_SOCIAL_PROTECTION_AND_LABOR,1714;WB_697_SOCIAL_PROTECTION_AND_LABOR,2392;WB_697_SOCIAL_PROTECTION_AND_LABOR,2477;WB_697_SOCIAL_PROTECTION_AND_LABOR,2886;WB_697_SOCIAL_PROTECTION_AND_LABOR,3301;WB_697_SOCIAL_PROTECTION_AND_LABOR,3325;WB_697_SOCIAL_PROTECTION_AND_LABOR,4371;WB_697_SOCIAL_PROTECTION_AND_LABOR,4705;WB_697_SOCIAL_PROTECTION_AND_LABOR,5138;WB_697_SOCIAL_PROTECTION_AND_LABOR,5279;TAX_FNCACT_EMPLOYER,30;TAX_FNCACT_EMPLOYER,971;TAX_FNCACT_EMPLOYER,1360;TAX_FNCACT_EMPLOYER,2304;TAX_FNCACT_EMPLOYER,2789;TAX_FNCACT_EMPLOYER,3060;TAX_FNCACT_EMPLOYER,3634;TAX_FNCACT_EMPLOYER,4492;TAX_FNCACT_EMPLOYER,5323;WB_2690_CATEGORIES_OF_EMPLOYMENT,30;WB_2690_CATEGORIES_OF_EMPLOYMENT,971;WB_2690_CATEGORIES_OF_EMPLOYMENT,1360;WB_2690_CATEGORIES_OF_EMPLOYMENT,2304;WB_2690_CATEGORIES_OF_EMPLOYMENT,2789;WB_2690_CATEGORIES_OF_EMPLOYMENT,3060;WB_2690_CATEGORIES_OF_EMPLOYMENT,3634;WB_2690_CATEGORIES_OF_EMPLOYMENT,4492;WB_2690_CATEGORIES_OF_EMPLOYMENT,5323;WB_2670_JOBS,30;WB_2670_JOBS,971;WB_2670_JOBS,1360;WB_2670_JOBS,2304;WB_2670_JOBS,2789;WB_2670_JOBS,3060;WB_2670_JOBS,3634;WB_2670_JOBS,4492;WB_2670_JOBS,5323;WB_2689_JOBS_DIAGNOSTICS,30;WB_2689_JOBS_DIAGNOSTICS,971;WB_2689_JOBS_DIAGNOSTICS,1360;WB_2689_JOBS_DIAGNOSTICS,2304;WB_2689_JOBS_DIAGNOSTICS,2789;WB_2689_JOBS_DIAGNOSTICS,3060;WB_2689_JOBS_DIAGNOSTICS,3634;WB_2689_JOBS_DIAGNOSTICS,4492;WB_2689_JOBS_DIAGNOSTICS,5323;WB_2704_EMPLOYER,30;WB_2704_EMPLOYER,971;WB_2704_EMPLOYER,1360;WB_2704_EMPLOYER,2304;WB_2704_EMPLOYER,2789;WB_2704_EMPLOYER,3060;WB_2704_EMPLOYER,3634;WB_2704_EMPLOYER,4492;WB_2704_EMPLOYER,5323;WB_2748_EMPLOYMENT,3137;WB_2767_EMPLOYMENT_ADMINISTRATIVE_DATA,1390;WB_2760_EMPLOYMENT_TOOLS_AND_METHODS,1390;TAX_FNCACT_EMPLOYEE,2405;RETIREMENT,219;RETIREMENT,428;RETIREMENT,1813;RETIREMENT,1990;RETIREMENT,2153;RETIREMENT,3437;RETIREMENT,3996;RETIREMENT,4777;RETIREMENT,5898;WB_2896_RETIREMENT,219;WB_2896_RETIREMENT,428;WB_2896_RETIREMENT,1813;WB_2896_RETIREMENT,1990;WB_2896_RETIREMENT,2153;WB_2896_RETIREMENT,3437;WB_2896_RETIREMENT,3996;WB_2896_RETIREMENT,4777;WB_2896_RETIREMENT,5898;WB_2736_RETURNS_TO_WORK,3122;WB_2738_LABOR_EARNINGS,3122;CRISISLEX_C07_SAFETY,131;CRISISLEX_C07_SAFETY,328;CRISISLEX_C07_SAFETY,1383;CRISISLEX_C07_SAFETY,1636;CRISISLEX_C07_SAFETY,1662;CRISISLEX_C07_SAFETY,2587;CRISISLEX_C07_SAFETY,2715;CRISISLEX_C07_SAFETY,2907;CRISISLEX_C07_SAFETY,3157;CRISISLEX_C07_SAFETY,3319;CRISISLEX_C07_SAFETY,3420;CRISISLEX_C07_SAFETY,3771;CRISISLEX_C07_SAFETY,4688;CRISISLEX_C07_SAFETY,4998;CRISISLEX_C07_SAFETY,5203;CRISISLEX_C07_SAFETY,5520;CRISISLEX_C07_SAFETY,5672;		1#Americans#US#US##39.828175#-98.5795#US#1954;1#Americans#US#US##39.828175#-98.5795#US#5596					-0.19723865877712,2.76134122287968,2.9585798816568,5.71992110453649,22.5838264299803,1.18343195266272,925			https://hermes.media.static.aol.com/media/2026/09/08/7ddaec8f-24ff-34db-983d-5734406abdfc/af20432e-dab8-4224-86b6-6f7bbf9e6817.jpg								<PAGE_LINKS>https://247wallst.com/go/lp/advisor?i=0b6513e0-50d9-4ceb-b97f-be318764413d&p=4665da5c-b14b-4cd8-be7f-7e13d4c78b55&pos=mid_content&tpid=1643877&l=631e8caf-8749-4b2e-b4a4-c6951162b9b9;https://247wallst.com/go/lp/advisor?i=0b6513e0-50d9-4ceb-b97f-be318764413d&p=6850b931-cf05-42c1-86a8-58adba07d001&pos=keypoints&tpid=1643877&l=631e8caf-8749-4b2e-b4a4-c6951162b9b9;https://247wallst.com/go/lp/advisor?i=0b6513e0-50d9-4ceb-b97f-be318764413d&p=dac5ee72-e26f-42ba-94a4-c612392dd45c&pos=end_of_article&tpid=1643877</PAGE_LINKS><PAGE_AUTHORS>AOL</PAGE_AUTHORS><PAGE_PRECISEPUBTIMESTAMP>20260908220300</PAGE_PRECISEPUBTIMESTAMP><PAGE_TITLE>He Left the Auto-Supplier Line for 12 Months of Active Duty. The $30,000 His Employer Paid Recorded $0 at Social Security.</PAGE_TITLE>
	20260908233000		elpasoinc.com	https://www.elpasoinc.com/news/ap_wire/supreme-court-rebuffs-missouris-push-to-use-new-us-house-map-backed-by-trump-in/article_db795570-ff94-549f-88fe-102d3adb7fe4.html				WB_678_DIGITAL_GOVERNMENT,926;WB_2943_SWITCHES,926;WB_667_ICT_INFRASTRUCTURE,926;WB_672_NETWORK_MANAGEMENT,926;WB_133_INFORMATION_AND_COMMUNICATION_TECHNOLOGIES,926;LEADER,174;LEADER,3341;TAX_FNCACT_PRESIDENT,174;TAX_FNCACT_PRESIDENT,3341;CONSTITUTIONAL,2020;CONSTITUTIONAL,2478;TAX_FNCACT_CANDIDATES,3493;TAX_POLITICAL_PARTY_REPUBLICANS,239;TAX_POLITICAL_PARTY_REPUBLICANS,536;TAX_POLITICAL_PARTY_REPUBLICANS,602;TAX_POLITICAL_PARTY_REPUBLICANS,1099;TAX_POLITICAL_PARTY_REPUBLICANS,1589;TAX_POLITICAL_PARTY_REPUBLICANS,2916;TAX_POLITICAL_PARTY_REPUBLICANS,3326;TAX_FNCACT_OFFICIALS,108;TAX_FNCACT_OFFICIALS,1178;USPEC_POLITICS_GENERAL1,144;USPEC_POLITICS_GENERAL1,1321;USPEC_POLITICS_GENERAL1,1421;USPEC_POLITICS_GENERAL1,2063;USPEC_POLITICS_GENERAL1,2552;USPEC_POLITICS_GENERAL1,2703;USPEC_POLITICS_GENERAL1,2851;USPEC_POLITICS_GENERAL1,3383;EPU_POLICY_CONGRESSIONAL,144;EPU_POLICY_CONGRESSIONAL,1321;EPU_POLICY_CONGRESSIONAL,1421;EPU_POLICY_CONGRESSIONAL,2063;EPU_POLICY_CONGRESSIONAL,2552;EPU_POLICY_CONGRESSIONAL,2703;EPU_POLICY_CONGRESSIONAL,2851;EPU_POLICY_CONGRESSIONAL,3383;LEGISLATION,2308;EPU_POLICY_LAW,2308;TAX_FNCACT_SECRETARY,1861;RURAL,1659;TRIAL,830;TAX_FNCACT_ATTORNEY,830;CRISISLEX_C04_LOGISTICS_TRANSPORT,436;ARMEDCONFLICT,573;ELECTION,212;TAX_POLITICAL_PARTY_REPUBLICAN,815;TAX_POLITICAL_PARTY_REPUBLICAN,1162;TAX_POLITICAL_PARTY_REPUBLICAN,1670;TAX_POLITICAL_PARTY_REPUBLICAN,1771;TAX_POLITICAL_PARTY_REPUBLICAN,1851;TAX_POLITICAL_PARTY_REPUBLICAN,3482;TAX_POLITICAL_PARTY_DEMOCRATS,1113;TAX_POLITICAL_PARTY_DEMOCRATS,3108;WB_696_PUBLIC_SECTOR_MANAGEMENT,333;WB_840_JUSTICE,333;TAX_WORLDLANGUAGES_KANSAS,1491;TAX_WORLDLANGUAGES_KANSAS,1530;TAX_FNCACT_CITIZEN,449;USPEC_POLICY1,2729;EPU_POLICY_LEGISLATION,2729;TAX_FNCACT_SECRETARY_OF_STATE,1870;		2#California, United States#US#USCA##36.17#-119.746#CA#3234;2#Alabama, United States#US#USAL##32.799#-86.8073#AL#3097;2#Utah, United States#US#USUT##40.1135#-111.854#UT#3241;2#Texas, United States#US#USTX##31.106#-97.6475#TX#2790;2#Texas, United States#US#USTX##31.106#-97.6475#TX#3018;2#Louisiana, United States#US#USLA##31.1801#-91.8749#LA#3087;2#Florida, United States#US#USFL##27.8333#-81.717#FL#3063;2#Ohio, United States#US#USOH##40.3736#-82.7755#OH#3053;2#Tennessee, United States#US#USTN##35.7449#-86.7489#TN#3075;2#Missouri, United States#US#USMO##38.4623#-92.302#MO#98;2#Missouri, United States#US#USMO##38.4623#-92.302#MO#366;2#Missouri, United States#US#USMO##38.4623#-92.302#MO#634;2#Missouri, United States#US#USMO##38.4623#-92.302#MO#698;2#Missouri, United States#US#USMO##38.4623#-92.302#MO#1039;2#Missouri, United States#US#USMO##38.4623#-92.302#MO#1225;2#Missouri, United States#US#USMO##38.4623#-92.302#MO#2007;2#Missouri, United States#US#USMO##38.4623#-92.302#MO#2465;2#Missouri, United States#US#USMO##38.4623#-92.302#MO#2741;2#Missouri, United States#US#USMO##38.4623#-92.302#MO#3029;2#North Carolina, United States#US#USNC##35.6411#-79.8431#NC#3046;3#Washington, Washington, United States#US#USDC#DC001#38.8951#-77.0364#531871#10					0.186219739292365,2.97951582867784,2.79329608938547,5.77281191806332,22.9050279329609,0,504			https://bloximages.newyork1.vip.townnews.com/elpasoinc.com/content/tncms/assets/v3/editorial/d/3e/d3e11a8e-bea0-5aa4-ac3c-28563efa1fdc/6aa082ae94951.image.jpg?crop=1763%2C926%2C0%2C124								<PAGE_LINKS>https://apnews.com/article/missouri-redistricting-trump-supreme-court-e3613c13556d9a79d212eafc1e1c95fc;https://apnews.com/article/redistricting-congress-missouri-trump-gerrymandering-5034c87f2161baa933ea337408e4c5b4;https://apnews.com/article/redistricting-congress-missouri-trump-petition-vote-election-5cfa5294a987388f38e0960e3368d320;https://apnews.com/article/redistricting-congress-trump-b5cab63100d50086231fe12c766f4d30;https://apnews.com/article/redistricting-democrats-congress-republicans-independent-commissions-8628980ac7e2e1fc209d9e6511dfc45c;https://apnews.com/article/redistricting-gerrymander-missouri-trump-e5b75246cbee8eb674dfdb27381cc8ac;https://apnews.com/article/redistricting-gerrymander-trump-missouri-936e8daecadb32556fcfbd2eb9f7457b;https://apnews.com/hub/redistricting</PAGE_LINKS><PAGE_AUTHORS>LINDSAY WHITEHURST;DAVID A. LIEB - Associated Press</PAGE_AUTHORS><PAGE_PRECISEPUBTIMESTAMP>20260908214600</PAGE_PRECISEPUBTIMESTAMP><PAGE_TITLE>Supreme Court rebuffs Missouri's push to use new US House map backed by Trump in November</PAGE_TITLE>
	20260908233000		iheart.com	https://kfbk.iheart.com/content/2026-09-08-chiefs-mahomes-most-likely-starting-week-one/						3#Denver, Colorado, United States#US#USCO#CO031#39.7392#-104.985#201738#218;3#Denver, Colorado, United States#US#USCO#CO031#39.7392#-104.985#201738#1097;3#Denver, Colorado, United States#US#USCO#CO031#39.7392#-104.985#201738#1363					-3.89105058365759,2.72373540856031,6.6147859922179,9.33852140077821,26.0700389105058,0,249			https://i.iheart.com/v3/re/assets.getty/6aa05503bfc24950353504c8?ops=gravity(%22north%22),fit(1200,675),quality(65)								<PAGE_LINKS>https://heavy.com/sports/nfl/denver-broncos/patrick-mahomes-josh-simmons-injury-chiefs-game/;https://sports.yahoo.com/articles/chiefs-josh-simmons-injury-emerges-082854526.html</PAGE_LINKS><PAGE_TITLE>Chiefs' Mahomes "Most Likely" Starting Week One</PAGE_TITLE>
	20260908233000		therecord.com	https://www.therecord.com/news/world/united-states/what-to-know-about-the-amazon-cargo-plane-crash-in-miami-that-killed-5-workers-in-a-van/article_7a628991-3ddb-5180-b3ac-fc083a3c9727.html				TAX_FNCACT_PILOTS,3713;CRISISLEX_T11_UPDATESSYMPATHY,2463;CRISISLEX_T08_MISSINGFOUNDTRAPPEDPEOPLE,2074;CRISISLEX_T08_MISSINGFOUNDTRAPPEDPEOPLE,2271;TAX_FNCACT_EMPLOYEE,2619;DELAY,805;CRISISLEX_C07_SAFETY,13;CRISISLEX_C07_SAFETY,750;CRISISLEX_C07_SAFETY,3472;WB_165_AIR_TRANSPORT,4056;WB_164_MODES_OF_TRANSPORT,4056;TAX_FNCACT_SHERIFF,2755;TAX_FNCACT_VICTIMS,2231;SOC_POINTSOFINTEREST_AIRPORTS,1971;SOC_POINTSOFINTEREST_AIRPORTS,3976;UNGP_FORESTS_RIVERS_OCEANS,2317;CRISISLEX_CRISISLEXREC,1244;TAX_FNCACT_PILOT,426;TAX_FNCACT_PILOT,1746;CRISISLEX_T03_DEAD,398;TAX_FNCACT_COPILOT,436;WOUND,3761;CRISISLEX_C03_WELLBEING_HEALTH,3761;USPEC_POLICY1,4761;USPEC_POLICY1,4826;EPU_POLICY_POLICY,4761;EPU_POLICY_POLICY,4826;NATURAL_DISASTER_STRONG_WINDS,1403;CRISISLEX_O01_WEATHER,1403;KILL,154;SOC_POINTSOFINTEREST_AIRPORT,251;SOC_POINTSOFINTEREST_AIRPORT,547;SOC_POINTSOFINTEREST_AIRPORT,643;SOC_POINTSOFINTEREST_AIRPORT,1145;SOC_POINTSOFINTEREST_AIRPORT,3671;SOC_POINTSOFINTEREST_AIRPORT,3793;SOC_POINTSOFINTEREST_AIRPORT,4207;WB_135_TRANSPORT,251;WB_135_TRANSPORT,547;WB_135_TRANSPORT,643;WB_135_TRANSPORT,1145;WB_135_TRANSPORT,3671;WB_135_TRANSPORT,3793;WB_135_TRANSPORT,4207;WB_1803_TRANSPORT_INFRASTRUCTURE,251;WB_1803_TRANSPORT_INFRASTRUCTURE,547;WB_1803_TRANSPORT_INFRASTRUCTURE,643;WB_1803_TRANSPORT_INFRASTRUCTURE,1145;WB_1803_TRANSPORT_INFRASTRUCTURE,3671;WB_1803_TRANSPORT_INFRASTRUCTURE,3793;WB_1803_TRANSPORT_INFRASTRUCTURE,4207;WB_1804_AIRPORTS,251;WB_1804_AIRPORTS,547;WB_1804_AIRPORTS,643;WB_1804_AIRPORTS,1145;WB_1804_AIRPORTS,3671;WB_1804_AIRPORTS,3793;WB_1804_AIRPORTS,4207;AVIATION_INCIDENT,3563;TAX_FNCACT_CHAIRWOMAN,498;WB_2024_ANTI_CORRUPTION_AUTHORITIES,2180;WB_2024_ANTI_CORRUPTION_AUTHORITIES,3871;WB_696_PUBLIC_SECTOR_MANAGEMENT,2180;WB_696_PUBLIC_SECTOR_MANAGEMENT,3871;WB_840_JUSTICE,2180;WB_840_JUSTICE,3871;WB_2025_INVESTIGATION,2180;WB_2025_INVESTIGATION,3871;WB_831_GOVERNANCE,2180;WB_831_GOVERNANCE,3871;WB_832_ANTI_CORRUPTION,2180;WB_832_ANTI_CORRUPTION,3871;WB_1014_CRIMINAL_JUSTICE,2180;WB_1014_CRIMINAL_JUSTICE,3871;TAX_FNCACT_OFFICIALS,841;CRISISLEX_T02_INJURED,2231;TRAFFIC,1858;MANMADE_DISASTER_IMPLIED,75;MANMADE_DISASTER_IMPLIED,890;MANMADE_DISASTER_IMPLIED,1343;MANMADE_DISASTER_IMPLIED,2933;MANMADE_DISASTER_IMPLIED,3365;MANMADE_DISASTER_IMPLIED,3510;TAX_FNCACT_EMPLOYEES,2480;SOC_USSECURITYAGENCIES,4071;USPEC_UNCERTAINTY1,829;CRISISLEX_C04_LOGISTICS_TRANSPORT,829;		2#North Carolina, United States#US#USNC##35.6411#-79.8431#NC#3341;1#Puerto Rico#RQ#RQ##18.2359#-66.4838#RQ#1088;3#Miami, Florida, United States#US#USFL#FL086#25.7743#-80.1937#295004#106;3#Miami, Florida, United States#US#USFL#FL086#25.7743#-80.1937#295004#214;3#Miami, Florida, United States#US#USFL#FL086#25.7743#-80.1937#295004#620;3#Miami, Florida, United States#US#USFL#FL086#25.7743#-80.1937#295004#1122;3#Miami, Florida, United States#US#USFL#FL086#25.7743#-80.1937#295004#2727;3#Miami, Florida, United States#US#USFL#FL086#25.7743#-80.1937#295004#3770;3#Miami, Florida, United States#US#USFL#FL086#25.7743#-80.1937#295004#4110;3#Miami, Florida, United States#US#USFL#FL086#25.7743#-80.1937#295004#4184					-1.73611111111111,2.19907407407407,3.93518518518519,6.13425925925926,23.6111111111111,1.38888888888889,804			https://bloximages.chicago2.vip.townnews.com/therecord.com/content/tncms/assets/v3/editorial/d/54/d5404c87-60b8-5459-882e-e7037b7d38ce/6aa0845a7b890.image.jpg?crop=1620%2C851%2C0%2C114								<PAGE_LINKS>https://apnews.com/article/amazon-cargo-plane-miami-airport-47411c751782887757922efa5f634aa5;https://apnews.com/article/cargo-plane-crash-miami-airport-amazon-prime-d5118998e880f380a3fd8786e35fd9bb;https://apnews.com/article/ups-cargo-plane-explosion-louisville-deaths-af12da7f8611bad0bf0cb664de189250;https://apnews.com/article/ups-plane-crash-explosion-kentucky-pilots-victims-8b133072a1144e4c547c6468df0854ab;https://apnews.com/article/ups-plane-crash-louisville-deaths-aac761ad3155ca73f9d490b74e0fde43;https://metroland.com/privacy-policy/;https://notices.torstar.com/main_terms_of_use_daily_and_community_brands_EN/;https://policies.google.com/privacy;https://policies.google.com/terms;https://www.therecord.com/newsletters</PAGE_LINKS><PAGE_AUTHORS>Josh Funk;Jeffrey Collins The Associated Press</PAGE_AUTHORS><PAGE_PRECISEPUBTIMESTAMP>20260908214800</PAGE_PRECISEPUBTIMESTAMP><PAGE_TITLE>What to know about the Amazon cargo plane crash in Miami that killed 5 workers in a van</PAGE_TITLE>
	20260908233000		the42.ie	https://www.the42.ie/irish-sailing-eve-mcmahon-annalise-murphy-7156361-Sep2026/				MARITIME,799;TAX_FNCACT_SAILORS,799;WB_2937_SILVER,173;WB_2936_GOLD,81;WB_2936_GOLD,846;WB_2936_GOLD,1090;WB_2936_GOLD,1186;WB_507_ENERGY_AND_EXTRACTIVES,81;WB_507_ENERGY_AND_EXTRACTIVES,846;WB_507_ENERGY_AND_EXTRACTIVES,1090;WB_507_ENERGY_AND_EXTRACTIVES,1186;WB_895_MINING_SYSTEMS,81;WB_895_MINING_SYSTEMS,846;WB_895_MINING_SYSTEMS,1090;WB_895_MINING_SYSTEMS,1186;WB_1699_METAL_ORE_MINING,81;WB_1699_METAL_ORE_MINING,846;WB_1699_METAL_ORE_MINING,1090;WB_1699_METAL_ORE_MINING,1186;WB_137_WATER,419;TAX_ETHNICITY_IRISH,5;TAX_WORLDLANGUAGES_IRISH,5;TAX_ETHNICITY_AMERICAN,957;TAX_FNCACT_WOMEN,113;		1#Irish#EI#EI##53#-8#EI#5;4#Dublin Bay, Dublin City, Ireland#EI#EI33#18288#53.3344#-6.11056#-1502557#1013;1#American#US#US##39.828175#-98.5795#US#957					5.30973451327434,6.63716814159292,1.32743362831858,7.9646017699115,25.2212389380531,0,209			https://img2.thejournal.ie/article/7156361/river/?&version=7156397								<PAGE_AUTHORS>The 42</PAGE_AUTHORS><PAGE_TITLE>Irish Olympians Eve McMahon and Annalise Murphy secure Gold Fleet places</PAGE_TITLE>
	20260908233000		mynbc5.com	https://www.mynbc5.com/article/jesse-strong-patriots-day-2026-911-anniversary/73642850				TAX_FNCACT_BORDER_PATROL_AGENT,1649;ARMEDCONFLICT,722;TRAFFIC,1719;MILITARY,1964;TAX_FNCACT_AGENT,1649;WB_1606_SCHOLARSHIPS,787;WB_1608_CASH_TRANSFERS,787;WB_1466_SOCIAL_ASSISTANCE,787;WB_1603_FEE_WAIVERS,787;WB_697_SOCIAL_PROTECTION_AND_LABOR,787;TAX_FNCACT_MILITARY_PERSONNEL,398;KILL,692;KILL,1692;KILL,1925;CRISISLEX_T03_DEAD,692;CRISISLEX_T03_DEAD,1692;CRISISLEX_T03_DEAD,1925;CRISISLEX_T11_UPDATESSYMPATHY,551;CRISISLEX_T11_UPDATESSYMPATHY,1506;WB_2936_GOLD,1177;WB_507_ENERGY_AND_EXTRACTIVES,1177;WB_895_MINING_SYSTEMS,1177;WB_1699_METAL_ORE_MINING,1177;MANMADE_DISASTER_IMPLIED,2045;CRISISLEX_CRISISLEXREC,377;BORDER,1636;TAX_FNCACT_ORGANIZERS,1033;TAX_FNCACT_ORGANIZERS,1806;TAX_FNCACT_ORGANIZERS,2359;		1#America#US#US##39.828175#-98.5795#US#231;3#Irasburg, Vermont, United States#US#USVT#VT019#44.8034#-72.2795#1457972#243;3#Irasburg, Vermont, United States#US#USVT#VT019#44.8034#-72.2795#1457972#460;1#Iraq#IZ#IZ##33#44#IZ#700;3#Craftsbury, Vermont, United States#US#USVT#VT019#44.6367#-72.3726#1457041#1873;1#Vietnam#VM#VM##16.166667#107.833333#VM#1936;2#Vermont, United States#US#USVT##44.0407#-72.7093#VT#110;2#Vermont, United States#US#USVT##44.0407#-72.7093#VT#310					6.29370629370629,8.85780885780886,2.56410256410256,11.4219114219114,24.9417249417249,1.3986013986014,381			https://kubrick.htvapps.com/htv-prod/ibmig/cms/image/wptz/5896292-5896292.jpg?crop=1.00xw%3A0.469xh%3B0%2C0.0950xh								<PAGE_LINKS>https://jessestrong.com/;https://www.mynbc5.com/article/theyre-not-forgotten-families-gather-in-irasburg-to-honor-service-and-sacrifice/68096235</PAGE_LINKS><PAGE_AUTHORS>Jack Thurston</PAGE_AUTHORS><PAGE_TITLE>Jesse Strong Patriots Day to honor sacrifice</PAGE_TITLE>
	20260908233000		nowgrenada.com	https://nowgrenada.com/2026/09/grenada-has-passed-its-digital-transformation-law/				MARITIME_INCIDENT,980;MARITIME,980;MANMADE_DISASTER_IMPLIED,980;UNGP_FORESTS_RIVERS_OCEANS,4126;UNGP_PHONE_INTERNET_ACCESS_COST,3154;USPEC_POLITICS_GENERAL1,539;USPEC_POLITICS_GENERAL1,1477;USPEC_POLITICS_GENERAL1,4741;USPEC_POLICY1,539;USPEC_POLICY1,1477;USPEC_POLICY1,4741;EPU_POLICY_LEGISLATION,539;EPU_POLICY_LEGISLATION,1477;EPU_POLICY_LEGISLATION,4741;WB_1467_EDUCATION_FOR_ALL,3171;WB_470_EDUCATION,3171;WB_2131_EMPLOYABILITY_SKILLS_AND_JOBS,3171;WB_1484_EDUCATION_SKILLS_DEVELOPMENT_AND_LABOR_MARKET,3171;TAX_FNCACT_CITIZEN,1333;WB_2601_TRADE_LINKAGES_SPILLOVERS_AND_CONNECTIVITY,2875;WB_772_TRADE_FACILITATION_AND_LOGISTICS,2875;WB_699_URBAN_DEVELOPMENT,2875;WB_866_CONNECTIVITY_AND_LAGGING_REGIONS,2875;WB_698_TRADE,2875;WB_797_NATIONAL_URBAN_POLICIES,2875;WB_678_DIGITAL_GOVERNMENT,145;WB_678_DIGITAL_GOVERNMENT,2396;WB_678_DIGITAL_GOVERNMENT,2507;WB_133_INFORMATION_AND_COMMUNICATION_TECHNOLOGIES,145;WB_133_INFORMATION_AND_COMMUNICATION_TECHNOLOGIES,2396;WB_133_INFORMATION_AND_COMMUNICATION_TECHNOLOGIES,2507;EPU_ECONOMY_HISTORIC,3392;LEGISLATION,373;EPU_POLICY_LAW,373;LITERACY,2860;UNGP_EDUCATION,2860;CYBER_ATTACK,1889;CYBER_ATTACK,4532;WB_670_ICT_SECURITY,1889;WB_670_ICT_SECURITY,4532;WB_657_INTEROPERABILITY,1075;GENERAL_GOVERNMENT,145;GENERAL_GOVERNMENT,214;GENERAL_GOVERNMENT,301;GENERAL_GOVERNMENT,481;GENERAL_GOVERNMENT,653;GENERAL_GOVERNMENT,732;GENERAL_GOVERNMENT,1018;GENERAL_GOVERNMENT,1145;GENERAL_GOVERNMENT,1254;GENERAL_GOVERNMENT,1398;GENERAL_GOVERNMENT,1624;GENERAL_GOVERNMENT,1745;GENERAL_GOVERNMENT,2072;GENERAL_GOVERNMENT,2396;GENERAL_GOVERNMENT,2507;GENERAL_GOVERNMENT,2788;GENERAL_GOVERNMENT,3246;GENERAL_GOVERNMENT,3440;GENERAL_GOVERNMENT,3801;GENERAL_GOVERNMENT,4100;GENERAL_GOVERNMENT,4164;GENERAL_GOVERNMENT,4567;GENERAL_GOVERNMENT,4971;EPU_POLICY_GOVERNMENT,145;EPU_POLICY_GOVERNMENT,214;EPU_POLICY_GOVERNMENT,301;EPU_POLICY_GOVERNMENT,481;EPU_POLICY_GOVERNMENT,653;EPU_POLICY_GOVERNMENT,732;EPU_POLICY_GOVERNMENT,1018;EPU_POLICY_GOVERNMENT,1145;EPU_POLICY_GOVERNMENT,1254;EPU_POLICY_GOVERNMENT,1398;EPU_POLICY_GOVERNMENT,1624;EPU_POLICY_GOVERNMENT,1745;EPU_POLICY_GOVERNMENT,2072;EPU_POLICY_GOVERNMENT,2396;EPU_POLICY_GOVERNMENT,2507;EPU_POLICY_GOVERNMENT,2788;EPU_POLICY_GOVERNMENT,3246;EPU_POLICY_GOVERNMENT,3440;EPU_POLICY_GOVERNMENT,3801;EPU_POLICY_GOVERNMENT,4100;EPU_POLICY_GOVERNMENT,4164;EPU_POLICY_GOVERNMENT,4567;EPU_POLICY_GOVERNMENT,4971;TAX_FNCACT_CITIZENS,956;TAX_FNCACT_CITIZENS,3310;TAX_FNCACT_CITIZENS,3567;TAX_FNCACT_CITIZENS,4338;TAX_FNCACT_CITIZENS,5031;KILL,898;KILL,1443;WB_653_ENTERPRISE_ARCHITECTURE,1042;WB_653_ENTERPRISE_ARCHITECTURE,1959;WB_2375_ICT_METHODS_AND_PROCEDURES,1042;WB_2375_ICT_METHODS_AND_PROCEDURES,1959;WB_694_BROADCAST_AND_MEDIA,5328;		1#Grenada#GJ#GJ##12.116667#-61.666667#GJ#97;1#Grenada#GJ#GJ##12.116667#-61.666667#GJ#2452;1#Grenada#GJ#GJ##12.116667#-61.666667#GJ#3026;1#Grenada#GJ#GJ##12.116667#-61.666667#GJ#4717;1#Grenada#GJ#GJ##12.116667#-61.666667#GJ#5137;1#Grenada#GJ#GJ##12.116667#-61.666667#GJ#5271					0.125,2.375,2.25,4.625,25.125,0,756			https://nowgrenada.com/wp-content/uploads/2026/09/geralt-transformation-9160373-scaled.jpg								<PAGE_LINKS>https://www.nowgrenada.com/contact/</PAGE_LINKS><PAGE_AUTHORS>NOW Grenada</PAGE_AUTHORS><PAGE_PRECISEPUBTIMESTAMP>20260908203600</PAGE_PRECISEPUBTIMESTAMP><PAGE_TITLE>Grenada has passed its digital transformation law</PAGE_TITLE>
	20260908233000		sheridanmedia.com	https://sheridanmedia.com/news/247949/tongue-river-canyon-trail-to-close-for-repairs/				CLOSURE,404;CLOSURE,551;CLOSURE,684;CLOSURE,1572;		3#River Canyon, Wyoming, United States#US#USWY#WY031#42.5852#-105.043#1593482#249;3#River Canyon, Wyoming, United States#US#USWY#WY031#42.5852#-105.043#1593482#324;3#River Canyon, Wyoming, United States#US#USWY#WY031#42.5852#-105.043#1593482#1071;3#River Canyon, Wyoming, United States#US#USWY#WY031#42.5852#-105.043#1593482#1710;2#Wyoming, United States#US#USWY##42.7475#-107.209#WY#152;3#Sheridan County, Wyoming, United States#US#USWY#WY033#44.8333#-106.917#1605081#45					-2.73037542662116,1.02389078498294,3.7542662116041,4.77815699658703,34.8122866894198,0,274			https://sheridanmedia.com/wp-content/uploads/2026/09/797815736_1418057647167938_4134476858726120417_n-1000x600.jpg								<PAGE_AUTHORS>Ron Richter</PAGE_AUTHORS><PAGE_TITLE>Tongue River Canyon Trail to Close for Repairs</PAGE_TITLE>
	20260908233000		mix108.com	https://mix108.com/ixp/150/p/minnesota-vikings-green-bay-packers-scores/						2#Minnesota, United States#US#USMN##45.7326#-93.9196#MN#112;2#Minnesota, United States#US#USMN##45.7326#-93.9196#MN#784;2#Minnesota, United States#US#USMN##45.7326#-93.9196#MN#1203;2#Minnesota, United States#US#USMN##45.7326#-93.9196#MN#1799;2#Minnesota, United States#US#USMN##45.7326#-93.9196#MN#2117;2#Minnesota, United States#US#USMN##45.7326#-93.9196#MN#2808;2#Minnesota, United States#US#USMN##45.7326#-93.9196#MN#3509;2#Minnesota, United States#US#USMN##45.7326#-93.9196#MN#4255;2#Minnesota, United States#US#USMN##45.7326#-93.9196#MN#4992;2#Minnesota, United States#US#USMN##45.7326#-93.9196#MN#6277;2#Minnesota, United States#US#USMN##45.7326#-93.9196#MN#6602;2#Wisconsin, United States#US#USWI##44.2563#-89.6385#WI#2832;2#Wisconsin, United States#US#USWI##44.2563#-89.6385#WI#5260;1#Jordan#JO#JO##31#36#JO#3076;3#Bloomington, Minnesota, United States#US#USMN#MN053#44.8408#-93.2983#640278#195;3#Green Bay, Wisconsin, United States#US#USWI#WI009#44.5192#-88.0198#1565801#77;3#Green Bay, Wisconsin, United States#US#USWI#WI009#44.5192#-88.0198#1565801#566;3#Green Bay, Wisconsin, United States#US#USWI#WI009#44.5192#-88.0198#1565801#1152;3#Green Bay, Wisconsin, United States#US#USWI#WI009#44.5192#-88.0198#1565801#1571;3#Green Bay, Wisconsin, United States#US#USWI#WI009#44.5192#-88.0198#1565801#1752;3#Green Bay, Wisconsin, United States#US#USWI#WI009#44.5192#-88.0198#1565801#2201;3#Green Bay, Wisconsin, United States#US#USWI#WI009#44.5192#-88.0198#1565801#2513;3#Green Bay, Wisconsin, United States#US#USWI#WI009#44.5192#-88.0198#1565801#2620;3#Green Bay, Wisconsin, United States#US#USWI#WI009#44.5192#-88.0198#1565801#3151;3#Green Bay, Wisconsin, United States#US#USWI#WI009#44.5192#-88.0198#1565801#3457;3#Green Bay, Wisconsin, United States#US#USWI#WI009#44.5192#-88.0198#1565801#3879;3#Green Bay, Wisconsin, United States#US#USWI#WI009#44.5192#-88.0198#1565801#4094;3#Green Bay, Wisconsin, United States#US#USWI#WI009#44.5192#-88.0198#1565801#4489;3#Green Bay, Wisconsin, United States#US#USWI#WI009#44.5192#-88.0198#1565801#4806;3#Green Bay, Wisconsin, United States#US#USWI#WI009#44.5192#-88.0198#1565801#4858					-0.0795544948289577,2.94351630867144,3.0230708035004,5.96658711217184,22.1957040572792,0.318217979315831,1094			https://townsquare.media/site/150/files/2026/09/attachment-rivalry1.jpg?&format=natural								<PAGE_LINKS>https://b105country.com/tags/minnesota/;https://b105country.com/tags/packers/;https://b105country.com/tags/vikings/;https://b105country.com/tags/wisconsin/;https://b105country.com/the-best-high-schools-in-minnesota/;https://b105country.com/wisconsin-breweries-opening-closing-2026/;https://en.wikipedia.org/wiki/Packers%E2%80%93Vikings_rivalry;https://www.acmepackingcompany.com/2022/1/2/22864351/packers-drub-vikings-37-10-in-week-17-to-clinch-top-seed-in-nfc-playoffs;https://www.cbsnews.com/minnesota/news/vikings-vs-packers-game-jan-4-2026/;https://www.espn.com/nfl/game/_/gameId/401437649/packers-vikings;https://www.espn.com/nfl/game/_/gameId/401437945/vikings-packers;https://www.espn.com/nfl/game/_/gameId/401547637/packers-vikings;https://www.espn.com/nfl/game/_/gameId/401671725/packers-vikings;https://www.espn.com/nfl/recap/_/gameId/401772887;https://www.espn.com/nfl/story/_/id/31167366/nfl-expects-full-stadiums-2021-season-commissioner-roger-goodell-says;https://www.espn.com/nfl/story/_/id/38773634/kirk-cousins-exits-minnesota-vikings-game-second-half;https://www.fox9.com/sports/live-updates-minnesota-vikings-2026-nfl-schedule-release;https://www.pro-football-reference.com/boxscores/196110220min.htm;https://www.startribune.com/minnesota-vikings-green-bay-packers-live-updates-nfl-week-4-lambeau-field/601153794;https://www.startribune.com/vikings-packers-greg-joseph-29-yard-field-goal-justin-jefferson-kirk-cousins-aaron-rodgers/600119353/;https://www.vikings.com/schedule/</PAGE_LINKS><PAGE_AUTHORS>David Drew</PAGE_AUTHORS><PAGE_PRECISEPUBTIMESTAMP>20260908192900</PAGE_PRECISEPUBTIMESTAMP><PAGE_TITLE>Vikings vs. Packers: Last 10 Games Revisited Before 2026 Opener</PAGE_TITLE>
	20260908233000		newsday.com	https://www.newsday.com/business/grocery-supermarket-food-shopping-delay-ug6jelj5				EPU_CATS_ENTITLEMENT_PROGRAMS,1148;LEADER,2198;TAX_FNCACT_MAYOR,2198;EPU_ECONOMY_HISTORIC,879;DELAY,266;USPEC_UNCERTAINTY1,266;TAX_FNCACT_WORKERS,1740;TAX_FNCACT_LANDLORD,2242;WB_678_DIGITAL_GOVERNMENT,1096;WB_670_ICT_SECURITY,1096;WB_2372_AUTHENTICATION_AND_AUTHORIZATION,1096;WB_133_INFORMATION_AND_COMMUNICATION_TECHNOLOGIES,1096;GENERAL_HEALTH,1129;WB_644_NUTRITION,1129;WB_621_HEALTH_NUTRITION_AND_POPULATION,1129;WB_135_TRANSPORT,1602;WB_1803_TRANSPORT_INFRASTRUCTURE,1602;WB_167_PORTS,1602;CRISISLEX_C04_LOGISTICS_TRANSPORT,948;		2#New York, United States#US#USNY##42.1497#-74.9384#NY#997;3#Brentwood, New York, United States#US#USNY#NY103#40.7812#-73.2462#944688#1971;3#Copiague, New York, United States#US#USNY#NY103#40.6815#-73.3998#947414#1897;3#Farmingville, New York, United States#US#USNY#NY103#40.8312#-73.0295#949921#1939;3#Long Island, New York, United States#US#USNY#NY067#43.152#-76.061#955858#1828;3#Bellport, New York, United States#US#USNY#NY103#40.757#-72.9393#943626#22;3#Bellport, New York, United States#US#USNY#NY103#40.757#-72.9393#943626#229;3#Bellport, New York, United States#US#USNY#NY103#40.757#-72.9393#943626#2001;3#Bellport, New York, United States#US#USNY#NY103#40.757#-72.9393#943626#2177					-1.13636363636364,1.98863636363636,3.125,5.11363636363636,26.7045454545455,0,337			https://cdn.newsday.com/ace/c:MTQ5ODM4NDItNTA2Mi00:MDdhODkxNDUtMTU0Zi00/landscape/1280								<PAGE_LINKS>https://www.newsday.com/business/fine-fare-bellport-grocery-store-cirillos-market-plc46wx3</PAGE_LINKS><PAGE_PRECISEPUBTIMESTAMP>20260908191100</PAGE_PRECISEPUBTIMESTAMP><PAGE_TITLE>Fine Fare Bellport expected to open in November following licensing, equipment delays</PAGE_TITLE>
	20260908233000		hngnews.com	http://www.hngnews.com/nation_world/ap-news-summary-at-7-04-p-m-edt/article_b3604004-aa6f-5622-ac12-8bb253d90a54.html						1#Israel#IS#IS##31.5#34.75#IS#5807;1#Israel#IS#IS##31.5#34.75#IS#5870;1#Iranian#IR#IR##32#53#IR#43;1#Iranian#IR#IR##32#53#IR#182;1#Iranian#IR#IR##32#53#IR#369;1#Iranian#IR#IR##32#53#IR#445;1#Iranian#IR#IR##32#53#IR#520;3#White House, District Of Columbia, United States#US#USDC#DC001#38.8951#-77.0364#531871#5226;3#Dade County, Missouri, United States#US#USMO#MO057#37.4334#-93.8502#758483#2205;2#Hawaii, United States#US#USHI##21.1098#-157.531#HI#6302;2#Hawaii, United States#US#USHI##21.1098#-157.531#HI#6494;2#Hawaii, United States#US#USHI##21.1098#-157.531#HI#6637;4#Tehran, Tehran, Iran#IR#IR26#41130#35.75#51.5148#10074674#688;4#Jask, Hormozgan, Iran#IR#IR11#40979#25.6439#57.7744#-3067830#563;1#France#FR#FR##46#2#FR#6055;1#Iran#IR#IR##32#53#IR#244;1#Iran#IR#IR##32#53#IR#569;1#Iran#IR#IR##32#53#IR#595;1#Iran#IR#IR##32#53#IR#694;4#Toronto, Ontario, Canada#CA#CA08#12686#43.6667#-79.4167#-574890#849;1#United States#US#US##39.828175#-98.5795#US#121;1#United States#US#US##39.828175#-98.5795#US#679;1#United States#US#US##39.828175#-98.5795#US#1130;1#United States#US#US##39.828175#-98.5795#US#1642;1#United States#US#US##39.828175#-98.5795#US#1718;1#United States#US#US##39.828175#-98.5795#US#1833;1#United States#US#US##39.828175#-98.5795#US#2193;1#United States#US#US##39.828175#-98.5795#US#2220;1#United States#US#US##39.828175#-98.5795#US#2456;1#United States#US#US##39.828175#-98.5795#US#2603;1#United States#US#US##39.828175#-98.5795#US#4829;1#United States#US#US##39.828175#-98.5795#US#4930;1#United States#US#US##39.828175#-98.5795#US#5342;1#United States#US#US##39.828175#-98.5795#US#6413;3#Honolulu, Hawaii, United States#US#USHI#HI003#21.3069#-157.858#366212#6398;1#American#US#US##39.828175#-98.5795#US#1365;1#American#US#US##39.828175#-98.5795#US#1537;1#American#US#US##39.828175#-98.5795#US#5319;1#American#US#US##39.828175#-98.5795#US#7236;2#New Hampshire, United States#US#USNH##43.4108#-71.5653#NH#3115;2#New Hampshire, United States#US#USNH##43.4108#-71.5653#NH#3231;1#Israeli#IS#IS##31.5#34.75#IS#5526;1#Israeli#IS#IS##31.5#34.75#IS#5662;3#Smithsonian Institution, District Of Columbia, United States#US#USDC#DC001#38.8887#-77.0258#531840#4915;1#United Kingdom#UK#UK##54#-4#UK#5491;1#United Kingdom#UK#UK##54#-4#UK#5602;1#United Kingdom#UK#UK##54#-4#UK#5632;3#Miami, Florida, United States#US#USFL#FL086#25.7743#-80.1937#295004#1627;3#Miami, Florida, United States#US#USFL#FL086#25.7743#-80.1937#295004#1703;3#Miami, Florida, United States#US#USFL#FL086#25.7743#-80.1937#295004#1818;3#Miami, Florida, United States#US#USFL#FL086#25.7743#-80.1937#295004#2178;3#Miami, Florida, United States#US#USFL#FL086#25.7743#-80.1937#295004#2441;3#Miami, Florida, United States#US#USFL#FL086#25.7743#-80.1937#295004#2588;1#West Bank#WE#WE##31.666667#35.25#WE#5700;4#Jerusalem, Israel (General), Israel#IS#IS00#18315#31.7667#35.2333#-797092#5862;1#British#UK#UK##54#-4#UK#5839;1#Canada#CA#CA##60#-96#CA#807;1#Canada#CA#CA##60#-96#CA#857;1#Canada#CA#CA##60#-96#CA#984;1#Canada#CA#CA##60#-96#CA#1313;1#Canada#CA#CA##60#-96#CA#1382;1#Canada#CA#CA##60#-96#CA#1514;1#Canada#CA#CA##60#-96#CA#6064;3#Washington, Washington, United States#US#USDC#DC001#38.8951#-77.0364#531871#106;3#Washington, Washington, United States#US#USDC#DC001#38.8951#-77.0364#531871#664;3#Washington, Washington, United States#US#USDC#DC001#38.8951#-77.0364#531871#4814;4#London, London, City Of, United Kingdom#UK#UKH9#40110#51.5#-0.116667#-2601889#5586;3#National Museum Of American History, District Of Columbia, United States#US#USDC#DC001#38.8912#-77.0303#528855#5327;1#Canadian#CA#CA##60#-96#CA#770;1#Canadian#CA#CA##60#-96#CA#917;1#Canadian#CA#CA##60#-96#CA#1233;1#Canadian#CA#CA##60#-96#CA#1575;2#Missouri, United States#US#USMO##38.4623#-92.302#MO#3908;2#Missouri, United States#US#USMO##38.4623#-92.302#MO#4029;2#Missouri, United States#US#USMO##38.4623#-92.302#MO#4294;2#Missouri, United States#US#USMO##38.4623#-92.302#MO#4404;2#Missouri, United States#US#USMO##38.4623#-92.302#MO#4677;2#Michigan, United States#US#USMI##43.3504#-84.5603#MI#7053;2#Michigan, United States#US#USMI##43.3504#-84.5603#MI#7076;2#Michigan, United States#US#USMI##43.3504#-84.5603#MI#7174;2#Michigan, United States#US#USMI##43.3504#-84.5603#MI#7191;2#Michigan, United States#US#USMI##43.3504#-84.5603#MI#7352;4#Kharg Island, Bushehr, Iran#IR#IR22#40962#29.2458#50.3158#-3070760#589					-4.14012738853503,1.8312101910828,5.97133757961783,7.80254777070064,23.4872611464968,0.159235668789809,1176			https://bloximages.newyork1.vip.townnews.com/hngnews.com/content/tncms/custom/image/ab050ce8-ef00-11eb-9947-3fa732d15a79.jpg								<PAGE_AUTHORS>AP</PAGE_AUTHORS><PAGE_PRECISEPUBTIMESTAMP>20260908230400</PAGE_PRECISEPUBTIMESTAMP><PAGE_TITLE>AP News Summary at 7:04 p.m. EDT</PAGE_TITLE>
	20260908233000		wrmf.com	https://www.wrmf.com/the-legend-of-zelda-live-action-film-gets-official-title-new-release-date/						1#Japan#JA#JA##36#138#JA#828					4.66321243523316,4.66321243523316,0,4.66321243523316,19.6891191709845,0,172			https://www.wrmf.com/wp-content/uploads/2026/09/E_TheLegendofZelda_090826.png								<PAGE_LINKS>https://variety.com/2025/film/global/legend-of-zelda-movie-cast-bo-bragason-benjamin-evan-ainsworth-1236462236/</PAGE_LINKS><PAGE_PRECISEPUBTIMESTAMP>20260908193000</PAGE_PRECISEPUBTIMESTAMP><PAGE_TITLE>'The Legend of Zelda' live-action film gets official title, new release date &#x2013; 97.9 WRMF</PAGE_TITLE>
	20260908233000		paisano-online.com	https://paisano-online.com/53529/opinion/commentary/if-work-keeps-the-u-s-afloat-labor-days-meaning-will-croak/				WB_621_HEALTH_NUTRITION_AND_POPULATION,790;WB_639_REPRODUCTIVE_MATERNAL_AND_CHILD_HEALTH,790;WB_2662_FERTILITY_RATE,790;TAX_ETHNICITY_AMERICANS,476;TAX_ETHNICITY_AMERICANS,659;TAX_ETHNICITY_AMERICANS,2087;TAX_ETHNICITY_AMERICANS,2332;WB_856_WAGES,2232;WB_1654_ACTIVE_LABOR_MARKET_POLICIES,2232;WB_855_LABOR_MARKETS,2232;WB_697_SOCIAL_PROTECTION_AND_LABOR,2232;TAX_FNCACT_WORKERS,147;TAX_FNCACT_WORKERS,981;TAX_FNCACT_WORKERS,1107;TAX_FNCACT_WORKERS,2439;AFFECT,316;TAX_ECON_PRICE,2204;ECON_COST_OF_LIVING,2232;MEDIA_MSM,391;CRISISLEX_CRISISLEXREC,1158;ECON_INFLATION,509;WB_1104_MACROECONOMIC_VULNERABILITY_AND_DEBT,509;WB_442_INFLATION,509;USPEC_POLICY1,235;EPU_POLICY_SPENDING,235;EPU_ECONOMY,459;EPU_ECONOMY_HISTORIC,459;WB_678_DIGITAL_GOVERNMENT,391;WB_694_BROADCAST_AND_MEDIA,391;WB_133_INFORMATION_AND_COMMUNICATION_TECHNOLOGIES,391;INCOME_INEQUALITY,534;WB_336_NON_BANK_FINANCIAL_INSTITUTIONS,1475;WB_1920_FINANCIAL_SECTOR_DEVELOPMENT,1475;WB_612_HOUSING_FINANCE,1475;WB_332_CAPITAL_MARKETS,1475;TAX_ETHNICITY_AMERICAN,139;ECON_DEBT,1480;WB_450_DEBT,1480;GENERAL_HEALTH,1560;WB_635_PUBLIC_HEALTH,1560;WB_2165_HEALTH_EMERGENCIES,1560;WB_1324_EMERGENCY_MEDICAL_SERVICES,1560;WB_1973_FINANCIAL_RISK_REDUCTION,1578;WB_435_AGRICULTURE_AND_FOOD_SECURITY,1578;WB_337_INSURANCE,1578;WB_1967_AGRICULTURAL_RISK_AND_SECURITY,1578;		1#American#US#US##39.828175#-98.5795#US#139;1#Americans#US#US##39.828175#-98.5795#US#476;1#Americans#US#US##39.828175#-98.5795#US#659;1#Americans#US#US##39.828175#-98.5795#US#2087;1#Americans#US#US##39.828175#-98.5795#US#2332					-3.03687635574837,1.7353579175705,4.77223427331887,6.50759219088937,24.0780911062907,0.216919739696312,414			https://paisano-online.com/wp-content/uploads/2026/09/TRE-TORRES4.png								<PAGE_LINKS>https://educationdata.org/average-student-loan-debt;https://paisano-online.com/staff_name/tre-torres/;https://populationconnection.org/blog/re-the-two-reasons-americans-arent-having-babies-according-to-data/;https://usafacts.org/answers/how-many-people-have-multiple-jobs/country/united-states/;https://www.bankrate.com/mortgages/average-mortgage-debt/;https://www.bls.gov/ebs/factsheets/holiday-profiles.htm;https://www.bls.gov/news.release/atus.nr0.htm;https://www.cnbc.com/2026/03/22/menstrual-products-tampons-feminine-care-prices-inflation.html;https://www.cnbc.com/video/2026/07/21/more-americans-say-they-are-living-paycheck-to-paycheck.html;https://www.dol.gov/general/laborday/history;https://www.livenowfox.com/money/credit-card-debt-divorce;https://www.statista.com/chart/34534/median-house-price-versus-median-income-in-the-us/;https://www.wagnerreese.com/blog/ambulance-cost-no-insurance/;https://www.washingtonpost.com/opinions/interactive/2025/trump-baby-boom-birth-rate-declining/</PAGE_LINKS><PAGE_AUTHORS>Sophia Cyamara Aguirre</PAGE_AUTHORS><PAGE_TITLE>If work keeps the U.S. afloat, Labor Day's meaning will croak &#x2013; The Paisano</PAGE_TITLE>
	20260908233000		freepressjournal.in	https://www.freepressjournal.in/education/nalasopara-zilla-parishad-school-cooker-blast-injures-two-students-woman-during-midday-meal-preparation				EDUCATION,71;EDUCATION,168;EDUCATION,729;MANMADE_DISASTER_IMPLIED,71;MANMADE_DISASTER_IMPLIED,168;MANMADE_DISASTER_IMPLIED,729;SOC_POINTSOFINTEREST_SCHOOL,71;SOC_POINTSOFINTEREST_SCHOOL,168;SOC_POINTSOFINTEREST_SCHOOL,729;TAX_FNCACT_STUDENTS,177;TAX_FNCACT_STUDENTS,314;TAX_FNCACT_STUDENTS,370;TAX_FNCACT_STUDENTS,778;TAX_FNCACT_STUDENT,464;TAX_FNCACT_STUDENT,533;EPU_CATS_MIGRATION_FEAR_FEAR,715;TAX_FNCACT_WOMAN,232;WOUND,200;WOUND,305;WOUND,361;WOUND,769;CRISISLEX_CRISISLEXREC,200;CRISISLEX_CRISISLEXREC,305;CRISISLEX_CRISISLEXREC,361;CRISISLEX_CRISISLEXREC,769;CRISISLEX_C03_WELLBEING_HEALTH,200;CRISISLEX_C03_WELLBEING_HEALTH,305;CRISISLEX_C03_WELLBEING_HEALTH,361;CRISISLEX_C03_WELLBEING_HEALTH,769;CRISISLEX_T02_INJURED,200;CRISISLEX_T02_INJURED,305;CRISISLEX_T02_INJURED,361;CRISISLEX_T02_INJURED,769;GENERAL_HEALTH,333;GENERAL_HEALTH,816;MEDICAL,333;MEDICAL,816;SOC_POINTSOFINTEREST_HOSPITAL,333;SOC_POINTSOFINTEREST_HOSPITAL,816;WB_1428_INJURY,294;WB_1406_DISEASES,294;WB_621_HEALTH_NUTRITION_AND_POPULATION,294;WB_1427_NON_COMMUNICABLE_DISEASE_AND_INJURY,294;							-10.6060606060606,0,10.6060606060606,10.6060606060606,21.969696969697,0,128			https://media.assettype.com/freepressjournal/2026-09-08/z670hx1h/Untitled-design-2026-09-09T025446.756.jpg								<PAGE_PRECISEPUBTIMESTAMP>20260908212600</PAGE_PRECISEPUBTIMESTAMP><PAGE_ALTURL_AMP>https://www.freepressjournal.in/amp/education/nalasopara-zilla-parishad-school-cooker-blast-injures-two-students-woman-during-midday-meal-preparation</PAGE_ALTURL_AMP><PAGE_TITLE>Nalasopara Zilla Parishad School Cooker Blast Injures Two Students, Woman During Midday Meal Preparation</PAGE_TITLE>
	20260908233000		linuxjournal.com	https://www.linuxjournal.com/content/slackware-16-alpha-1-released-linux-618-lts-gcc-162-and-plasma-6				WB_2944_SERVERS,6844;WB_671_STORAGE_MANAGEMENT,6844;WB_667_ICT_INFRASTRUCTURE,6844;WB_672_NETWORK_MANAGEMENT,6844;WB_566_ENVIRONMENT_AND_NATURAL_RESOURCES,5342;WB_590_ECOSYSTEMS,5342;WB_678_DIGITAL_GOVERNMENT,3363;WB_2381_SOFTWARE_DEVELOPMENT,3363;WB_2375_ICT_METHODS_AND_PROCEDURES,3363;WB_133_INFORMATION_AND_COMMUNICATION_TECHNOLOGIES,3363;TRANSPARENCY,9196;TAX_FNCACT_MANAGER,8888;TAX_FNCACT_ADMINISTRATOR,9985;WB_1921_PRIVATE_SECTOR_DEVELOPMENT,3482;WB_405_BUSINESS_CLIMATE,3482;WB_2531_INSPECTIONS_LICENSING_AND_PERMITS,3482;WB_2530_BUSINESS_ENVIRONMENT,3482;WB_2947_OPERATING_SYSTEMS,9423;WB_669_SOFTWARE_INFRASTRUCTURE,9423;WB_135_TRANSPORT,4301;WB_1174_WAREHOUSING_AND_STORAGE,4301;WB_793_TRANSPORT_AND_LOGISTICS_SERVICES,4301;CRISISLEX_C07_SAFETY,7535;CRISISLEX_CRISISLEXREC,27;UNGP_FORESTS_RIVERS_OCEANS,2098;UNGP_FORESTS_RIVERS_OCEANS,3126;UNGP_FORESTS_RIVERS_OCEANS,3614;UNGP_FORESTS_RIVERS_OCEANS,6193;UNGP_FORESTS_RIVERS_OCEANS,6582;UNGP_FORESTS_RIVERS_OCEANS,7423;UNGP_FORESTS_RIVERS_OCEANS,9921;UNGP_FORESTS_RIVERS_OCEANS,12590;TECH_AUTOMATION,9395;TECH_AUTOMATION,13025;CRISISLEX_T11_UPDATESSYMPATHY,7088;WB_621_HEALTH_NUTRITION_AND_POPULATION,9492;WB_1448_DEMOGRAPHIC_CHANGE,9492;WB_643_AGING_POPULATION,9492;IDEOLOGY,7196;IDEOLOGY,8619;IDEOLOGY,9847;TAX_FNCACT_OFFICIAL,4490;TAX_FNCACT_OFFICIAL,5930;TAX_FNCACT_OFFICIAL,11299;TAX_FNCACT_OFFICIAL,12268;							1.60642570281124,2.45983935742972,0.853413654618474,3.31325301204819,16.0642570281125,0,1806											<PAGE_TITLE>Slackware 16 Alpha 1 Released with Linux 6.18 LTS, GCC 16.2, and Plasma 6</PAGE_TITLE>
	20260908233000		thestarphoenix.com	https://thestarphoenix.com/press-releases/business-wire/the-estee-lauder-companies-announces-expanded-roles-for-brian-franz-and-amber-english/				TAX_FNCACT_CHIEF_EXECUTIVE_OFFICER,751;WB_1467_EDUCATION_FOR_ALL,2101;WB_470_EDUCATION,2101;WB_2131_EMPLOYABILITY_SKILLS_AND_JOBS,2101;WB_1484_EDUCATION_SKILLS_DEVELOPMENT_AND_LABOR_MARKET,2101;TAX_FNCACT_EXECUTIVE_OFFICER,751;TAX_FNCACT_GENERAL_MANAGER,4073;TAX_FNCACT_VICE_PRESIDENT,4055;TAX_FNCACT_EXECUTIVE,265;TAX_FNCACT_EXECUTIVE,743;TAX_FNCACT_EXECUTIVE,815;WB_678_DIGITAL_GOVERNMENT,6154;WB_694_BROADCAST_AND_MEDIA,6154;WB_133_INFORMATION_AND_COMMUNICATION_TECHNOLOGIES,6154;TAX_FNCACT_SENIOR_VICE_PRESIDENT,4055;TAX_MILITARY_TITLE_OFFICER,342;TAX_MILITARY_TITLE_OFFICER,751;TAX_FNCACT_OFFICER,342;TAX_FNCACT_OFFICER,751;LEADER,476;LEADER,725;LEADER,3802;LEADER,4055;TAX_FNCACT_PRESIDENT,476;TAX_FNCACT_PRESIDENT,725;TAX_FNCACT_PRESIDENT,3802;TAX_FNCACT_PRESIDENT,4055;USPEC_POLITICS_GENERAL1,476;USPEC_POLITICS_GENERAL1,725;USPEC_POLITICS_GENERAL1,3802;USPEC_POLITICS_GENERAL1,4055;TAX_FNCACT_MANAGER,4073;UNGP_FORESTS_RIVERS_OCEANS,1168;EPU_ECONOMY_HISTORIC,1260;EPU_ECONOMY_HISTORIC,2603;EPU_ECONOMY_HISTORIC,3899;EPU_ECONOMY_HISTORIC,4284;EPU_ECONOMY_HISTORIC,4336;EPU_ECONOMY_HISTORIC,4546;EPU_ECONOMY_HISTORIC,4842;TAX_FNCACT_CHIEF,308;TAX_FNCACT_CHIEF,733;TAX_ETHNICITY_ENGLISH,451;TAX_ETHNICITY_ENGLISH,3469;TAX_ETHNICITY_ENGLISH,3573;TAX_ETHNICITY_ENGLISH,3997;TAX_ETHNICITY_ENGLISH,4857;TAX_WORLDLANGUAGES_ENGLISH,451;TAX_WORLDLANGUAGES_ENGLISH,3469;TAX_WORLDLANGUAGES_ENGLISH,3573;TAX_WORLDLANGUAGES_ENGLISH,3997;TAX_WORLDLANGUAGES_ENGLISH,4857;APPOINTMENT,302;TAX_FNCACT_CHIEF_EXECUTIVE,743;WB_2601_TRADE_LINKAGES_SPILLOVERS_AND_CONNECTIVITY,3756;WB_772_TRADE_FACILITATION_AND_LOGISTICS,3756;WB_699_URBAN_DEVELOPMENT,3756;WB_866_CONNECTIVITY_AND_LAGGING_REGIONS,3756;WB_698_TRADE,3756;WB_797_NATIONAL_URBAN_POLICIES,3756;TAX_FNCACT_STEWARD,5308;WB_566_ENVIRONMENT_AND_NATURAL_RESOURCES,2495;WB_590_ECOSYSTEMS,2495;TAX_FNCACT_RETAILER,4313;TAX_FNCACT_RETAILER,6079;PROTEST,4715;		1#America#US#US##39.828175#-98.5795#US#4101					3.92781316348195,4.35244161358811,0.424628450106157,4.77707006369427,19.8513800424628,2.33545647558386,820			https://thestarphoenix.com/wp-content/uploads/sites/3/2026/09/bw20260908417554_ae_bf_announcement_-_2000x1313.jpeg								<PAGE_LINKS>https://www.businesswire.com/news/home/20260908417554/en/</PAGE_LINKS><PAGE_AUTHORS>Business Wire</PAGE_AUTHORS><PAGE_PRECISEPUBTIMESTAMP>20260908210500</PAGE_PRECISEPUBTIMESTAMP><PAGE_TITLE>The Est&#xE9;e Lauder Companies Announces Expanded Roles for Brian Franz and Amber English</PAGE_TITLE>
	20260908233000		tvtechnology.com	https://www.tvtechnology.com/infrastructure/g-and-d-vuwall-to-introduce-vsneo-kvm-platform-at-ibc2026				TAX_FNCACT_OPERATOR,1352;TAX_FNCACT_OPERATOR,2168;TRAFFIC,790;WB_670_ICT_SECURITY,731;WB_2371_ENCRYPTION,731;MEDIA_MSM,2525;WB_566_ENVIRONMENT_AND_NATURAL_RESOURCES,1940;WB_590_ECOSYSTEMS,1940;EPU_ECONOMY_HISTORIC,2575;UNGP_FORESTS_RIVERS_OCEANS,683;WB_678_DIGITAL_GOVERNMENT,218;WB_694_BROADCAST_AND_MEDIA,218;WB_133_INFORMATION_AND_COMMUNICATION_TECHNOLOGIES,218;		4#Amsterdam, Noord-Holland, Netherlands#NL#NL07#22373#52.35#4.91667#-2140479#272;4#Siegen, Nordrhein-Westfalen, Germany#GM#GM07#16554#50.8667#8.03333#-1864509#6;1#Germany#GM#GM##51.5#10.5#GM#15;1#Germany#GM#GM##51.5#10.5#GM#25					3.45679012345679,4.69135802469136,1.23456790123457,5.92592592592593,20.7407407407407,0,357			https://cdn.mos.cms.futurecdn.net/jVQ8dVcBQpCR7sHyU9pB7A-1448-75.png								<PAGE_LINKS>http://www.vuwall.com/</PAGE_LINKS><PAGE_AUTHORS>Phil Kurz</PAGE_AUTHORS><PAGE_TITLE>G&D, VuWall To Introduce vsNEO KVM Platform At IBC2026</PAGE_TITLE>
	20260908233000		wajr.com	https://wajr.com/2026/09/08/house-explosion-in-monongah-sends-one-person-to-hospital/				CRISISLEX_C07_SAFETY,1275;TAX_FNCACT_SHERIFF,1665;TAX_FNCACT_MARSHAL,1315;SECURITY_SERVICES,1348;SECURITY_SERVICES,1622;TAX_FNCACT_POLICE,1348;TAX_FNCACT_POLICE,1622;WB_2024_ANTI_CORRUPTION_AUTHORITIES,1275;WB_696_PUBLIC_SECTOR_MANAGEMENT,1275;WB_840_JUSTICE,1275;WB_2025_INVESTIGATION,1275;WB_831_GOVERNANCE,1275;WB_832_ANTI_CORRUPTION,1275;WB_1014_CRIMINAL_JUSTICE,1275;TAX_FNCACT_FIRE_MARSHAL,1315;GENERAL_HEALTH,74;MEDICAL,74;SOC_POINTSOFINTEREST_HOSPITAL,74;CRISISLEX_C03_WELLBEING_HEALTH,74;CRISISLEX_T11_UPDATESSYMPATHY,1007;CRISISLEX_C04_LOGISTICS_TRANSPORT,1168;MANMADE_DISASTER_IMPLIED,385;WB_168_ROADS_AND_HIGHWAYS,385;WB_135_TRANSPORT,385;WB_1809_HIGHWAYS,385;WB_1803_TRANSPORT_INFRASTRUCTURE,385;TAX_FNCACT_OFFICIALS,125;TAX_FNCACT_OFFICIALS,282;TAX_FNCACT_OFFICIALS,851;WB_1428_INJURY,624;WB_1406_DISEASES,624;WB_621_HEALTH_NUTRITION_AND_POPULATION,624;WB_1427_NON_COMMUNICABLE_DISEASE_AND_INJURY,624;CRISISLEX_T02_INJURED,624;CRISISLEX_CRISISLEXREC,149;CRISISLEX_CRISISLEXREC,308;CRISISLEX_CRISISLEXREC,444;CRISISLEX_CRISISLEXREC,544;CRISISLEX_CRISISLEXREC,1247;CRISISLEX_T01_CAUTION_ADVICE,149;CRISISLEX_T01_CAUTION_ADVICE,308;CRISISLEX_T01_CAUTION_ADVICE,444;CRISISLEX_T01_CAUTION_ADVICE,544;CRISISLEX_T01_CAUTION_ADVICE,1247;		3#Marion County, West Virginia, United States#US#USWV#WV049#39.5168#-80.2498#1718173#1565;3#Marion County, West Virginia, United States#US#USWV#WV049#39.5168#-80.2498#1718173#1642;3#Farmington, West Virginia, United States#US#USWV#WV049#39.5129#-80.249#1554446#1455;3#Monongah, West Virginia, United States#US#USWV#WV049#39.4626#-80.2181#1555149#8;3#Monongah, West Virginia, United States#US#USWV#WV049#39.4626#-80.2181#1555149#161;3#Monongah, West Virginia, United States#US#USWV#WV049#39.4626#-80.2181#1555149#239;3#Monongah, West Virginia, United States#US#USWV#WV049#39.4626#-80.2181#1555149#826;3#Monongah, West Virginia, United States#US#USWV#WV049#39.4626#-80.2181#1555149#1375;3#Shinnston, West Virginia, United States#US#USWV#WV033#39.3956#-80.3001#1555613#1482;2#Virginia, United States#US#USVA##37.768#-78.2057#VA#1296;2#Virginia, United States#US#USVA##37.768#-78.2057#VA#1335;2#Virginia, United States#US#USVA##37.768#-78.2057#VA#1609;3#Boothsville, West Virginia, United States#US#USWV#WV049#39.3948#-80.1951#1553950#1427;2#West Virginia, United States#US#USWV##38.468#-80.9696#WV#1296;2#West Virginia, United States#US#USWV##38.468#-80.9696#WV#1335;2#West Virginia, United States#US#USWV##38.468#-80.9696#WV#1609					-3.97111913357401,0.72202166064982,4.69314079422383,5.41516245487365,23.1046931407942,0,275			https://wajr.com/wp-content/uploads/2026/09/mobile_main.jpg								<PAGE_TITLE>House explosion in Monongah sends one person to hospital</PAGE_TITLE>
	20260908233000		greeleytribune.com	https://www.greeleytribune.com/2026/09/08/small-plane-crash-bahamas/				SOC_POINTSOFINTEREST_AIRPORT,797;WB_135_TRANSPORT,797;WB_1803_TRANSPORT_INFRASTRUCTURE,797;WB_1804_AIRPORTS,797;TAX_FNCACT_AUTHORITIES,1445;TAX_FNCACT_AUTHORITIES,2188;EPU_POLICY_AUTHORITIES,1445;EPU_POLICY_AUTHORITIES,2188;SECURITY_SERVICES,862;SECURITY_SERVICES,1715;SECURITY_SERVICES,1922;SECURITY_SERVICES,2385;TAX_FNCACT_POLICE,862;TAX_FNCACT_POLICE,1715;TAX_FNCACT_POLICE,1922;TAX_FNCACT_POLICE,2385;CRISISLEX_C07_SAFETY,862;CRISISLEX_C07_SAFETY,1715;CRISISLEX_C07_SAFETY,1922;CRISISLEX_C07_SAFETY,2385;TAX_FNCACT_PILOT,943;MARITIME_INCIDENT,232;MARITIME,232;AVIATION_INCIDENT,2479;MANMADE_DISASTER_PLANE_CRASH,2479;KILL,113;CRISISLEX_CRISISLEXREC,113;CRISISLEX_T02_INJURED,113;CRISISLEX_T03_DEAD,113;TAX_FNCACT_EXECUTIVE,789;TAX_FNCACT_GUARD,303;TAX_FNCACT_GUARD,2089;TAX_FNCACT_GUARD,2130;TAX_RELIGION_CHRISTIAN,1146;TAX_ETHNICITY_CHRISTIAN,1146;CRISISLEX_T11_UPDATESSYMPATHY,438;TRAFFIC,1810;AFFECT,81;AFFECT,620;WB_1810_TRAFFIC_CONTROL_AND_MONITORING,1818;MANMADE_DISASTER_IMPLIED,63;MANMADE_DISASTER_IMPLIED,551;MANMADE_DISASTER_IMPLIED,1052;MANMADE_DISASTER_IMPLIED,1373;MANMADE_DISASTER_IMPLIED,1541;MANMADE_DISASTER_IMPLIED,1736;MANMADE_DISASTER_IMPLIED,2027;MANMADE_DISASTER_IMPLIED,2136;MANMADE_DISASTER_IMPLIED,2473;MEDIA_SOCIAL,2426;SOC_USSECURITYAGENCIES,303;SOC_USSECURITYAGENCIES,2089;SOC_USSECURITYAGENCIES,2130;DELAY,2333;		4#Andros Island, Central Andros, Bahamas, The#BF#BF38#5747#24.4333#-77.95#-1542741#1891;4#Great Harbour Cay, Nichollstown And Berry Islands, Bahamas, The#BF#BF32#5747#25.75#-77.8333#-1543364#664;4#Great Harbour Cay, Nichollstown And Berry Islands, Bahamas, The#BF#BF32#5747#25.75#-77.8333#-1543364#1025;5#Berry Islands, Nichollstown And Berry Islands, Bahamas, The#BF#BF32#5747#25.7211#-77.8314#-1543847#708;1#Bahamas#BF#BF##24#-76#BF#97;1#Bahamas#BF#BF##24#-76#BF#673;1#Bahamas#BF#BF##24#-76#BF#717;1#Bahamas#BF#BF##24#-76#BF#737;1#Bahamas#BF#BF##24#-76#BF#855;1#Bahamas#BF#BF##24#-76#BF#975;1#Bahamas#BF#BF##24#-76#BF#1034;1#Bahamas#BF#BF##24#-76#BF#1576;1#Bahamas#BF#BF##24#-76#BF#1708;1#Bahamas#BF#BF##24#-76#BF#1900;1#Bahamas#BF#BF##24#-76#BF#1915;1#Bahamas#BF#BF##24#-76#BF#2203;1#Bahamas#BF#BF##24#-76#BF#2378;1#Bahamas#BF#BF##24#-76#BF#2504;1#Bahamas#BF#BF##24#-76#BF#2524;3#Miami, Florida, United States#US#USFL#FL086#25.7743#-80.1937#295004#764;3#Miami, Florida, United States#US#USFL#FL086#25.7743#-80.1937#295004#806;3#Miami, Florida, United States#US#USFL#FL086#25.7743#-80.1937#295004#1191;3#Miami, Florida, United States#US#USFL#FL086#25.7743#-80.1937#295004#1585;3#Miami, Florida, United States#US#USFL#FL086#25.7743#-80.1937#295004#1971;5#North Andros, North Andros, Bahamas, The#BF#BF47#5747#24.7669#-78.0961#11057040#2495					-1.9047619047619,2.14285714285714,4.04761904761905,6.19047619047619,25.952380952381,1.42857142857143,398			https://www.greeleytribune.com/wp-content/uploads/2026/09/Small_Plane_Crash_Bahamas_37_2.jpg								<PAGE_LINKS>https://apnews.com/article/bahamas-plane-crash-flamingo-musicians-dj-8154263349687a96ec7d53b118a80bda</PAGE_LINKS><PAGE_AUTHORS>Associated Press</PAGE_AUTHORS><PAGE_PRECISEPUBTIMESTAMP>20260908195700</PAGE_PRECISEPUBTIMESTAMP><PAGE_TITLE>Relative says all 4 family members aboard plane missing off the Bahamas found dead</PAGE_TITLE>
	20260908233000		claycord.com	https://www.claycord.com/2026/09/08/spare-the-air-alert-issued-for-wednesday-in-the-bay-area/				WB_135_TRANSPORT,303;WB_566_ENVIRONMENT_AND_NATURAL_RESOURCES,212;WB_1791_AIR_POLLUTION,212;WB_601_POLLUTION_MANAGEMENT,212;GENERAL_HEALTH,212;CRISISLEX_C06_WATER_SANITATION,212;UNGP_FORESTS_RIVERS_OCEANS,212;TAX_FNCACT_CHILDREN,381;PUBLIC_TRANSPORT,303;							-1.13636363636364,4.54545454545455,5.68181818181818,10.2272727272727,32.9545454545455,0,81			https://www.claycord.com/wp-content/uploads/2026/09/spare.png								<PAGE_AUTHORS>CLAYCORD.com</PAGE_AUTHORS><PAGE_PRECISEPUBTIMESTAMP>20260908210000</PAGE_PRECISEPUBTIMESTAMP><PAGE_TITLE>Spare The Air Alert Issued For Wednesday In The Bay Area</PAGE_TITLE>
	20260908233000		the42.ie	https://www.the42.ie/troy-parrott-scores-winning-goal-as-betis-earn-hard-fought-champions-league-win-7156511-Sep2026/				TAX_FNCACT_CHAMPIONS,9;TAX_FNCACT_CHAMPIONS,138;TAX_ETHNICITY_SPANISH,841;TAX_WORLDLANGUAGES_SPANISH,841;TAX_ETHNICITY_FRENCH,171;TAX_WORLDLANGUAGES_FRENCH,171;TAX_FNCACT_HERO,71;TAX_ETHNICITY_IRISH,244;TAX_WORLDLANGUAGES_IRISH,244;		1#Irish#EI#EI##53#-8#EI#244;1#Spanish#SP#SP##40#-4#SP#841;1#French#FR#FR##46#2#FR#171					2.27272727272727,5.11363636363636,2.84090909090909,7.95454545454545,17.6136363636364,0,159			https://img2.thejournal.ie/article/7156511/river/?&version=7156514								<PAGE_LINKS>https://www.the42.ie/troy-parrott-first-goal-for-real-betis-7153220-Sep2026/</PAGE_LINKS><PAGE_AUTHORS>Paul Fennessy</PAGE_AUTHORS><PAGE_TITLE>Troy Parrott scores winning goal as Betis earn hard-fought Champions League win</PAGE_TITLE>
	20260908233000		napaneeguide.com	https://www.napaneeguide.com:443/belleville-region-news/life-with-an-addiction-belleville-mens-stories-of-horror-and-hope				USPEC_POLICY1,4218;EPU_POLICY_DEFICIT,4218;CRIME_ILLEGAL_DRUGS,512;CRIME_ILLEGAL_DRUGS,1719;CRIME_ILLEGAL_DRUGS,5021;CRIME_ILLEGAL_DRUGS,5328;TAX_RELIGION_CHURCH,6799;TAX_DISEASE_POISONING,2581;MEDIA_SOCIAL,5942;UNEMPLOYMENT,7755;WB_2745_JOB_QUALITY_AND_LABOR_MARKET_PERFORMANCE,7755;WB_2670_JOBS,7755;WB_2689_JOBS_DIAGNOSTICS,7755;WB_2747_UNEMPLOYMENT,7755;UNGP_JOB_OPPORTUNITIES_EMPLOYMENT,7755;EPU_CATS_HEALTHCARE,3276;TAX_FNCACT_PRINCE,5550;WB_1430_MENTAL_HEALTH,1611;WB_1430_MENTAL_HEALTH,5522;WB_1430_MENTAL_HEALTH,8218;WB_1430_MENTAL_HEALTH,8259;TAX_FNCACT_AUTHOR,129;WB_1636_DISABILITY_ALLOWANCE,6055;WB_1466_SOCIAL_ASSISTANCE,6055;WB_1624_SOCIAL_PENSIONS,6055;WB_697_SOCIAL_PROTECTION_AND_LABOR,6055;UNGP_SUPPORT_FOR_PEOPLE_WHO_CANT_WORK,6055;ARMEDCONFLICT,3916;UNGP_FREEDOM_FROM_DISCRIMINATION,2283;TAX_FNCACT_DOCTORS,4532;CRISISLEX_C03_WELLBEING_HEALTH,4532;LEGALIZE,6222;WB_1331_HEALTH_TECHNOLOGIES,694;WB_1331_HEALTH_TECHNOLOGIES,2288;WB_1331_HEALTH_TECHNOLOGIES,2613;WB_1331_HEALTH_TECHNOLOGIES,2849;WB_1331_HEALTH_TECHNOLOGIES,2963;WB_1331_HEALTH_TECHNOLOGIES,4371;WB_1331_HEALTH_TECHNOLOGIES,4434;WB_1331_HEALTH_TECHNOLOGIES,4580;WB_2453_ORGANIZED_CRIME,694;WB_2453_ORGANIZED_CRIME,2288;WB_2453_ORGANIZED_CRIME,2613;WB_2453_ORGANIZED_CRIME,2849;WB_2453_ORGANIZED_CRIME,2963;WB_2453_ORGANIZED_CRIME,4371;WB_2453_ORGANIZED_CRIME,4434;WB_2453_ORGANIZED_CRIME,4580;WB_1350_PHARMACEUTICALS,694;WB_1350_PHARMACEUTICALS,2288;WB_1350_PHARMACEUTICALS,2613;WB_1350_PHARMACEUTICALS,2849;WB_1350_PHARMACEUTICALS,2963;WB_1350_PHARMACEUTICALS,4371;WB_1350_PHARMACEUTICALS,4434;WB_1350_PHARMACEUTICALS,4580;WB_2433_CONFLICT_AND_VIOLENCE,694;WB_2433_CONFLICT_AND_VIOLENCE,2288;WB_2433_CONFLICT_AND_VIOLENCE,2613;WB_2433_CONFLICT_AND_VIOLENCE,2849;WB_2433_CONFLICT_AND_VIOLENCE,2963;WB_2433_CONFLICT_AND_VIOLENCE,4371;WB_2433_CONFLICT_AND_VIOLENCE,4434;WB_2433_CONFLICT_AND_VIOLENCE,4580;WB_2432_FRAGILITY_CONFLICT_AND_VIOLENCE,694;WB_2432_FRAGILITY_CONFLICT_AND_VIOLENCE,2288;WB_2432_FRAGILITY_CONFLICT_AND_VIOLENCE,2613;WB_2432_FRAGILITY_CONFLICT_AND_VIOLENCE,2849;WB_2432_FRAGILITY_CONFLICT_AND_VIOLENCE,2963;WB_2432_FRAGILITY_CONFLICT_AND_VIOLENCE,4371;WB_2432_FRAGILITY_CONFLICT_AND_VIOLENCE,4434;WB_2432_FRAGILITY_CONFLICT_AND_VIOLENCE,4580;WB_2456_DRUGS_AND_NARCOTICS,694;WB_2456_DRUGS_AND_NARCOTICS,2288;WB_2456_DRUGS_AND_NARCOTICS,2613;WB_2456_DRUGS_AND_NARCOTICS,2849;WB_2456_DRUGS_AND_NARCOTICS,2963;WB_2456_DRUGS_AND_NARCOTICS,4371;WB_2456_DRUGS_AND_NARCOTICS,4434;WB_2456_DRUGS_AND_NARCOTICS,4580;EDUCATION,3669;EDUCATION,4669;MANMADE_DISASTER_IMPLIED,3669;MANMADE_DISASTER_IMPLIED,4669;SOC_POINTSOFINTEREST_SCHOOL,3669;SOC_POINTSOFINTEREST_SCHOOL,4669;DISABILITY,6046;WB_1458_HEALTH_PROMOTION_AND_DISEASE_PREVENTION,6046;WB_635_PUBLIC_HEALTH,6046;WB_1464_HEALTH_OF_THE_DISABLED,6046;TAX_RELIGION_CHRISTIAN,7521;TAX_ETHNICITY_CHRISTIAN,7521;GENERAL_GOVERNMENT,6329;EPU_POLICY_GOVERNMENT,6329;TAX_ETHNICITY_SAMI,664;TAX_ETHNICITY_SAMI,1065;TAX_ETHNICITY_SAMI,3287;TAX_ETHNICITY_SAMI,3559;TAX_ETHNICITY_SAMI,3890;TAX_ETHNICITY_SAMI,4010;TAX_ETHNICITY_SAMI,4504;TAX_ETHNICITY_SAMI,4638;TAX_ETHNICITY_SAMI,4713;TAX_ETHNICITY_SAMI,4869;TAX_ETHNICITY_SAMI,6699;TAX_ETHNICITY_SAMI,7049;TAX_ETHNICITY_SAMI,7312;TAX_ETHNICITY_SAMI,7839;TAX_ETHNICITY_SAMI,7968;TAX_FNCACT_INTELLIGENCER,570;TAX_FNCACT_INTELLIGENCER,1239;SOC_GENERALCRIME,2378;EPU_CATS_MIGRATION_FEAR_FEAR,2378;TAX_DISEASE_NARCOLEPSY,4254;CRISISLEX_C08_TELECOM,8301;CRISISLEX_T11_UPDATESSYMPATHY,2782;DISCRIMINATION,2344;WB_1406_DISEASES,22;WB_1406_DISEASES,493;WB_1406_DISEASES,738;WB_1406_DISEASES,1143;WB_1406_DISEASES,2137;WB_1406_DISEASES,3320;WB_1406_DISEASES,3424;WB_1406_DISEASES,4135;WB_1406_DISEASES,4706;WB_1406_DISEASES,5598;WB_1406_DISEASES,6770;WB_1406_DISEASES,7339;WB_1406_DISEASES,7772;WB_1406_DISEASES,8202;WB_1437_SOCIAL_DETERMINANTS_FOR_HEALTH,22;WB_1437_SOCIAL_DETERMINANTS_FOR_HEALTH,493;WB_1437_SOCIAL_DETERMINANTS_FOR_HEALTH,738;WB_1437_SOCIAL_DETERMINANTS_FOR_HEALTH,1143;WB_1437_SOCIAL_DETERMINANTS_FOR_HEALTH,2137;WB_1437_SOCIAL_DETERMINANTS_FOR_HEALTH,3320;WB_1437_SOCIAL_DETERMINANTS_FOR_HEALTH,3424;WB_1437_SOCIAL_DETERMINANTS_FOR_HEALTH,4135;WB_1437_SOCIAL_DETERMINANTS_FOR_HEALTH,4706;WB_1437_SOCIAL_DETERMINANTS_FOR_HEALTH,5598;WB_1437_SOCIAL_DETERMINANTS_FOR_HEALTH,6770;WB_1437_SOCIAL_DETERMINANTS_FOR_HEALTH,7339;WB_1437_SOCIAL_DETERMINANTS_FOR_HEALTH,7772;WB_1437_SOCIAL_DETERMINANTS_FOR_HEALTH,8202;WB_1438_ALCOHOL_AND_SUBSTANCE_ABUSE,22;WB_1438_ALCOHOL_AND_SUBSTANCE_ABUSE,493;WB_1438_ALCOHOL_AND_SUBSTANCE_ABUSE,738;WB_1438_ALCOHOL_AND_SUBSTANCE_ABUSE,1143;WB_1438_ALCOHOL_AND_SUBSTANCE_ABUSE,2137;WB_1438_ALCOHOL_AND_SUBSTANCE_ABUSE,3320;WB_1438_ALCOHOL_AND_SUBSTANCE_ABUSE,3424;WB_1438_ALCOHOL_AND_SUBSTANCE_ABUSE,4135;WB_1438_ALCOHOL_AND_SUBSTANCE_ABUSE,4706;WB_1438_ALCOHOL_AND_SUBSTANCE_ABUSE,5598;WB_1438_ALCOHOL_AND_SUBSTANCE_ABUSE,6770;WB_1438_ALCOHOL_AND_SUBSTANCE_ABUSE,7339;WB_1438_ALCOHOL_AND_SUBSTANCE_ABUSE,7772;WB_1438_ALCOHOL_AND_SUBSTANCE_ABUSE,8202;WB_621_HEALTH_NUTRITION_AND_POPULATION,22;WB_621_HEALTH_NUTRITION_AND_POPULATION,493;WB_621_HEALTH_NUTRITION_AND_POPULATION,738;WB_621_HEALTH_NUTRITION_AND_POPULATION,1143;WB_621_HEALTH_NUTRITION_AND_POPULATION,2137;WB_621_HEALTH_NUTRITION_AND_POPULATION,3320;WB_621_HEALTH_NUTRITION_AND_POPULATION,3424;WB_621_HEALTH_NUTRITION_AND_POPULATION,4135;WB_621_HEALTH_NUTRITION_AND_POPULATION,4706;WB_621_HEALTH_NUTRITION_AND_POPULATION,5598;WB_621_HEALTH_NUTRITION_AND_POPULATION,6770;WB_621_HEALTH_NUTRITION_AND_POPULATION,7339;WB_621_HEALTH_NUTRITION_AND_POPULATION,7772;WB_621_HEALTH_NUTRITION_AND_POPULATION,8202;WB_1427_NON_COMMUNICABLE_DISEASE_AND_INJURY,22;WB_1427_NON_COMMUNICABLE_DISEASE_AND_INJURY,493;WB_1427_NON_COMMUNICABLE_DISEASE_AND_INJURY,738;WB_1427_NON_COMMUNICABLE_DISEASE_AND_INJURY,1143;WB_1427_NON_COMMUNICABLE_DISEASE_AND_INJURY,2137;WB_1427_NON_COMMUNICABLE_DISEASE_AND_INJURY,3320;WB_1427_NON_COMMUNICABLE_DISEASE_AND_INJURY,3424;WB_1427_NON_COMMUNICABLE_DISEASE_AND_INJURY,4135;WB_1427_NON_COMMUNICABLE_DISEASE_AND_INJURY,4706;WB_1427_NON_COMMUNICABLE_DISEASE_AND_INJURY,5598;WB_1427_NON_COMMUNICABLE_DISEASE_AND_INJURY,6770;WB_1427_NON_COMMUNICABLE_DISEASE_AND_INJURY,7339;WB_1427_NON_COMMUNICABLE_DISEASE_AND_INJURY,7772;WB_1427_NON_COMMUNICABLE_DISEASE_AND_INJURY,8202;GENERAL_HEALTH,1611;GENERAL_HEALTH,2922;GENERAL_HEALTH,5522;GENERAL_HEALTH,7597;GENERAL_HEALTH,8218;GENERAL_HEALTH,8259;MEDICAL,1611;MEDICAL,2922;MEDICAL,5522;MEDICAL,7597;MEDICAL,8218;MEDICAL,8259;TAX_WORLDMAMMALS_HUMAN,3498;TAX_ETHNICITY_CANADIAN,5508;TAX_ETHNICITY_CANADIAN,8245;		1#Canadian#CA#CA##60#-96#CA#5508;1#Canadian#CA#CA##60#-96#CA#8245					0.0676589986468206,3.45060893098782,3.382949932341,6.83355886332882,25.8457374830853,1.15020297699594,1330											<PAGE_TITLE>Life with an addiction: Belleville men's stories of horror and hope - Belleville Intelligencer</PAGE_TITLE>
	20260908233000		napaneeguide.com	https://www.napaneeguide.com:443/news/farm-news/global-inflation-at-4-8-per-cent				ECON_INFLATION,34;ECON_INFLATION,93;ECON_INFLATION,232;ECON_INFLATION,309;WB_1104_MACROECONOMIC_VULNERABILITY_AND_DEBT,34;WB_1104_MACROECONOMIC_VULNERABILITY_AND_DEBT,93;WB_1104_MACROECONOMIC_VULNERABILITY_AND_DEBT,232;WB_1104_MACROECONOMIC_VULNERABILITY_AND_DEBT,309;WB_442_INFLATION,34;WB_442_INFLATION,93;WB_442_INFLATION,232;WB_442_INFLATION,309;FOOD_SECURITY,93;UNGP_AFFORDABLE_NUTRITIOUS_FOOD,93;		1#South Africa#SF#SF##-30#26#SF#420;1#Argentina#AR#AR##-34#-64#AR#449;1#Brazil#BR#BR##-10#-55#BR#385;1#Indonesia#ID#ID##-5#120#ID#405;1#India#IN#IN##20#77#IN#393;1#Saudi Arabia#SA#SA##25#45#SA#483;1#China#CH#CH##35#105#CH#318;1#Canada#CA#CA##60#-96#CA#160					-2.02020202020202,0,2.02020202020202,2.02020202020202,14.1414141414141,0,87											<PAGE_TITLE>Global inflation at 4.8 per cent | The Napanee Guide</PAGE_TITLE>
	20260908233000		wpbf.com	https://www.wpbf.com/article/miami-amazon-plane-crash-victims/73644614				KILL,414;CRISISLEX_T03_DEAD,414;TAX_FNCACT_PILOTS,1517;GENERAL_HEALTH,1580;MEDICAL,1580;SOC_POINTSOFINTEREST_HOSPITAL,1580;CRISISLEX_C03_WELLBEING_HEALTH,1580;UNGP_FORESTS_RIVERS_OCEANS,626;AVIATION_INCIDENT,75;MANMADE_DISASTER_PLANE_CRASH,75;WB_135_TRANSPORT,1700;TAX_WORLDMAMMALS_HUMAN,16;TAX_WORLDMAMMALS_HUMAN,1441;TAX_FNCACT_AUTHORITIES,379;TAX_FNCACT_AUTHORITIES,1489;EPU_POLICY_AUTHORITIES,379;EPU_POLICY_AUTHORITIES,1489;WOUND,1631;MANMADE_DISASTER_IMPLIED,69;MANMADE_DISASTER_IMPLIED,147;MANMADE_DISASTER_IMPLIED,441;MANMADE_DISASTER_IMPLIED,573;MANMADE_DISASTER_IMPLIED,1543;CRISISLEX_C07_SAFETY,243;CRISISLEX_T02_INJURED,708;CRISISLEX_T02_INJURED,1047;CRISISLEX_T11_UPDATESSYMPATHY,853;TAX_FNCACT_SHERIFF,992;TAX_FNCACT_VICTIMS,32;TAX_FNCACT_VICTIMS,98;TAX_FNCACT_VICTIMS,405;TAX_FNCACT_VICTIMS,708;TAX_FNCACT_VICTIMS,876;TAX_FNCACT_VICTIMS,1047;CRISISLEX_CRISISLEXREC,32;CRISISLEX_CRISISLEXREC,98;CRISISLEX_CRISISLEXREC,405;CRISISLEX_CRISISLEXREC,708;CRISISLEX_CRISISLEXREC,876;CRISISLEX_CRISISLEXREC,1047;CRISISLEX_T08_MISSINGFOUNDTRAPPEDPEOPLE,32;CRISISLEX_T08_MISSINGFOUNDTRAPPEDPEOPLE,98;CRISISLEX_T08_MISSINGFOUNDTRAPPEDPEOPLE,405;CRISISLEX_T08_MISSINGFOUNDTRAPPEDPEOPLE,708;CRISISLEX_T08_MISSINGFOUNDTRAPPEDPEOPLE,876;CRISISLEX_T08_MISSINGFOUNDTRAPPEDPEOPLE,1047;		3#Miami, Florida, United States#US#USFL#FL086#25.7743#-80.1937#295004#41;3#Miami, Florida, United States#US#USFL#FL086#25.7743#-80.1937#295004#184;3#Miami, Florida, United States#US#USFL#FL086#25.7743#-80.1937#295004#342;3#Miami, Florida, United States#US#USFL#FL086#25.7743#-80.1937#295004#478;3#Miami, Florida, United States#US#USFL#FL086#25.7743#-80.1937#295004#958					-2.17391304347826,3.98550724637681,6.15942028985507,10.1449275362319,16.6666666666667,0.36231884057971,256			https://kubrick.htvapps.com/vidthumb/eaa3bb7d-bf66-442f-a4f1-7ad981ececd5/2531daad-46d5-407c-bbf4-0a84c78d17fc.jpg?crop=0.818xw%3A0.818xh%3B0%2C0								<PAGE_AUTHORS>John Perik</PAGE_AUTHORS><PAGE_TITLE>'An awesome human being': Victims of Miami Amazon plane crash remembered</PAGE_TITLE>
	20260908233000		brisbanetimes.com.au	https://www.brisbanetimes.com.au/politics/nsw/icac-operation-rosny-live-updates-jeremy-greenwood-to-resume-evidence-after-claiming-jean-nassif-promised-2-million-20260908-p60vjs.html				ARMEDCONFLICT,1199;EPU_CATS_NATIONAL_SECURITY,1199;MANMADE_DISASTER_IMPLIED,261;PUBLIC_TRANSPORT,261;RECRUITMENT,1064;TAX_FNCACT_LOBBYIST,174;TAX_POLITICAL_PARTY_LIBERAL_PARTY,1098;TAX_FNCACT_REFORMERS,981;TAX_FNCACT_REFORMERS,998;TAX_FNCACT_REFORMERS,1359;TAX_FNCACT_EMPLOYEE,589;SECURITY_SERVICES,2073;TAX_FNCACT_POLICE,2073;CRISISLEX_C07_SAFETY,2073;EXTREMISM,1014;RELIGION,1026;TAX_FNCACT_HOTELIER,912;TAX_FNCACT_MAN,1498;GENERAL_GOVERNMENT,476;EPU_POLICY_GOVERNMENT,476;CORRUPTION,2079;WB_2019_ANTI_CORRUPTION_LEGISLATION,2079;WB_831_GOVERNANCE,2079;WB_832_ANTI_CORRUPTION,2079;WB_2020_BRIBERY_FRAUD_AND_COLLUSION,2079;REBELLION,1199;WB_739_POLITICAL_VIOLENCE_AND_CIVIL_WAR,1199;WB_738_SOCIAL_COHESION,1199;WB_134_SOCIAL_DEVELOPMENT,1199;TAX_FNCACT_DEVELOPER,659;TAX_FNCACT_DEVELOPER,1963;TAX_RELIGION_CHRISTIAN,530;TAX_RELIGION_CHRISTIAN,1263;TAX_ETHNICITY_CHRISTIAN,530;TAX_ETHNICITY_CHRISTIAN,1263;WB_696_PUBLIC_SECTOR_MANAGEMENT,1824;WB_2048_COMPENSATION_CAREERS_AND_INCENTIVES,1824;WB_723_PUBLIC_ADMINISTRATION,1824;WB_724_HUMAN_RESOURCES_FOR_PUBLIC_SECTOR,1824;TAX_RELIGION_CATHOLIC,889;TAX_RELIGION_CATHOLIC,1533;USPEC_POLITICS_GENERAL1,1098;EDUCATION,897;EDUCATION,1541;SOC_POINTSOFINTEREST_SCHOOLS,897;SOC_POINTSOFINTEREST_SCHOOLS,1541;WB_2024_ANTI_CORRUPTION_AUTHORITIES,2093;WB_840_JUSTICE,2093;WB_2025_INVESTIGATION,2093;WB_1014_CRIMINAL_JUSTICE,2093;EPU_POLICY_POLITICAL,350;EPU_POLICY_POLITICAL,833;EPU_POLICY_POLITICAL,1189;		1#Lebanon#LE#LE##33.833333#35.833333#LE#2055;1#Australia#AS#AS##-25#135#AS#2030					-0.588235294117647,3.23529411764706,3.82352941176471,7.05882352941176,21.1764705882353,0,315			https://static.ffx.io/images/$zoom_0.1843%2C$multiply_0.7554%2C$ratio_1.777778%2C$width_1059%2C$x_0%2C$y_0/t_crop_custom/q_86%2Cf_auto/2f80575f0749e0e6b4257a368434862c7c6b8f78								<PAGE_AUTHORS>Jessica McSweeney</PAGE_AUTHORS><PAGE_PRECISEPUBTIMESTAMP>20260908230500</PAGE_PRECISEPUBTIMESTAMP><PAGE_TITLE>ICAC Operation Rosny LIVE updates: Jeremy Greenwood to resume evidence after claiming Jean Nassif promised $2 million</PAGE_TITLE>
	20260908233000		liverpoolecho.co.uk	https://www.liverpoolecho.co.uk/news/liverpool-news/the-wall-street-organised-crime-34583175				TAX_FNCACT_CRIMINALS,301;TAX_FNCACT_CRIMINALS,1759;TAX_FNCACT_CRIMINALS,4028;TAX_FNCACT_CRIMINALS,6266;TAX_FNCACT_CRIMINALS,6337;TAX_FNCACT_CRIMINALS,6481;		4#Costa Del Sol, Spain (General), Spain#SP#SP00#25782#36.6833#-4#-403130#1270;4#Costa Del Sol, Spain (General), Spain#SP#SP00#25782#36.6833#-4#-403130#2030;4#Costa Del Sol, Spain (General), Spain#SP#SP00#25782#36.6833#-4#-403130#2514;4#Costa Del Sol, Spain (General), Spain#SP#SP00#25782#36.6833#-4#-403130#3307;4#Costa Del Sol, Spain (General), Spain#SP#SP00#25782#36.6833#-4#-403130#3540;4#Costa Del Sol, Spain (General), Spain#SP#SP00#25782#36.6833#-4#-403130#3954;4#Costa Del Sol, Spain (General), Spain#SP#SP00#25782#36.6833#-4#-403130#4088;4#Costa Del Sol, Spain (General), Spain#SP#SP00#25782#36.6833#-4#-403130#4937;4#Costa Del Sol, Spain (General), Spain#SP#SP00#25782#36.6833#-4#-403130#5750;4#Costa Del Sol, Spain (General), Spain#SP#SP00#25782#36.6833#-4#-403130#6820;4#Costa Del Sol, Spain (General), Spain#SP#SP00#25782#36.6833#-4#-403130#7099;4#Costa Del Sol, Spain (General), Spain#SP#SP00#25782#36.6833#-4#-403130#7590;4#Costa Del Sol, Spain (General), Spain#SP#SP00#25782#36.6833#-4#-403130#7837;1#Italian#IT#IT##42.833333#12.833333#IT#3463;4#Fuengirola, AndalucíSp, Spain#SP#SP51#25782#36.5433#-4.6269#-383095#4212;4#Fuengirola, AndalucíSp, Spain#SP#SP51#25782#36.5433#-4.6269#-383095#4717;4#Fuengirola, AndalucíSp, Spain#SP#SP51#25782#36.5433#-4.6269#-383095#5601;1#United Kingdom#UK#UK##54#-4#UK#2650;1#United Kingdom#UK#UK##54#-4#UK#4465;1#United Kingdom#UK#UK##54#-4#UK#7215;4#Huyton, Knowsley, United Kingdom#UK#UKG9#40121#53.4#-2.85#-2599296#4449;1#Venezuela#VE#VE##8#-66#VE#6712;1#British#UK#UK##54#-4#UK#861;4#Costa Blanca, Spain (General), Spain#SP#SP00#25813#38.9217#-0.084376#-373665#2999;4#Costa Blanca, Spain (General), Spain#SP#SP00#25813#38.9217#-0.084376#-373665#3674;1#Spain#SP#SP##40#-4#SP#1277;1#Spain#SP#SP##40#-4#SP#1408;1#Spain#SP#SP##40#-4#SP#1690;1#Spain#SP#SP##40#-4#SP#1909;1#Spain#SP#SP##40#-4#SP#2037;1#Spain#SP#SP##40#-4#SP#2276;1#Spain#SP#SP##40#-4#SP#2521;1#Spain#SP#SP##40#-4#SP#3006;1#Spain#SP#SP##40#-4#SP#3314;1#Spain#SP#SP##40#-4#SP#3547;1#Spain#SP#SP##40#-4#SP#3681;1#Spain#SP#SP##40#-4#SP#3961;1#Spain#SP#SP##40#-4#SP#4095;1#Spain#SP#SP##40#-4#SP#4117;1#Spain#SP#SP##40#-4#SP#4219;1#Spain#SP#SP##40#-4#SP#4390;1#Spain#SP#SP##40#-4#SP#4666;1#Spain#SP#SP##40#-4#SP#4724;1#Spain#SP#SP##40#-4#SP#4944;1#Spain#SP#SP##40#-4#SP#5228;1#Spain#SP#SP##40#-4#SP#5608;1#Spain#SP#SP##40#-4#SP#5721;1#Spain#SP#SP##40#-4#SP#5757;1#Spain#SP#SP##40#-4#SP#6632;1#Spain#SP#SP##40#-4#SP#6827;1#Spain#SP#SP##40#-4#SP#7106;1#Spain#SP#SP##40#-4#SP#7597;1#Spain#SP#SP##40#-4#SP#7844;1#Dutch#NL#NL##52.5#5.75#NL#903;1#Belgian#BE#BE##50.833333#4#BE#895;1#Ireland#EI#EI##53#-8#EI#7304;1#Spanish#SP#SP##40#-4#SP#834;1#Spanish#SP#SP##40#-4#SP#2130;1#Spanish#SP#SP##40#-4#SP#3204;1#America#US#US##39.828175#-98.5795#US#7016;1#America#US#US##39.828175#-98.5795#US#7172;1#Irish#EI#EI##53#-8#EI#4364;4#Calahonda, AndalucíSp, Spain#SP#SP51#25779#36.7024#-3.41437#-374955#4659;4#Calahonda, AndalucíSp, Spain#SP#SP51#25779#36.7024#-3.41437#-374955#5221;4#Calahonda, AndalucíSp, Spain#SP#SP51#25779#36.7024#-3.41437#-374955#5714;1#Russian#RS#RS##60#100#RS#3483;1#Russia#RS#RS##60#100#RS#7313					-3.04259634888438,2.4340770791075,5.47667342799189,7.91075050709939,20.8248816768087,0.338066260987153,1362			https://i2-prod.liverpoolecho.co.uk/article34586126.ece/ALTERNATES/s1200d/0_BHR_LEC_080926_MARBELLA.jpg								<PAGE_LINKS>https://www.liverpoolecho.co.uk/;https://www.liverpoolecho.co.uk/all-about/bootle;https://www.liverpoolecho.co.uk/all-about/facebook;https://www.liverpoolecho.co.uk/all-about/huyton;https://www.liverpoolecho.co.uk/all-about/spain;https://www.liverpoolecho.co.uk/news/liverpool-news/dirty-cash-killings-code-silence-34535256;https://www.liverpoolecho.co.uk/news/liverpool-news/luxury-cars-sham-modelling-agencies-31151755;https://www.liverpoolecho.co.uk/news/liverpool-news/pint-two-scots-were-allegedly-34563991;https://www.liverpoolecho.co.uk/news/liverpool-news/police-thought-wanted-brookside-star-34534298;https://www.liverpoolecho.co.uk/news/liverpool-news/seven-gunshots-desperate-call-police-34558377;https://www.liverpoolecho.co.uk/news/liverpool-news/spanish-scouser-plotted-launder-5m-34250297;https://www.liverpoolecho.co.uk/news/liverpool-news/spent-six-years-run-trip-33535468</PAGE_LINKS><PAGE_AUTHORS>Ben Haslam</PAGE_AUTHORS><PAGE_PRECISEPUBTIMESTAMP>20260908230100</PAGE_PRECISEPUBTIMESTAMP><PAGE_ALTURL_AMP>https://www.liverpoolecho.co.uk/news/liverpool-news/the-wall-street-organised-crime-34583175.amp</PAGE_ALTURL_AMP><PAGE_TITLE>'The Wall Street of organised crime' and its Liverpool links</PAGE_TITLE>
	20260908233000		merimbulanewsweekly.com.au	https://www.merimbulanewsweekly.com.au/story/9345922/what-if-earth-stopped-spinning-ask-fuzzy-has-the-answer/				LEADER,618;TAX_FNCACT_PRESIDENT,618;USPEC_POLITICS_GENERAL1,618;TAX_ETHNICITY_POLES,1100;SCIENCE,542;TAX_FNCACT_SCIENTIST,542;NATURAL_DISASTER_TSUNAMI,1709;CRISISLEX_CRISISLEXREC,1772;ENV_SOLAR,2212;TAX_ETHNICITY_POLE,800;UNGP_FORESTS_RIVERS_OCEANS,800;							-1.87617260787992,1.68855534709193,3.56472795497186,5.25328330206379,27.7673545966229,2.6266416510319,486			https://www.merimbulanewsweekly.com.au/images/transform/v1/crop/frm/Z4Q6sUEHdcmw72MBPYgZkU/d24830ce-4f4c-4273-9d4f-08057ade5c4b.jpg/r0_36_1920_1044_w1200_h630_fmax.jpg								<PAGE_PRECISEPUBTIMESTAMP>20260908190000</PAGE_PRECISEPUBTIMESTAMP><PAGE_TITLE>What if Earth stopped spinning? Ask Fuzzy has the answer | Merimbula News Weekly</PAGE_TITLE>
	20260908233000		indiatimes.com	https://timesofindia.indiatimes.com/city/allahabad/fir-against-7-for-cheating-youths-on-promise-of-overseas-jobs/articleshow/133939183.cms				SOC_POINTSOFINTEREST_POLICE_STATION,90;WB_2024_ANTI_CORRUPTION_AUTHORITIES,477;WB_696_PUBLIC_SECTOR_MANAGEMENT,477;WB_840_JUSTICE,477;WB_2025_INVESTIGATION,477;WB_831_GOVERNANCE,477;WB_832_ANTI_CORRUPTION,477;WB_1014_CRIMINAL_JUSTICE,477;WB_2670_JOBS,182;WB_1467_EDUCATION_FOR_ALL,182;WB_470_EDUCATION,182;WB_2131_EMPLOYABILITY_SKILLS_AND_JOBS,182;WB_1484_EDUCATION_SKILLS_DEVELOPMENT_AND_LABOR_MARKET,182;SECURITY_SERVICES,82;SECURITY_SERVICES,202;TAX_FNCACT_POLICE,82;TAX_FNCACT_POLICE,202;CRISISLEX_C07_SAFETY,82;CRISISLEX_C07_SAFETY,202;CRISISLEX_T02_INJURED,308;TAX_ETHNICITY_ASIAN,163;TAX_FNCACT_VICTIMS,308;CRISISLEX_CRISISLEXREC,308;CRISISLEX_T08_MISSINGFOUNDTRAPPEDPEOPLE,308;		4#Khuldabad, Maharashtra, India#IN#IN16#17786#20.05#75.1833#-2100931#68;4#Khuldabad, Maharashtra, India#IN#IN16#17786#20.05#75.1833#-2100931#446					-11.4942528735632,0,11.4942528735632,11.4942528735632,18.3908045977011,0,80			https://static.toiimg.com/thumb/msid-133850838,width-1280,height-720,resizemode-6,overlay-toi_sw,pt-32,y_pad-600/photo.jpg								<PAGE_ALTURL_AMP>https://timesofindia.indiatimes.com/city/allahabad/fir-against-7-for-cheating-youths-on-promise-of-overseas-jobs/amp_articleshow/133939183.cms</PAGE_ALTURL_AMP><PAGE_TITLE>FIR against 7 for cheating youths on promise of overseas jobs</PAGE_TITLE>
	20260908233000		thejakartapost.com	http://www.thejakartapost.com/indonesia/2026/09/09/student-suffers-memory-loss-seizures-after-free-meal-food-poisoning				TAX_FNCACT_STUDENT,19;TAX_FNCACT_STUDENT,310;GENERAL_GOVERNMENT,199;EPU_POLICY_GOVERNMENT,199;TAX_FOODSTAPLES_RICE,1301;TAX_WORLDFISH_MACKEREL,1360;EDUCATION,834;EDUCATION,1023;MANMADE_DISASTER_IMPLIED,834;MANMADE_DISASTER_IMPLIED,1023;SOC_POINTSOFINTEREST_SCHOOL,834;SOC_POINTSOFINTEREST_SCHOOL,1023;TAX_DISEASE_VOMITING,1974;TAX_DISEASE_VOMITING,2116;TAX_DISEASE_FOOD_POISONING,165;TAX_DISEASE_FOOD_POISONING,530;WB_180_FOOD_SAFETY,165;WB_180_FOOD_SAFETY,530;WB_2988_FOOD_POISONING,165;WB_2988_FOOD_POISONING,530;WB_435_AGRICULTURE_AND_FOOD_SECURITY,165;WB_435_AGRICULTURE_AND_FOOD_SECURITY,530;WB_1054_FOOD_BORNE_DISEASES,165;WB_1054_FOOD_BORNE_DISEASES,530;WB_1967_AGRICULTURAL_RISK_AND_SECURITY,165;WB_1967_AGRICULTURAL_RISK_AND_SECURITY,530;USPEC_POLITICS_GENERAL1,1664;TAX_DISEASE_ALLERGIC,2029;MEDICAL,388;SOC_POINTSOFINTEREST_HOSPITALS,388;AFFECT,140;AFFECT,1228;TAX_DISEASE_POISONING,165;TAX_DISEASE_POISONING,530;CRISISLEX_T11_UPDATESSYMPATHY,1775;TAX_WORLDFISH_TUNA,1365;TAX_FNCACT_STUDENTS,1121;TAX_FNCACT_STUDENTS,1904;SOC_POINTSOFINTEREST_HIGH_SCHOOLS,1148;SICKENED,140;UNGP_FORESTS_RIVERS_OCEANS,1609;SOC_POINTSOFINTEREST_SCHOOLS,1148;SOC_POINTSOFINTEREST_SCHOOLS,1169;TAX_DISEASE_DIZZINESS,1986;TAX_DISEASE_NAUSEA,1963;USPEC_POLICY1,1763;EPU_POLICY_POLICY,1763;		5#North Sumatra, Sumatera Utara, Indonesia#ID#ID26#18585#2#99#-2698118#51;4#Berastagi, Sumatera Utara, Indonesia#ID#ID26#18585#3.1904#98.5095#-2673007#1182;4#Jakarta, Jakarta Raya, Indonesia#ID#ID04#18585#-6.17444#106.829#-2679652#1386;4#Jakarta, Jakarta Raya, Indonesia#ID#ID04#18585#-6.17444#106.829#-2679652#1732					-3.6144578313253,2.71084337349398,6.32530120481928,9.03614457831325,18.9759036144578,1.20481927710843,301			https://img.jakpost.net/c/2026/02/12/2026_02_12_172520_1770891503._large.jpg								<PAGE_LINKS>http://www.thejakartapost.com/newsletter</PAGE_LINKS><PAGE_AUTHORS>News Desk</PAGE_AUTHORS><PAGE_PRECISEPUBTIMESTAMP>20260908115100</PAGE_PRECISEPUBTIMESTAMP><PAGE_TITLE>Student suffers memory loss, seizures after free meal food poisoning - Archipelago</PAGE_TITLE>
	20260908233000		wltribune.com	https://wltribune.com/2026/09/08/30-more-lawsuits-filed-against-openai-altman-in-tumbler-ridge-mass-shooting/				EVACUATION,4604;EVACUATION,8510;EDUCATION,568;EDUCATION,3409;EDUCATION,4822;EDUCATION,5654;EDUCATION,5840;EDUCATION,6058;EDUCATION,7699;EDUCATION,7717;TAX_FNCACT_TEACHER,568;TAX_FNCACT_TEACHER,3409;TAX_FNCACT_TEACHER,4822;TAX_FNCACT_TEACHER,5654;TAX_FNCACT_TEACHER,5840;TAX_FNCACT_TEACHER,6058;TAX_FNCACT_TEACHER,7699;TAX_FNCACT_TEACHER,7717;CRISISLEX_CRISISLEXREC,163;CRISISLEX_T02_INJURED,448;CRISISLEX_T02_INJURED,5577;CRISISLEX_T02_INJURED,10006;TAX_FNCACT_PLAYER,33;TRIAL,72;TRIAL,238;TRIAL,2357;TRIAL,3847;TRIAL,8632;TRIAL,10208;TRIAL,10276;CRISISLEX_C07_SAFETY,2072;CRISISLEX_C07_SAFETY,3341;CRISISLEX_C07_SAFETY,3568;CRISISLEX_C07_SAFETY,4011;CRISISLEX_C07_SAFETY,4221;CRISISLEX_C07_SAFETY,4298;CRISISLEX_C07_SAFETY,5171;CRISISLEX_C07_SAFETY,5639;CRISISLEX_C07_SAFETY,5868;CRISISLEX_C07_SAFETY,6194;CRISISLEX_C07_SAFETY,6625;CRISISLEX_C07_SAFETY,6714;CRISISLEX_C07_SAFETY,7661;CRISISLEX_C07_SAFETY,8021;CRISISLEX_C07_SAFETY,8108;CRISISLEX_C07_SAFETY,10877;KILL,455;KILL,824;KILL,5589;KILL,7868;KILL,10394;CRISISLEX_T03_DEAD,455;CRISISLEX_T03_DEAD,824;CRISISLEX_T03_DEAD,5589;CRISISLEX_T03_DEAD,7868;CRISISLEX_T03_DEAD,10394;TAX_FNCACT_VICTIMS,448;TAX_FNCACT_VICTIMS,3141;TAX_FNCACT_VICTIMS,5577;TAX_FNCACT_VICTIMS,10006;TAX_FNCACT_VICTIMS,10307;TAX_FNCACT_STUDENT,534;TAX_FNCACT_STUDENT,597;TAX_FNCACT_STUDENT,6858;TAX_FNCACT_STUDENT,7375;TAX_FNCACT_CEO,146;TAX_FNCACT_CEO,704;MANMADE_DISASTER_IMPLIED,675;MANMADE_DISASTER_IMPLIED,916;MANMADE_DISASTER_IMPLIED,4543;MANMADE_DISASTER_IMPLIED,4836;MANMADE_DISASTER_IMPLIED,5448;MANMADE_DISASTER_IMPLIED,5930;MANMADE_DISASTER_IMPLIED,6995;MANMADE_DISASTER_IMPLIED,7389;MANMADE_DISASTER_IMPLIED,7592;MANMADE_DISASTER_IMPLIED,7897;SOC_POINTSOFINTEREST_SCHOOL,675;SOC_POINTSOFINTEREST_SCHOOL,916;SOC_POINTSOFINTEREST_SCHOOL,4543;SOC_POINTSOFINTEREST_SCHOOL,4836;SOC_POINTSOFINTEREST_SCHOOL,5448;SOC_POINTSOFINTEREST_SCHOOL,5930;SOC_POINTSOFINTEREST_SCHOOL,6995;SOC_POINTSOFINTEREST_SCHOOL,7389;SOC_POINTSOFINTEREST_SCHOOL,7592;SOC_POINTSOFINTEREST_SCHOOL,7897;EPU_POLICY_LAW,378;EPU_POLICY_LAW,1711;EPU_POLICY_LAW,2513;EPU_POLICY_LAW,8829;		1#Canada#CA#CA##60#-96#CA#1239;1#Canada#CA#CA##60#-96#CA#4694;3#San Francisco, California, United States#US#USCA#CA075#37.7749#-122.419#277593#332;4#Vancouver, British Columbia, Canada#CA#CA02#12552#49.25#-123.133#-575268#4686;2#California, United States#US#USCA##36.17#-119.746#CA#92;2#California, United States#US#USCA##36.17#-119.746#CA#311;2#California, United States#US#USCA##36.17#-119.746#CA#10745;2#California, United States#US#USCA##36.17#-119.746#CA#10796;2#California, United States#US#USCA##36.17#-119.746#CA#10990					-6.38845955692942,1.08191653786708,7.4703760947965,8.55229263266358,21.2261720762494,0.103039670273055,1791			https://wltribune.com/wp-content/uploads/sites/6/2026/09/260211-VNE-Tumbler-Ridge-memorial.jpg								<PAGE_LINKS>https://todayinbc.com/2026/02/23/cold-comfort-officials-seek-answers-from-openai-after-tumbler-ridge-shooting/;https://todayinbc.com/2026/02/27/open-ai-vows-reforms-after-tumbler-ridge-shooting-review/;https://todayinbc.com/2026/04/24/openai-apologizes-over-missed-warning-following-tumbler-ridge-mass-shooting/;https://todayinbc.com/2026/04/29/families-of-tumbler-ridge-victims-suing-openai-in-california/;https://todayinbc.com/2026/07/07/b-c-retains-legal-counsel-in-california-to-potentially-sue-openai-over-tumbler-ridge/;https://trinityaudio.ai</PAGE_LINKS><PAGE_AUTHORS>none</PAGE_AUTHORS><PAGE_PRECISEPUBTIMESTAMP>20260908220000</PAGE_PRECISEPUBTIMESTAMP><PAGE_TITLE>30 more lawsuits filed against OpenAI, Altman in Tumbler Ridge mass shooting</PAGE_TITLE>
	20260908233000		foxnews.com	https://radio.foxnews.com/2026/09/08/moynihan-its-all-about-the-vibes-with-these-dsa-candidates/				WB_678_DIGITAL_GOVERNMENT,197;WB_694_BROADCAST_AND_MEDIA,197;WB_133_INFORMATION_AND_COMMUNICATION_TECHNOLOGIES,197;TAX_WORLDMAMMALS_FOX,62;TAX_WORLDMAMMALS_FOX,275;DEMOCRACY,121;ELECTION,166;TAX_FNCACT_CANDIDATES,132;MEDIA_SOCIAL,197;WB_652_ICT_APPLICATIONS,197;WB_662_SOCIAL_MEDIA,197;WB_658_ENTERPRISE_APPLICATIONS,197;USPEC_POLICY1,240;EPU_POLICY_POLICY,240;TAX_FNCACT_CORRESPONDENT,37;		1#America#US#US##39.828175#-98.5795#US#77;1#America#US#US##39.828175#-98.5795#US#290;2#New York, United States#US#USNY##42.1497#-74.9384#NY#8					-2.08333333333333,0,2.08333333333333,2.08333333333333,22.9166666666667,0,48			https://static-radio.foxnews.com/radio.foxnews.com/content/uploads/2025/02/FAA-LYDIA-CARD-2.jpeg								<PAGE_AUTHORS>Michael Addvensky</PAGE_AUTHORS><PAGE_PRECISEPUBTIMESTAMP>20260908195200</PAGE_PRECISEPUBTIMESTAMP><PAGE_TITLE>Moynihan: It's All About 'The Vibes' With These DSA Candidates</PAGE_TITLE>
	20260908233000		cbs58.com	https://www.cbs58.com/news/mpd-critically-missing-man-last-seen-near-107th-and-fond-du-lac-ave				TAX_FNCACT_MAN,101;SECURITY_SERVICES,33;SECURITY_SERVICES,488;TAX_FNCACT_POLICE,33;TAX_FNCACT_POLICE,488;CRISISLEX_C07_SAFETY,33;CRISISLEX_C07_SAFETY,488;TAX_ETHNICITY_BLACK,254;TAX_ETHNICITY_BLACK,288;TAX_ETHNICITY_BLACK,384;AFFECT,97;TAX_FNCACT_OFFICIALS,120;							-1.03092783505155,1.03092783505155,2.06185567010309,3.09278350515464,26.8041237113402,0,76			https://newscdn2.weigelbroadcasting.com/HtEAd-1788905038-324281-blog-missing.png								<PAGE_TITLE>MPD: Critically missing man last seen near 107th and Fond du Lac Ave</PAGE_TITLE>
	20260908233000		themountainpress.com	https://www.themountainpress.com/news/kodak-man-charged-in-sept-3-shooting/article_0484b260-a743-5874-9f4f-2efe9a264675.html				CRISISLEX_T02_INJURED,545;TAX_WEAPONS_PISTOL,500;CRISISLEX_CRISISLEXREC,359;CRISISLEX_CRISISLEXREC,698;ARREST,253;SOC_POINTSOFINTEREST_JAIL,309;TAX_FNCACT_MAN,64;SOC_GENERALCRIME,98;TAX_FNCACT_VICTIMS,545;TAX_FNCACT_VICTIMS,596;CRISISLEX_T08_MISSINGFOUNDTRAPPEDPEOPLE,545;CRISISLEX_T08_MISSINGFOUNDTRAPPEDPEOPLE,596;TAX_FNCACT_SHERIFF,35;CRISISLEX_C07_SAFETY,35;TAX_WEAPONS_GUN,472;WOUND,185;		1#Chad#CD#CD##15#19#CD#603					-9.79020979020979,0,9.79020979020979,9.79020979020979,19.5804195804196,0,134			https://bloximages.newyork1.vip.townnews.com/themountainpress.com/content/tncms/custom/image/f66e2e14-f9cc-11ef-8da1-f3804aba30ed.jpg								<PAGE_AUTHORS>JEFF FARRELL Staff Writer</PAGE_AUTHORS><PAGE_PRECISEPUBTIMESTAMP>20260908183200</PAGE_PRECISEPUBTIMESTAMP><PAGE_TITLE>Kodak man charged in Sept. 3 shooting</PAGE_TITLE>
	20260908233000		bridgemi.com	https://bridgemi.com/michigan-environment-watch/consumers-seeks-last-minute-delay-of-decision-on-michigan-dam-sales/				TRIAL,738;TRIAL,4077;TAX_FNCACT_LAWYER,738;TAX_FNCACT_LAWYER,4077;TAX_FNCACT_JUDGE,200;TAX_FNCACT_JUDGE,1505;TAX_FNCACT_JUDGE,3521;ACT_MAKESTATEMENT,2772;TAX_WORLDMAMMALS_SABLE,1733;WB_678_DIGITAL_GOVERNMENT,4849;WB_2349_CREATIVE_COMMONS_LICENSING,4849;WB_2121_ICT_LICENSING,4849;WB_279_ICT_STRATEGY_POLICY_AND_REGULATION,4849;WB_282_ICT_POLICY_REGULATORY_FRAMEWORK_AND_INSTITUTIONS,4849;WB_133_INFORMATION_AND_COMMUNICATION_TECHNOLOGIES,4849;USPEC_POLICY1,508;EPU_POLICY_SPENDING,508;TAX_FNCACT_OFFICIALS,597;TAX_FNCACT_OFFICIALS,2217;TAX_FNCACT_OFFICIALS,3701;WB_137_WATER,392;WB_137_WATER,1645;WB_137_WATER,2022;WB_137_WATER,2294;WB_137_WATER,2924;WB_137_WATER,3059;WB_137_WATER,3891;WB_161_DAMS_AND_RESERVOIRS,392;WB_161_DAMS_AND_RESERVOIRS,1645;WB_161_DAMS_AND_RESERVOIRS,2022;WB_161_DAMS_AND_RESERVOIRS,2294;WB_161_DAMS_AND_RESERVOIRS,2924;WB_161_DAMS_AND_RESERVOIRS,3059;WB_161_DAMS_AND_RESERVOIRS,3891;WB_141_WATER_RESOURCES_MANAGEMENT,392;WB_141_WATER_RESOURCES_MANAGEMENT,1645;WB_141_WATER_RESOURCES_MANAGEMENT,2022;WB_141_WATER_RESOURCES_MANAGEMENT,2294;WB_141_WATER_RESOURCES_MANAGEMENT,2924;WB_141_WATER_RESOURCES_MANAGEMENT,3059;WB_141_WATER_RESOURCES_MANAGEMENT,3891;WB_1000_WATER_MANAGEMENT_STRUCTURES,392;WB_1000_WATER_MANAGEMENT_STRUCTURES,1645;WB_1000_WATER_MANAGEMENT_STRUCTURES,2022;WB_1000_WATER_MANAGEMENT_STRUCTURES,2294;WB_1000_WATER_MANAGEMENT_STRUCTURES,2924;WB_1000_WATER_MANAGEMENT_STRUCTURES,3059;WB_1000_WATER_MANAGEMENT_STRUCTURES,3891;CRISISLEX_T04_INFRASTRUCTURE,392;CRISISLEX_T04_INFRASTRUCTURE,1645;CRISISLEX_T04_INFRASTRUCTURE,2022;CRISISLEX_T04_INFRASTRUCTURE,2294;CRISISLEX_T04_INFRASTRUCTURE,2924;CRISISLEX_T04_INFRASTRUCTURE,3059;CRISISLEX_T04_INFRASTRUCTURE,3891;TAX_FNCACT_CEO,1228;MARITIME_INCIDENT,2671;MARITIME_INCIDENT,4346;MARITIME_INCIDENT,4588;MARITIME_INCIDENT,5301;MARITIME,2671;MARITIME,4346;MARITIME,4588;MARITIME,5301;EPU_CATS_MIGRATION_FEAR_FEAR,1809;EPU_CATS_MIGRATION_FEAR_FEAR,2345;DELAY,783;DELAY,2799;DELAY,5241;USPEC_UNCERTAINTY1,783;USPEC_UNCERTAINTY1,2799;USPEC_UNCERTAINTY1,5241;EPU_POLICY_POLICY,1260;ENV_HYDRO,2840;WB_507_ENERGY_AND_EXTRACTIVES,2840;WB_525_RENEWABLE_ENERGY,2840;WB_527_HYDROPOWER,2840;TAX_ECON_PRICE,2155;WB_845_LEGAL_AND_REGULATORY_FRAMEWORK,194;WB_845_LEGAL_AND_REGULATORY_FRAMEWORK,1499;WB_845_LEGAL_AND_REGULATORY_FRAMEWORK,3515;WB_696_PUBLIC_SECTOR_MANAGEMENT,194;WB_696_PUBLIC_SECTOR_MANAGEMENT,1499;WB_696_PUBLIC_SECTOR_MANAGEMENT,3515;WB_1102_ADMINISTRATIVE_LAW,194;WB_1102_ADMINISTRATIVE_LAW,1499;WB_1102_ADMINISTRATIVE_LAW,3515;WB_1896_FUNDAMENTAL_AREAS_OF_THE_LAW,194;WB_1896_FUNDAMENTAL_AREAS_OF_THE_LAW,1499;WB_1896_FUNDAMENTAL_AREAS_OF_THE_LAW,3515;LEGISLATION,194;LEGISLATION,1253;LEGISLATION,1499;LEGISLATION,3515;EPU_POLICY_LAW,194;EPU_POLICY_LAW,1253;EPU_POLICY_LAW,1499;EPU_POLICY_LAW,3515;UNGP_FORESTS_RIVERS_OCEANS,1249;TAX_FNCACT_CRITIC,532;TAX_FNCACT_CRITIC,998;CRISISLEX_T11_UPDATESSYMPATHY,4294;MANMADE_DISASTER_IMPLIED,65;MANMADE_DISASTER_IMPLIED,2122;MANMADE_DISASTER_IMPLIED,2408;MANMADE_DISASTER_IMPLIED,3361;MANMADE_DISASTER_IMPLIED,5269;TAX_FNCACT_SPOKESPERSON,2741;TAX_FNCACT_SPOKESPERSON,3163;WB_1921_PRIVATE_SECTOR_DEVELOPMENT,4849;WB_1921_PRIVATE_SECTOR_DEVELOPMENT,5090;WB_405_BUSINESS_CLIMATE,4849;WB_405_BUSINESS_CLIMATE,5090;WB_2531_INSPECTIONS_LICENSING_AND_PERMITS,4849;WB_2531_INSPECTIONS_LICENSING_AND_PERMITS,5090;WB_2530_BUSINESS_ENVIRONMENT,4849;WB_2530_BUSINESS_ENVIRONMENT,5090;NEGOTIATIONS,278;NEGOTIATIONS,4044;WB_840_JUSTICE,278;WB_840_JUSTICE,4044;WB_2473_DIPLOMACY_AND_NEGOTIATIONS,278;WB_2473_DIPLOMACY_AND_NEGOTIATIONS,4044;WB_939_NEGOTIATION,278;WB_939_NEGOTIATION,4044;WB_2470_PEACE_OPERATIONS_AND_CONFLICT_MANAGEMENT,278;WB_2470_PEACE_OPERATIONS_AND_CONFLICT_MANAGEMENT,4044;WB_936_ALTERNATIVE_DISPUTE_RESOLUTION,278;WB_936_ALTERNATIVE_DISPUTE_RESOLUTION,4044;WB_2432_FRAGILITY_CONFLICT_AND_VIOLENCE,278;WB_2432_FRAGILITY_CONFLICT_AND_VIOLENCE,4044;WB_843_DISPUTE_RESOLUTION,278;WB_843_DISPUTE_RESOLUTION,4044;WB_2471_PEACEKEEPING,278;WB_2471_PEACEKEEPING,4044;TAX_FNCACT_REGULATORS,28;TAX_FNCACT_REGULATORS,461;TAX_FNCACT_CHIEF,2846;ECON_WORLDCURRENCIES_DOLLARS,2492;TAX_FNCACT_COMMISSIONERS,774;TAX_FNCACT_COMMISSIONERS,1100;TAX_FNCACT_COMMISSIONERS,1554;TAX_FNCACT_COMMISSIONERS,3397;TAX_FNCACT_COMMISSIONERS,3723;		3#Muskegon, Michigan, United States#US#USMI#MI121#43.2342#-86.2484#1620963#1681;2#Michigan, United States#US#USMI##43.3504#-84.5603#MI#387;2#Michigan, United States#US#USMI##43.3504#-84.5603#MI#695;2#Michigan, United States#US#USMI##43.3504#-84.5603#MI#1609;2#Michigan, United States#US#USMI##43.3504#-84.5603#MI#1785;2#Michigan, United States#US#USMI##43.3504#-84.5603#MI#2680;2#Michigan, United States#US#USMI##43.3504#-84.5603#MI#2702;2#Michigan, United States#US#USMI##43.3504#-84.5603#MI#2939;2#Michigan, United States#US#USMI##43.3504#-84.5603#MI#4310;2#Michigan, United States#US#USMI##43.3504#-84.5603#MI#4355;2#Michigan, United States#US#USMI##43.3504#-84.5603#MI#4597;2#Michigan, United States#US#USMI##43.3504#-84.5603#MI#5265;2#Michigan, United States#US#USMI##43.3504#-84.5603#MI#5310;3#Manistee, Michigan, United States#US#USMI#MI101#44.2444#-86.3242#1620680#1707					-0.819672131147541,3.04449648711944,3.86416861826698,6.90866510538642,25.0585480093677,1.17096018735363,769			https://bridgemi.com/wp-content/uploads/2026/06/Calkins-Bridge-Dam-March-2026-KH-1-scaled-1.jpg								<PAGE_LINKS>https://bridgemi.com/about/;https://bridgemi.com/michigan-environment-watch/consumers-energys-sale-plan-would-turn-unprofitable-dams-into-270m-payday/;https://bridgemi.com/michigan-environment-watch/consumers-seeks-last-minute-delay-of-decision-on-michigan-dam-sales/mailto:ecarr@centerformichigan.org;https://bridgemi.com/michigan-environment-watch/consumers-seeks-last-minute-delay-of-decision-on-michigan-dam-sales/mailto:republishing@bridgemi.com;https://bridgemi.com/michigan-environment-watch/consumers-warns-michigan-dams-could-be-torn-down-unless-utility-sells-them/;https://bridgemi.com/michigan-environment-watch/gretchen-whitmer-joins-chorus-opposing-consumers-sale-of-michigan-dams/;https://bridgemi.com/michigan-environment-watch/judge-michigan-should-reject-consumers-highly-problematic-dam-sale/;https://bridgemi.com/michigan-environment-watch/michigan-agencies-outside-groups-question-consumers-dam-sale-plan/;https://bridgemi.com/republication-policy/;https://bridgemi.com/signup/;https://creativecommons.org/licenses/by-nd/4.0/;https://mi-psc.my.site.com/sfc/servlet.shepherd/version/download/068cs00002SLagsAAD</PAGE_LINKS><PAGE_AUTHORS>Kelly House</PAGE_AUTHORS><PAGE_PRECISEPUBTIMESTAMP>20260908212100</PAGE_PRECISEPUBTIMESTAMP><PAGE_TITLE>Consumers seeks last-minute delay of decision on Michigan dam sales</PAGE_TITLE>
	20260908233000		bleedingcool.com	https://bleedingcool.com/tv/ncis-origins-season-3-trailer-gibbs-past-comes-back-to-haunt-him/				TAX_FNCACT_OFFICIAL,159;TAX_FNCACT_OFFICIAL,316;TAX_FNCACT_OFFICIAL,1094;CRISISLEX_CRISISLEXREC,1734;MEDIA_MSM,20;KIDNAP,600;KIDNAP,1644;TAX_WORLDBIRDS_MALLARD,3596;WB_678_DIGITAL_GOVERNMENT,1904;WB_678_DIGITAL_GOVERNMENT,2021;WB_678_DIGITAL_GOVERNMENT,2138;WB_678_DIGITAL_GOVERNMENT,2255;WB_678_DIGITAL_GOVERNMENT,2372;WB_678_DIGITAL_GOVERNMENT,2542;WB_678_DIGITAL_GOVERNMENT,2659;WB_678_DIGITAL_GOVERNMENT,2829;WB_678_DIGITAL_GOVERNMENT,2946;WB_694_BROADCAST_AND_MEDIA,1904;WB_694_BROADCAST_AND_MEDIA,2021;WB_694_BROADCAST_AND_MEDIA,2138;WB_694_BROADCAST_AND_MEDIA,2255;WB_694_BROADCAST_AND_MEDIA,2372;WB_694_BROADCAST_AND_MEDIA,2542;WB_694_BROADCAST_AND_MEDIA,2659;WB_694_BROADCAST_AND_MEDIA,2829;WB_694_BROADCAST_AND_MEDIA,2946;WB_133_INFORMATION_AND_COMMUNICATION_TECHNOLOGIES,1904;WB_133_INFORMATION_AND_COMMUNICATION_TECHNOLOGIES,2021;WB_133_INFORMATION_AND_COMMUNICATION_TECHNOLOGIES,2138;WB_133_INFORMATION_AND_COMMUNICATION_TECHNOLOGIES,2255;WB_133_INFORMATION_AND_COMMUNICATION_TECHNOLOGIES,2372;WB_133_INFORMATION_AND_COMMUNICATION_TECHNOLOGIES,2542;WB_133_INFORMATION_AND_COMMUNICATION_TECHNOLOGIES,2659;WB_133_INFORMATION_AND_COMMUNICATION_TECHNOLOGIES,2829;WB_133_INFORMATION_AND_COMMUNICATION_TECHNOLOGIES,2946;RETIREMENT,401;RETIREMENT,1589;WB_2690_CATEGORIES_OF_EMPLOYMENT,401;WB_2690_CATEGORIES_OF_EMPLOYMENT,1589;WB_2670_JOBS,401;WB_2670_JOBS,1589;WB_2689_JOBS_DIAGNOSTICS,401;WB_2689_JOBS_DIAGNOSTICS,1589;WB_2896_RETIREMENT,401;WB_2896_RETIREMENT,1589;		2#Alaska, United States#US#USAK##61.385#-152.268#AK#411;2#Alaska, United States#US#USAK##61.385#-152.268#AK#1599					-0.484652665589661,1.45395799676898,1.93861066235864,3.39256865912763,15.5088852988691,1.45395799676898,479			https://bleedingcool.com/wp-content/uploads/2026/09/MixCollage-08-Sep-2026-06-32-PM-2329-2000x1125.jpg								<PAGE_LINKS>https://bleedingcool.com/tag/ncis-origins/;https://bleedingcool.com/tag/ncis/;https://www.youtube.com/@CBS;https://www.youtube.com/@NCISverse/videos</PAGE_LINKS><PAGE_TITLE>NCIS: Origins Season 3 Trailer: Gibbs' Past Comes Back to Haunt Him</PAGE_TITLE>
	20260908233000		srilankasource.com	http://www.srilankasource.com/news/279294913/india-has-signed-trade-deals-with-38-countries-under-pm-modi-govt-up-from-just-4-pre-2014-rajnath-singh				ECON_INFLATION,2661;WB_1104_MACROECONOMIC_VULNERABILITY_AND_DEBT,2661;WB_442_INFLATION,2661;CRISISLEX_C07_SAFETY,4823;CRISISLEX_C07_SAFETY,4869;CRISISLEX_C07_SAFETY,4987;CRISISLEX_CRISISLEXREC,92;TAX_FNCACT_OFFICIAL,2421;WB_168_ROADS_AND_HIGHWAYS,5312;WB_135_TRANSPORT,5312;WB_1809_HIGHWAYS,5312;WB_1803_TRANSPORT_INFRASTRUCTURE,5312;WB_471_ECONOMIC_GROWTH,4587;WB_782_SERVICES_TRADE_COMPETITIVENESS,2802;WB_780_TRADE_IN_SERVICES,2802;WB_2612_SERVICES_EXPORTS,2802;WB_2601_TRADE_LINKAGES_SPILLOVERS_AND_CONNECTIVITY,5127;WB_772_TRADE_FACILITATION_AND_LOGISTICS,5127;WB_699_URBAN_DEVELOPMENT,5127;WB_866_CONNECTIVITY_AND_LAGGING_REGIONS,5127;WB_797_NATIONAL_URBAN_POLICIES,5127;TAX_ETHNICITY_INDIANS,4664;TAX_ETHNICITY_INDIANS,4948;EPU_CATS_ENTITLEMENT_PROGRAMS,4823;EPU_CATS_ENTITLEMENT_PROGRAMS,4869;EPU_CATS_ENTITLEMENT_PROGRAMS,4987;WB_1921_PRIVATE_SECTOR_DEVELOPMENT,2948;WB_1921_PRIVATE_SECTOR_DEVELOPMENT,3247;WB_1921_PRIVATE_SECTOR_DEVELOPMENT,3318;WB_346_COMPETITIVE_INDUSTRIES,2948;WB_346_COMPETITIVE_INDUSTRIES,3247;WB_346_COMPETITIVE_INDUSTRIES,3318;WB_818_INDUSTRY_POLICY_AND_REAL_SECTORS,2948;WB_818_INDUSTRY_POLICY_AND_REAL_SECTORS,3247;WB_818_INDUSTRY_POLICY_AND_REAL_SECTORS,3318;WB_1281_MANUFACTURING,2948;WB_1281_MANUFACTURING,3247;WB_1281_MANUFACTURING,3318;TAX_FNCACT_CITIZENS,4910;TAX_FNCACT_CITIZENS,5582;WB_566_ENVIRONMENT_AND_NATURAL_RESOURCES,4152;WB_590_ECOSYSTEMS,4152;UNGP_FORESTS_RIVERS_OCEANS,4152;RURAL,4762;USPEC_POLICY1,2287;USPEC_POLICY1,2506;URBAN,4770;WB_775_TRADE_POLICY_AND_INTEGRATION,217;WB_775_TRADE_POLICY_AND_INTEGRATION,767;WB_2575_TRADE_POLICY_AND_INVESTMENT_AGREEMENTS,217;WB_2575_TRADE_POLICY_AND_INVESTMENT_AGREEMENTS,767;WB_2581_PREFERENTIAL_TRADE_AND_INVESTMENT_AGREEMENTS,217;WB_2581_PREFERENTIAL_TRADE_AND_INVESTMENT_AGREEMENTS,767;TAX_ECON_FREETRADEAGREEMENTS_FREE_TRADE_AGREEMENTS,217;TAX_ECON_FREETRADEAGREEMENTS_FREE_TRADE_AGREEMENTS,767;TAX_ECON_FREETRADEAGREEMENTS_FREE_TRADE_AGREEMENT,878;TAX_ECON_FREETRADEAGREEMENTS_FREE_TRADE_AGREEMENT,995;TAX_ECON_FREETRADEAGREEMENTS_FREE_TRADE_AGREEMENT,1136;TAX_ECON_FREETRADEAGREEMENTS_FREE_TRADE_AGREEMENT,1283;TAX_ECON_FREETRADEAGREEMENTS_FREE_TRADE_AGREEMENT,1848;TAX_ECON_FREETRADEAGREEMENTS_FREE_TRADE_AGREEMENT,2028;TAX_FNCACT_CABINET_MINISTER,5696;TAX_ETHNICITY_INDIAN,325;TAX_ETHNICITY_INDIAN,5373;TAX_ETHNICITY_INDIAN,5913;TAX_ETHNICITY_INDIAN,5966;WB_166_RAILWAYS,5382;ECON_TAXATION,4378;WB_1121_TAXATION,4378;WB_439_MACROECONOMIC_AND_STRUCTURAL_POLICIES,4378;WB_445_FISCAL_POLICY,4378;EPU_CATS_TAXES,4378;TAX_FNCACT_HIGH_COMMISSIONER,5863;WB_1083_INFRASTRUCTURE_AND_GROWTH,5072;WB_1078_DETERMINANTS_OF_GROWTH,5072;LEADER,275;LEADER,1619;TAX_FNCACT_PRIME_MINISTER,275;TAX_FNCACT_PRIME_MINISTER,1619;POVERTY,4709;POVERTY,4748;WB_695_POVERTY,4709;WB_695_POVERTY,4748;WB_698_TRADE,206;WB_698_TRADE,425;WB_698_TRADE,520;WB_698_TRADE,659;WB_698_TRADE,756;WB_698_TRADE,868;WB_698_TRADE,985;WB_698_TRADE,1063;WB_698_TRADE,1126;WB_698_TRADE,1273;WB_698_TRADE,1540;WB_698_TRADE,1838;WB_698_TRADE,2018;TAX_FNCACT_COMMISSIONER,5863;TAX_FNCACT_MINISTER,44;TAX_FNCACT_MINISTER,275;TAX_FNCACT_MINISTER,387;TAX_FNCACT_MINISTER,1091;TAX_FNCACT_MINISTER,1619;TAX_FNCACT_MINISTER,1784;TAX_FNCACT_MINISTER,5211;TAX_FNCACT_MINISTER,5696;TAX_FNCACT_MINISTER,5821;TAX_FNCACT_MANUFACTURER,3212;GENERAL_GOVERNMENT,622;GENERAL_GOVERNMENT,5725;EPU_POLICY_GOVERNMENT,622;EPU_POLICY_GOVERNMENT,5725;EPU_POLICY_BUDGET,3803;ECON_ENTREPRENEURSHIP,4305;EPU_CATS_TRADE_POLICY,878;EPU_CATS_TRADE_POLICY,995;EPU_CATS_TRADE_POLICY,1136;EPU_CATS_TRADE_POLICY,1283;EPU_CATS_TRADE_POLICY,1550;EPU_CATS_TRADE_POLICY,1848;EPU_CATS_TRADE_POLICY,2028;EPU_ECONOMY,139;EPU_ECONOMY,1042;EPU_ECONOMY,1665;EPU_ECONOMY,1748;EPU_ECONOMY,2124;EPU_ECONOMY,2473;EPU_ECONOMY,4580;EPU_ECONOMY_HISTORIC,139;EPU_ECONOMY_HISTORIC,1042;EPU_ECONOMY_HISTORIC,1665;EPU_ECONOMY_HISTORIC,1748;EPU_ECONOMY_HISTORIC,2124;EPU_ECONOMY_HISTORIC,2473;EPU_ECONOMY_HISTORIC,4580;TAX_FNCACT_DEPUTY,5812;TAX_FNCACT_OFFICIALS,5940;SOC_INNOVATION,4280;ECON_FREETRADE,206;ECON_FREETRADE,756;ECON_FREETRADE,868;ECON_FREETRADE,985;ECON_FREETRADE,1126;ECON_FREETRADE,1273;ECON_FREETRADE,1838;ECON_FREETRADE,2018;EPU_POLICY_TAX,4468;EPU_POLICY_TAX,4487;		4#Colombo, Western, Sri Lanka#CE#CE36#25852#6.93194#79.8478#-2214877#7;1#Sri Lanka#CE#CE##7#81#CE#18;1#Sri Lanka#CE#CE##7#81#CE#364;1#Sri Lanka#CE#CE##7#81#CE#5790;1#Sri Lanka#CE#CE##7#81#CE#5885;1#Sri Lankan#CE#CE##7#81#CE#5714;5#Western Province, Western, Sri Lanka#CE#CE36#25851#6.83333#80.0833#-2240467#5779;1#United Kingdom#UK#UK##54#-4#UK#1872;1#United Kingdom#UK#UK##54#-4#UK#1974;1#India#IN#IN##20#77#IN#116;1#India#IN#IN##20#77#IN#170;1#India#IN#IN##20#77#IN#404;1#India#IN#IN##20#77#IN#569;1#India#IN#IN##20#77#IN#828;1#India#IN#IN##20#77#IN#1161;1#India#IN#IN##20#77#IN#1318;1#India#IN#IN##20#77#IN#1643;1#India#IN#IN##20#77#IN#1732;1#India#IN#IN##20#77#IN#2007;1#India#IN#IN##20#77#IN#2109;1#India#IN#IN##20#77#IN#2279;1#India#IN#IN##20#77#IN#2777;1#India#IN#IN##20#77#IN#3142;1#India#IN#IN##20#77#IN#3631;1#India#IN#IN##20#77#IN#3924;1#India#IN#IN##20#77#IN#4107;1#India#IN#IN##20#77#IN#4322;1#India#IN#IN##20#77#IN#5259;1#India#IN#IN##20#77#IN#5872					2.37859266600595,3.46878097125867,1.09018830525273,4.5589692765114,17.4430128840436,0.396432111000991,893			https://image.chitra.live/api/v1/wps/2475816/ed12b342-072f-4856-abe5-ace09288264a/0/ANI-20260908220531-600x315.jpg								<PAGE_TITLE>India has signed trade deals with 38 countries under PM Modi govt, up from just 4 pre-2014: Rajnath Singh</PAGE_TITLE>
	20260908233000		countypress.co.uk	https://www.countypress.co.uk/news/national/26533676.air-traffic-boss-takes-full-responsibility-thousands-face-flight-chaos/				WB_165_AIR_TRANSPORT,2205;WB_164_MODES_OF_TRANSPORT,2205;SOC_POINTSOFINTEREST_AIRPORTS,80;SOC_POINTSOFINTEREST_AIRPORTS,506;SOC_POINTSOFINTEREST_AIRPORTS,1433;WB_1804_AIRPORTS,80;WB_1804_AIRPORTS,506;WB_1804_AIRPORTS,1433;RESIGNATION,1628;TAX_FNCACT_SECRETARY,2061;TAX_FNCACT_CHIEF,531;TAX_FNCACT_CHIEF,1579;TAX_FNCACT_CHIEF_EXECUTIVE,541;USPEC_UNCERTAINTY1,276;USPEC_UNCERTAINTY1,1489;USPEC_UNCERTAINTY1,1983;CRISISLEX_T11_UPDATESSYMPATHY,3537;AFFECT,1510;CRISISLEX_C04_LOGISTICS_TRANSPORT,1510;CRISISLEX_CRISISLEXREC,2498;UNGP_FORESTS_RIVERS_OCEANS,653;UNGP_FORESTS_RIVERS_OCEANS,2015;TAX_FNCACT_CHIEF_OPERATING_OFFICER,1597;TRAFFIC,33;TRAFFIC,1968;TAX_MILITARY_TITLE_OFFICER,549;TAX_MILITARY_TITLE_OFFICER,1597;TAX_FNCACT_OFFICER,549;TAX_FNCACT_OFFICER,1597;WB_1810_TRAFFIC_CONTROL_AND_MONITORING,41;WB_1810_TRAFFIC_CONTROL_AND_MONITORING,1976;WB_135_TRANSPORT,41;WB_135_TRANSPORT,1976;WB_1803_TRANSPORT_INFRASTRUCTURE,41;WB_1803_TRANSPORT_INFRASTRUCTURE,1976;MANMADE_DISASTER_IMPLIED,25;MANMADE_DISASTER_IMPLIED,1078;MANMADE_DISASTER_IMPLIED,1960;TAX_FNCACT_EXECUTIVE,541;SOC_POINTSOFINTEREST_AIRPORT,999;SOC_POINTSOFINTEREST_AIRPORT,3447;SOC_POINTSOFINTEREST_AIRPORT,3461;TAX_FNCACT_CHIEF_EXECUTIVE_OFFICER,549;MEDIA_MSM,2858;TAX_FNCACT_JOURNALIST,2858;TAX_FNCACT_EXECUTIVE_OFFICER,549;TAX_FNCACT_CEO,630;TAX_FNCACT_CEO,1724;DELAY,1333;		4#Heathrow, Hillingdon, United Kingdom#UK#UKF9#40133#51.4667#-0.45#-2598406#3046;4#Heathrow, Hillingdon, United Kingdom#UK#UKF9#40133#51.4667#-0.45#-2598406#3128;1#British#UK#UK##54#-4#UK#1293;1#United Kingdom#UK#UK##54#-4#UK#71;1#United Kingdom#UK#UK##54#-4#UK#497;1#United Kingdom#UK#UK##54#-4#UK#1424;1#United Kingdom#UK#UK##54#-4#UK#1910;1#United Kingdom#UK#UK##54#-4#UK#3062;1#United Kingdom#UK#UK##54#-4#UK#3144					-4.2483660130719,1.96078431372549,6.20915032679739,8.16993464052288,24.6732026143791,2.45098039215686,570			https://www.countypress.co.uk/resources/images/21428023.jpg?type=og-image								<PAGE_PRECISEPUBTIMESTAMP>20260908225200</PAGE_PRECISEPUBTIMESTAMP><PAGE_TITLE>Air traffic boss takes 'full responsibility' after thousands face flight chaos</PAGE_TITLE>
	20260908233000		dailymail.com	https://www.dailymail.com/news/article-16115887/Tyers-Walhalla-Road-Peter-ORyan.html				WB_135_TRANSPORT,1518;TAX_FNCACT_FATHER,580;TAX_FNCACT_FATHER,954;TAX_FNCACT_FATHER,1363;GENERAL_HEALTH,1005;GENERAL_HEALTH,1157;GENERAL_HEALTH,1530;MEDICAL,1005;MEDICAL,1157;MEDICAL,1530;SOC_POINTSOFINTEREST_HOSPITAL,1005;SOC_POINTSOFINTEREST_HOSPITAL,1157;SOC_POINTSOFINTEREST_HOSPITAL,1530;CRISISLEX_C03_WELLBEING_HEALTH,1005;CRISISLEX_C03_WELLBEING_HEALTH,1157;CRISISLEX_C03_WELLBEING_HEALTH,1530;CRISISLEX_CRISISLEXREC,279;CRISISLEX_CRISISLEXREC,756;CRISISLEX_CRISISLEXREC,1320;WB_1428_INJURY,1035;WB_1428_INJURY,1553;WB_1406_DISEASES,1035;WB_1406_DISEASES,1553;WB_621_HEALTH_NUTRITION_AND_POPULATION,1035;WB_621_HEALTH_NUTRITION_AND_POPULATION,1553;WB_1427_NON_COMMUNICABLE_DISEASE_AND_INJURY,1035;WB_1427_NON_COMMUNICABLE_DISEASE_AND_INJURY,1553;CRISISLEX_T02_INJURED,1035;CRISISLEX_T02_INJURED,1553;ARREST,107;ARREST,152;ARREST,1192;SOC_GENERALCRIME,107;SOC_GENERALCRIME,152;SOC_GENERALCRIME,1192;CRISISLEX_C07_SAFETY,107;CRISISLEX_C07_SAFETY,152;CRISISLEX_C07_SAFETY,1192;UNGP_FORESTS_RIVERS_OCEANS,1056;UNGP_FORESTS_RIVERS_OCEANS,1544;TAX_MILITARY_TITLE_SERGEANT,712;TAX_FNCACT_SERGEANT,712;SECURITY_SERVICES,182;SECURITY_SERVICES,462;SECURITY_SERVICES,686;SECURITY_SERVICES,1222;SECURITY_SERVICES,1708;SECURITY_SERVICES,1819;SECURITY_SERVICES,1849;TAX_FNCACT_POLICE,182;TAX_FNCACT_POLICE,462;TAX_FNCACT_POLICE,686;TAX_FNCACT_POLICE,1222;TAX_FNCACT_POLICE,1708;TAX_FNCACT_POLICE,1819;TAX_FNCACT_POLICE,1849;TAX_FNCACT_DETECTIVE,696;WB_2433_CONFLICT_AND_VIOLENCE,820;WB_2432_FRAGILITY_CONFLICT_AND_VIOLENCE,820;UNGP_CRIME_VIOLENCE,820;MEDIA_MSM,869;TAX_FNCACT_MAN,5;TAX_FNCACT_MAN,206;TAX_FNCACT_MAN,1246;TAX_FNCACT_MAN,1754;TAX_FNCACT_MAN,1907;WB_1609_FOOD_AND_IN_KIND_TRANSFERS,551;WB_1620_ELDERLY,551;WB_1466_SOCIAL_ASSISTANCE,551;WB_1618_FOOD_DISTRIBUTION,551;WB_697_SOCIAL_PROTECTION_AND_LABOR,551;							-8.78787878787879,0.606060606060606,9.39393939393939,10,23.030303030303,0,293			https://i.dailymail.com/1s/2026/09/08/23/111128353-0-image-a-9_1788906330360.jpg								<PAGE_AUTHORS>Allanah Sciberras</PAGE_AUTHORS><PAGE_PRECISEPUBTIMESTAMP>20260908222500</PAGE_PRECISEPUBTIMESTAMP><PAGE_ALTURL_AMP>https://www.dailymail.com/news/article-16115887/amp/Tyers-Walhalla-Road-Peter-ORyan.html</PAGE_ALTURL_AMP><PAGE_TITLE>Man accused of brutally attacking his elderly parents and brother with an axe is finally arrested after four-day manhunt</PAGE_TITLE>
	20260908233000		paherald.sk.ca	https://paherald.sk.ca/squamish-library-helps-kids-back-to-school-whilst-continuing-indigenous-programming/				TAX_FNCACT_CHIEF,90;TAX_FNCACT_CHIEF,264;TAX_ETHNICITY_INDIGENOUS,2863;TAX_ETHNICITY_INDIGENOUS,3597;TAX_ETHNICITY_INDIGENOUS,4018;ETH_INDIGINOUS,2863;ETH_INDIGINOUS,3597;ETH_INDIGINOUS,4018;TAX_FNCACT_CAREGIVERS,689;TAX_FNCACT_ELDERS,4528;MEDIA_MSM,63;MEDIA_MSM,235;TAX_FNCACT_REPORTER,63;TAX_FNCACT_REPORTER,235;WB_2203_HUMAN_RIGHTS,3466;WB_2203_HUMAN_RIGHTS,4393;WB_2482_RECONCILIATION,3466;WB_2482_RECONCILIATION,4393;WB_2519_RESPONSES_TO_HUMAN_RIGHTS_ABUSES,3466;WB_2519_RESPONSES_TO_HUMAN_RIGHTS_ABUSES,4393;WB_2432_FRAGILITY_CONFLICT_AND_VIOLENCE,3466;WB_2432_FRAGILITY_CONFLICT_AND_VIOLENCE,4393;TAX_ETHNICITY_SALISH,3790;TAX_WORLDLANGUAGES_SALISH,3790;TAX_FNCACT_DIRECTOR,855;TAX_FNCACT_LIBRARIAN,2258;TAX_WORLDLANGUAGES_KATHI,4435;TAX_FNCACT_CHILDREN,1065;TAX_FNCACT_CHILDREN,2141;TAX_FNCACT_CHILDREN,4215;TAX_WORLDLANGUAGES_SQUAMISH,76;TAX_WORLDLANGUAGES_SQUAMISH,250;TAX_WORLDLANGUAGES_SQUAMISH,592;TAX_WORLDLANGUAGES_SQUAMISH,1713;TAX_WORLDLANGUAGES_SQUAMISH,4089;TAX_WORLDLANGUAGES_SQUAMISH,4513;TAX_WORLDLANGUAGES_SQUAMISH,4579;LITERACY,2377;UNGP_EDUCATION,2377;TAX_FNCACT_WEAVER,3881;EDUCATION,1202;EDUCATION,2128;SOC_POINTSOFINTEREST_SCHOOL,1202;SOC_POINTSOFINTEREST_SCHOOL,2128;TAX_FNCACT_ARTIST,3604;TAX_FNCACT_ARTIST,3797;UNGP_FORESTS_RIVERS_OCEANS,134;UNGP_FORESTS_RIVERS_OCEANS,371;UNGP_FORESTS_RIVERS_OCEANS,1742;UNGP_FORESTS_RIVERS_OCEANS,2578;UNGP_FORESTS_RIVERS_OCEANS,2717;UNGP_FORESTS_RIVERS_OCEANS,2834;UNGP_FORESTS_RIVERS_OCEANS,4028;		4#Squamish, British Columbia, Canada#CA#CA02#12563#49.7#-123.15#-574069#76;4#Squamish, British Columbia, Canada#CA#CA02#12563#49.7#-123.15#-574069#250;4#Squamish, British Columbia, Canada#CA#CA02#12563#49.7#-123.15#-574069#592;4#Squamish, British Columbia, Canada#CA#CA02#12563#49.7#-123.15#-574069#1713;4#Squamish, British Columbia, Canada#CA#CA02#12563#49.7#-123.15#-574069#4089;4#Squamish, British Columbia, Canada#CA#CA02#12563#49.7#-123.15#-574069#4513;4#Squamish, British Columbia, Canada#CA#CA02#12563#49.7#-123.15#-574069#4579					2.26063829787234,2.92553191489362,0.664893617021277,3.59042553191489,21.0106382978723,1.32978723404255,671			https://paherald.sk.ca/wp-content/uploads/2026/09/DA-A18-baseimage7.jpg								<PAGE_AUTHORS>Daily Herald Contributor</PAGE_AUTHORS><PAGE_TITLE>Squamish Library helps kids back to school, whilst continuing Indigenous programming</PAGE_TITLE>
	20260908233000		dailyrecord.co.uk	https://www.dailyrecord.co.uk/ntas-2026-viewers-left-reeling-37641118				TAX_FNCACT_PRODUCER,1932;MEDIA_SOCIAL,916;WB_652_ICT_APPLICATIONS,916;WB_662_SOCIAL_MEDIA,916;WB_658_ENTERPRISE_APPLICATIONS,916;TAX_WORLDINSECTS_ANT,781;TAX_WORLDINSECTS_ANT,1785;AGRICULTURE,2621;TAX_FNCACT_COMEDIAN,426;MEDIA_MSM,91;WB_678_DIGITAL_GOVERNMENT,369;WB_694_BROADCAST_AND_MEDIA,369;WB_133_INFORMATION_AND_COMMUNICATION_TECHNOLOGIES,369;TAX_FNCACT_SINGER,446;TAX_FNCACT_SINGER,1702;TAX_FNCACT_PRESENTER,456;TAX_FNCACT_PRESENTER,809;TAX_FNCACT_PRESENTER,1813;TAX_FNCACT_EXECUTIVE,1923;UNGP_FORESTS_RIVERS_OCEANS,2315;RATIFY,498;		1#British#UK#UK##54#-4#UK#1080;4#London, London, City Of, United Kingdom#UK#UKH9#40110#51.5#-0.116667#-2601889#386					6.50759219088937,9.32754880694143,2.81995661605206,12.1475054229935,19.9566160520607,0.216919739696312,424			https://i2-prod.dailystar.co.uk/showbiz/article37565638.ece/ALTERNATES/s1200/3_Brendan-as-Agnes-Brown.jpg								<PAGE_LINKS>https://www.dailystar.co.uk/latest/emmerdale;https://www.dailystar.co.uk/latest/im-a-celebrity-get-me-out-of-here;https://www.dailystar.co.uk/latest/the-masked-singer</PAGE_LINKS><PAGE_AUTHORS>Karen Price</PAGE_AUTHORS><PAGE_PRECISEPUBTIMESTAMP>20260908215700</PAGE_PRECISEPUBTIMESTAMP><PAGE_TITLE>NTAs 2026 viewers left reeling as Amandaland loses out to Mrs Brown's Boys</PAGE_TITLE>
	20260908233000		celebdirtylaundry.com	https://www.celebdirtylaundry.com/2026/general-hospital-spoilers-wednesday-september-9-chase-tells-willow-about-blqs-frame-up-britts-fate-revealed/				TAX_FNCACT_BOSS,2038;UNGP_FORESTS_RIVERS_OCEANS,2959;GENERAL_HEALTH,16;GENERAL_HEALTH,118;GENERAL_HEALTH,3326;GENERAL_HEALTH,3458;MEDICAL,16;MEDICAL,118;MEDICAL,3326;MEDICAL,3458;SOC_POINTSOFINTEREST_HOSPITAL,16;SOC_POINTSOFINTEREST_HOSPITAL,118;SOC_POINTSOFINTEREST_HOSPITAL,3326;SOC_POINTSOFINTEREST_HOSPITAL,3458;CRISISLEX_C03_WELLBEING_HEALTH,16;CRISISLEX_C03_WELLBEING_HEALTH,118;CRISISLEX_C03_WELLBEING_HEALTH,3326;CRISISLEX_C03_WELLBEING_HEALTH,3458;TAX_WEAPONS_GUN,2777;TAX_WEAPONS_GUN,2992;KILL,360;CRISISLEX_T03_DEAD,360;TAX_FNCACT_DRIVER,869;TAX_FNCACT_CEO,1713;WB_135_TRANSPORT,3124;WB_1803_TRANSPORT_INFRASTRUCTURE,3124;WB_167_PORTS,3124;TAX_FNCACT_SPY,2333;							-2.16383307573416,1.70015455950541,3.86398763523957,5.56414219474498,25.193199381762,0.309119010819165,586			https://www.celebdirtylaundry.com/wp-content/uploads/General-Hospital-Spoilers-Wednesday-September-9_-Chase-Tells-Willow-About-BLQs-Frame-Up-Britts-Fate-Revealed.png								<PAGE_LINKS>https://www.celebdirtylaundry.com/category/soap-opera/;https://www.celebdirtylaundry.com/category/soap-opera/general-hospital-soap-opera/</PAGE_LINKS><PAGE_AUTHORS>Heather Hughes</PAGE_AUTHORS><PAGE_PRECISEPUBTIMESTAMP>20260908201600</PAGE_PRECISEPUBTIMESTAMP><PAGE_ALTURL_AMP>https://www.celebdirtylaundry.com/2026/general-hospital-spoilers-wednesday-september-9-chase-tells-willow-about-blqs-frame-up-britts-fate-revealed/amp/</PAGE_ALTURL_AMP><PAGE_TITLE>General Hospital Spoilers Wednesday, September 9: Chase Tells Willow About BLQ's Frame-Up &#x2013; Britt's Fate Revealed</PAGE_TITLE>
	20260908233000		wjct.org	https://news.wjct.org/2026-09-08/thousands-of-nyc-residents-sickened-by-9-11-fallout-trove-of-new-documents-show				EPU_CATS_MIGRATION_FEAR_FEAR,172;EPU_CATS_NATIONAL_SECURITY,172;TERROR,179;MANMADE_DISASTER_IMPLIED,123;TAX_POLITICAL_PARTY_REPUBLICAN,63;USPEC_POLITICS_GENERAL1,63;EPU_CATS_REGULATION,192;CRISISLEX_CRISISLEXREC,179;TAX_FNCACT_OFFICIALS,9;							-13.3333333333333,3.33333333333333,16.6666666666667,20,16.6666666666667,0,27											<PAGE_PRECISEPUBTIMESTAMP>20260908160800</PAGE_PRECISEPUBTIMESTAMP><PAGE_ALTURL_AMP>https://news.wjct.org/2026-09-08/thousands-of-nyc-residents-sickened-by-9-11-fallout-trove-of-new-documents-show?_amp=true</PAGE_ALTURL_AMP><PAGE_TITLE>Thousands of NYC residents sickened by 9/11 fallout, trove of new documents show</PAGE_TITLE>
	20260908233000		claremoreprogress.com	https://www.claremoreprogress.com/news/keeping-the-fire-burning-two-cherokee-families-gather-during-holiday/article_c72ee327-ee3b-5059-bb6b-e696bab32d29.html				TAX_FNCACT_WOMAN,471;TAX_FNCACT_CHIEF,362;TAX_ETHNICITY_CHEROKEE,22;TAX_ETHNICITY_CHEROKEE,81;TAX_ETHNICITY_CHEROKEE,356;TAX_ETHNICITY_CHEROKEE,550;TAX_WORLDLANGUAGES_CHEROKEE,22;TAX_WORLDLANGUAGES_CHEROKEE,81;TAX_WORLDLANGUAGES_CHEROKEE,356;TAX_WORLDLANGUAGES_CHEROKEE,550;TAX_FNCACT_CITIZENS,97;GEN_HOLIDAY,39;TAX_FNCACT_CHILDREN,391;							0.39564787339268,0.39564787339268,0,0.39564787339268,4.45103857566766,0,279			https://bloximages.chicago2.vip.townnews.com/claremoreprogress.com/content/tncms/custom/image/ecb3b8ac-2131-11e7-a5a8-fb3cfc0699bc.jpg								<PAGE_AUTHORS>Kellie Vann TDP Special Writer</PAGE_AUTHORS><PAGE_PRECISEPUBTIMESTAMP>20260906174500</PAGE_PRECISEPUBTIMESTAMP><PAGE_TITLE>Keeping the fire burning: Two Cherokee families gather during holiday</PAGE_TITLE>
	20260908233000		ksfa860.com	https://ksfa860.com/ixp/185/p/tyler-rehearsal-dinner-guide/				TAX_FNCACT_BRIDE,1781;UNGP_FORESTS_RIVERS_OCEANS,995;TAX_FNCACT_GROOM,1789;USPEC_POLITICS_GENERAL1,144;USPEC_POLITICS_GENERAL1,1197;USPEC_POLITICS_GENERAL1,1615;		2#Texas, United States#US#USTX##31.106#-97.6475#TX#11;2#Texas, United States#US#USTX##31.106#-97.6475#TX#482;2#Texas, United States#US#USTX##31.106#-97.6475#TX#1864;2#Texas, United States#US#USTX##31.106#-97.6475#TX#2245;2#Texas, United States#US#USTX##31.106#-97.6475#TX#3116					7.02702702702703,7.02702702702703,0,7.02702702702703,23.6036036036036,1.62162162162162,503			https://townsquare.media/site/185/files/2026/09/attachment-wedding-rehearsal-dinner-tyler-google-street-view-and-canva-1600-x-1067.jpg?&format=natural								<PAGE_LINKS>https://knue.com/author/billyjenkins/;https://ksfa860.com/tags/east-texas/;https://ksfa860.com/tags/tyler/;https://mix931fm.com/tyler-texas-ranked-no-4-for-diy-outdoor-weddings/</PAGE_LINKS><PAGE_AUTHORS>Lucky Larry</PAGE_AUTHORS><PAGE_PRECISEPUBTIMESTAMP>20260908172300</PAGE_PRECISEPUBTIMESTAMP><PAGE_TITLE>13 Wedding Rehearsal Dinner Locations in Tyler Worth Exploring</PAGE_TITLE>
	20260908233000		bleedingcool.com	https://bleedingcool.com/games/star-trek-online-welcomes-ethan-peck-as-spock-for-next-event/						4#Paris, France (General), France#FR#FR00#16282#48.8667#2.33333#-1456928#1757;4#Paris, France (General), France#FR#FR00#16282#48.8667#2.33333#-1456928#2116					3.76569037656904,6.55509065550907,2.78940027894003,9.34449093444909,24.5467224546722,0.697350069735007,641			https://bleedingcool.com/wp-content/uploads/2026/09/Star-Trek-Online-Residcovered-Art-clean-2000x1125.jpg								<PAGE_LINKS>https://bleedingcool.com/games/video-games-2/;https://bleedingcool.com/games/video-games-2/games-publishers/gearbox-publishing/star-trek-online-gearbox-publishing/;https://bleedingcool.com/tag/ethan-peck/;https://bleedingcool.com/tag/spock/;https://bleedingcool.com/tag/star-trek-online-rediscovered/;https://bleedingcool.com/tv/cbs/star-trek/;https://www.playstartrekonline.com/</PAGE_LINKS><PAGE_TITLE>Star Trek Online Welcomes Ethan Peck as Spock For Next Event</PAGE_TITLE>
	20260908233000		gainesvilleregister.com	https://www.gainesvilleregister.com/news/we-remember-gainesville-fire-rescue-reflects-on-anniversary-of-9-11-attacks/article_067d5d20-04f2-46b1-ac9b-6848799c8ff4.html				GENERAL_HEALTH,482;CRISISLEX_T03_DEAD,378;DISASTER_FIRE,223;CRISISLEX_T01_CAUTION_ADVICE,223;KILL,146;WB_698_TRADE,38;		2#Virginia, United States#US#USVA##37.768#-78.2057#VA#96;2#New York, United States#US#USNY##42.1497#-74.9384#NY#57;2#New York, United States#US#USNY##42.1497#-74.9384#NY#258;3#City Of New York, New York, United States#US#USNY#NY047#40.6638#-73.9385#2395220#258					-0.87173100871731,0,0.87173100871731,0.87173100871731,3.23785803237858,0.12453300124533,202			https://bloximages.chicago2.vip.townnews.com/gainesvilleregister.com/content/tncms/assets/v3/editorial/9/af/9af23fa1-43ce-488c-9242-eb0f03b21b0f/6a9db28ecdd2a.image.jpg?crop=1501%2C788%2C14%2C0								<PAGE_AUTHORS>Anna Beall abeall@gainesvilleregister.com</PAGE_AUTHORS><PAGE_PRECISEPUBTIMESTAMP>20260908185300</PAGE_PRECISEPUBTIMESTAMP><PAGE_TITLE>'We remember': Gainesville Fire-Rescue reflects on anniversary of 9/11 attacks</PAGE_TITLE>
	20260908233000		thesource.com	https://thesource.com/2026/09/08/caleb-williams-and-josh-allen-lead-bears-bills-captain-groups-into-2026-nfl-season/						3#Los Angeles, California, United States#US#USCA#CA037#34.0522#-118.244#1662328#1340;3#Chicago, Illinois, United States#US#USIL#IL031#41.85#-87.6501#423587#77;3#Chicago, Illinois, United States#US#USIL#IL031#41.85#-87.6501#423587#178;3#Chicago, Illinois, United States#US#USIL#IL031#41.85#-87.6501#423587#570;3#Chicago, Illinois, United States#US#USIL#IL031#41.85#-87.6501#423587#1101;3#Chicago, Illinois, United States#US#USIL#IL031#41.85#-87.6501#423587#1737;3#Houston, Texas, United States#US#USTX#TX201#29.7633#-95.3633#1380948#1822					-2.03389830508475,1.35593220338983,3.38983050847458,4.74576271186441,19.6610169491525,0,284			https://thesource.com/wp-content/uploads/2026/09/Screenshot-2026-09-08-at-12.56.23-PM.jpg								<PAGE_AUTHORS>Lenox Washington</PAGE_AUTHORS><PAGE_PRECISEPUBTIMESTAMP>20260908195600</PAGE_PRECISEPUBTIMESTAMP><PAGE_TITLE>The Source |Caleb Williams and Josh Allen Lead Bears, Bills Captain Groups Into 2026 NFL Season</PAGE_TITLE>
	20260908233000		local21news.com	https://local21news.com/news/nation-world/small-business-owners-feel-good-now-wary-about-whats-ahead-nfib-optimism-index				ECON_INFLATION,1844;WB_1104_MACROECONOMIC_VULNERABILITY_AND_DEBT,1844;WB_442_INFLATION,1844;TAX_FNCACT_DIRECTOR,438;WB_135_TRANSPORT,1719;USPEC_POLICY1,131;USPEC_POLICY1,812;USPEC_POLICY1,2113;EPU_UNCERTAINTY,131;EPU_UNCERTAINTY,812;EPU_UNCERTAINTY,2113;GENERAL_HEALTH,85;GENERAL_HEALTH,2020;MEDICAL,85;MEDICAL,2020;EPU_POLICY_POLICY,1376;WB_1921_PRIVATE_SECTOR_DEVELOPMENT,1684;WB_346_COMPETITIVE_INDUSTRIES,1684;WB_818_INDUSTRY_POLICY_AND_REAL_SECTORS,1684;WB_1281_MANUFACTURING,1684;TAX_FNCACT_DIRECTOR_OF_RESEARCH,450;TAX_FNCACT_EXECUTIVE,429;EPU_ECONOMY_HISTORIC,41;EPU_ECONOMY_HISTORIC,78;EPU_ECONOMY_HISTORIC,185;EPU_ECONOMY_HISTORIC,502;EPU_ECONOMY_HISTORIC,545;EPU_ECONOMY_HISTORIC,845;EPU_ECONOMY_HISTORIC,1118;EPU_ECONOMY_HISTORIC,1154;EPU_ECONOMY_HISTORIC,1308;EPU_ECONOMY_HISTORIC,1431;EPU_ECONOMY_HISTORIC,1632;EPU_ECONOMY_HISTORIC,2013;EPU_ECONOMY_HISTORIC,2170;TAX_DISEASE_ANTICIPATION,1453;TAX_FNCACT_EXECUTIVE_DIRECTOR,438;EPU_POLICY_SPENDING,1540;WB_855_LABOR_MARKETS,1576;WB_697_SOCIAL_PROTECTION_AND_LABOR,1576;EPU_ECONOMY,338;		1#America#US#US##39.828175#-98.5795#US#1274					0.519480519480519,3.37662337662338,2.85714285714286,6.23376623376623,21.5584415584416,0,345			https://local21news.com/resources/media2/16x9/8667/1320/0x447/90/12691ec0-284e-40f0-aa36-a11b234b46ee-GettyImages2279665686.jpg								<PAGE_LINKS>https://www.nfib.com/news/press-release/new-nfib-survey-main-street-optimism-cools-in-august-but-holds-above-long-term-average/</PAGE_LINKS><PAGE_PRECISEPUBTIMESTAMP>20260908225800</PAGE_PRECISEPUBTIMESTAMP><PAGE_TITLE>Small business owners feel good now, wary about what's ahead: NFIB optimism index</PAGE_TITLE>
	20260908233000		indiankanoon.org	https://indiankanoon.org/doc/47882705/				WB_1467_EDUCATION_FOR_ALL,3060;WB_1467_EDUCATION_FOR_ALL,10717;WB_1467_EDUCATION_FOR_ALL,10986;WB_470_EDUCATION,3060;WB_470_EDUCATION,10717;WB_470_EDUCATION,10986;WB_2131_EMPLOYABILITY_SKILLS_AND_JOBS,3060;WB_2131_EMPLOYABILITY_SKILLS_AND_JOBS,10717;WB_2131_EMPLOYABILITY_SKILLS_AND_JOBS,10986;WB_1484_EDUCATION_SKILLS_DEVELOPMENT_AND_LABOR_MARKET,3060;WB_1484_EDUCATION_SKILLS_DEVELOPMENT_AND_LABOR_MARKET,10717;WB_1484_EDUCATION_SKILLS_DEVELOPMENT_AND_LABOR_MARKET,10986;TAX_FNCACT_ENGINEER,8261;SCIENCE,10847;WB_1921_PRIVATE_SECTOR_DEVELOPMENT,11247;WB_405_BUSINESS_CLIMATE,11247;WB_2531_INSPECTIONS_LICENSING_AND_PERMITS,11247;WB_2530_BUSINESS_ENVIRONMENT,11247;TAX_FNCACT_REGISTRAR,19044;TAX_ECON_PRICE,18533;TAX_FNCACT_SERVICEMEN,8680;TAX_FNCACT_CITIZENS,14837;TAX_FNCACT_ASSISTANT,7622;ECON_ENTREPRENEURSHIP,3076;ECON_ENTREPRENEURSHIP,3278;ECON_ENTREPRENEURSHIP,10733;ECON_ENTREPRENEURSHIP,11002;TAX_FNCACT_SECRETARY,2671;TAX_FNCACT_SECRETARY,3668;TAX_FNCACT_SECRETARY,4541;TAX_FNCACT_SECRETARY,7942;TAX_FNCACT_SECRETARY,12299;TAX_FNCACT_SECRETARY,15781;LEGISLATION,13757;LEGISLATION,15223;LEGISLATION,15377;LEGISLATION,16523;EPU_POLICY_LAW,13757;EPU_POLICY_LAW,15223;EPU_POLICY_LAW,15377;EPU_POLICY_LAW,16523;ENV_NATURALGAS,3733;ENV_NATURALGAS,4197;RETIREMENT,7714;WB_2690_CATEGORIES_OF_EMPLOYMENT,7714;WB_2670_JOBS,7714;WB_2689_JOBS_DIAGNOSTICS,7714;WB_2896_RETIREMENT,7714;GRIEVANCES,1323;TAX_FNCACT_CITIZEN,1800;TAX_FNCACT_CITIZEN,6373;TAX_FNCACT_CITIZEN,6727;TAX_FNCACT_CITIZEN,6973;TAX_FNCACT_CITIZEN,15989;TAX_FNCACT_CITIZEN,16803;TAX_FNCACT_CITIZEN,16906;TAX_FNCACT_CITIZEN,17786;TAX_FNCACT_DIRECTOR,7631;TAX_FNCACT_DIRECTOR,10711;CRISISLEX_T11_UPDATESSYMPATHY,6555;TAX_FNCACT_MINISTER,10965;TAX_ETHNICITY_SAMI,5777;TAX_WORLDLANGUAGES_BHARAT,7021;TAX_WORLDLANGUAGES_BHARAT,7030;TAX_WORLDLANGUAGES_BHARAT,7196;TAX_FNCACT_CMO,10499;MILITARY,8217;TAX_FNCACT_NAVY,8217;SOVEREIGNTY,1734;MANMADE_DISASTER_IMPLIED,15790;SOC_POINTSOFINTEREST_SCHOOL,15790;SOC_INNOVATION,3163;SOC_INNOVATION,7772;SOC_INNOVATION,8071;SOC_INNOVATION,10646;SOC_INNOVATION,12428;CRISISLEX_CRISISLEXREC,7578;EDUCATION,10523;SOC_POINTSOFINTEREST_UNIVERSITIES,10523;CONSTITUTIONAL,1482;CONSTITUTIONAL,1694;CONSTITUTIONAL,1958;CONSTITUTIONAL,6405;CONSTITUTIONAL,6505;CONSTITUTIONAL,6787;CONSTITUTIONAL,6868;CONSTITUTIONAL,7418;CONSTITUTIONAL,12190;LEADER,62;LEADER,716;LEADER,1246;LEADER,4553;LEADER,4908;LEADER,6209;TAX_FNCACT_PRESIDENT,62;TAX_FNCACT_PRESIDENT,716;TAX_FNCACT_PRESIDENT,1246;TAX_FNCACT_PRESIDENT,4553;TAX_FNCACT_PRESIDENT,4908;TAX_FNCACT_PRESIDENT,6209;USPEC_POLITICS_GENERAL1,62;USPEC_POLITICS_GENERAL1,716;USPEC_POLITICS_GENERAL1,1246;USPEC_POLITICS_GENERAL1,4553;USPEC_POLITICS_GENERAL1,4908;USPEC_POLITICS_GENERAL1,6209;TAX_FNCACT_VETERAN,8200;WB_135_TRANSPORT,8907;WB_1803_TRANSPORT_INFRASTRUCTURE,8907;WB_167_PORTS,8907;TAX_FNCACT_CHIEF,1108;TAX_FNCACT_CHIEF,4401;TAX_FNCACT_CHIEF,6108;TAX_FNCACT_CHIEF,7355;TAX_FNCACT_CHIEF,7873;TAX_FNCACT_CHIEF,11333;TAX_FNCACT_CHIEF,12230;TAX_FNCACT_CHIEF,18664;WB_481_SECONDARY_EDUCATION,13953;WB_478_LEVELS_OF_EDUCATION,13953;TAX_MILITARY_TITLE_OFFICERS,2177;TAX_MILITARY_TITLE_OFFICERS,10816;TAX_FNCACT_OFFICERS,2177;TAX_FNCACT_OFFICERS,10816;WB_696_PUBLIC_SECTOR_MANAGEMENT,12785;WB_696_PUBLIC_SECTOR_MANAGEMENT,16014;WB_837_OPEN_GOVERNMENT_AND_TRANSPARENCY,12785;WB_837_OPEN_GOVERNMENT_AND_TRANSPARENCY,16014;WB_831_GOVERNANCE,12785;WB_831_GOVERNANCE,16014;WB_2031_RIGHT_TO_INFORMATION,12785;WB_2031_RIGHT_TO_INFORMATION,16014;TAX_FNCACT_DIRECTORS,7973;TAX_FNCACT_DIRECTORS,12330;ARMEDCONFLICT,8192;EPU_CATS_NATIONAL_SECURITY,8192;TAX_ETHNICITY_INDIAN,8212;TAX_FNCACT_AUTHORITIES,14746;TAX_FNCACT_AUTHORITIES,16759;TAX_FNCACT_AUTHORITIES,17017;EPU_POLICY_AUTHORITIES,14746;EPU_POLICY_AUTHORITIES,16759;EPU_POLICY_AUTHORITIES,17017;GENERAL_HEALTH,7849;GENERAL_HEALTH,11231;MEDICAL,7849;MEDICAL,11231;UNGP_CRIME_VIOLENCE,18082;TAX_WORLDLANGUAGES_ORS,15031;TAX_WORLDLANGUAGES_ORS,17357;TAX_WORLDLANGUAGES_RAWAT,17320;TAX_FNCACT_COMMISSIONER,1133;TAX_FNCACT_COMMISSIONER,4426;TAX_FNCACT_COMMISSIONER,6133;TAX_FNCACT_COMMISSIONER,7380;TAX_FNCACT_COMMISSIONER,7898;TAX_FNCACT_COMMISSIONER,11358;TAX_FNCACT_COMMISSIONER,12255;TAX_FNCACT_COMMISSIONER,18689;UNGP_FORESTS_RIVERS_OCEANS,1305;UNGP_FORESTS_RIVERS_OCEANS,1495;UNGP_FORESTS_RIVERS_OCEANS,2105;UNGP_FORESTS_RIVERS_OCEANS,5888;UNGP_FORESTS_RIVERS_OCEANS,11652;UNGP_FORESTS_RIVERS_OCEANS,17111;TAX_FNCACT_EMPLOYEES,3292;GENERAL_GOVERNMENT,3686;GENERAL_GOVERNMENT,3968;GENERAL_GOVERNMENT,8436;GENERAL_GOVERNMENT,8809;GENERAL_GOVERNMENT,9053;GENERAL_GOVERNMENT,9162;EPU_POLICY_GOVERNMENT,3686;EPU_POLICY_GOVERNMENT,3968;EPU_POLICY_GOVERNMENT,8436;EPU_POLICY_GOVERNMENT,8809;EPU_POLICY_GOVERNMENT,9053;EPU_POLICY_GOVERNMENT,9162;AFFECT,9653;TAX_FNCACT_DEPUTY,2661;TAX_CHRONICDISEASE_POOR_HEALTH,7849;TAX_MILITARY_TITLE_OFFICER,1890;TAX_MILITARY_TITLE_OFFICER,15027;TAX_MILITARY_TITLE_OFFICER,15109;TAX_FNCACT_OFFICER,1890;TAX_FNCACT_OFFICER,15027;TAX_FNCACT_OFFICER,15109;TAX_FNCACT_TECHNOCRAT,10807;		4#New Delhi, Delhi, India#IN#IN07#17911#28.6#77.2#-2106102#425;4#New Delhi, Delhi, India#IN#IN07#17911#28.6#77.2#-2106102#3745;4#New Delhi, Delhi, India#IN#IN07#17911#28.6#77.2#-2106102#4209;4#New Delhi, Delhi, India#IN#IN07#17911#28.6#77.2#-2106102#18914;4#Delhi, Delhi, India#IN#IN07#17911#28.6667#77.2167#-2094230#425;4#Delhi, Delhi, India#IN#IN07#17911#28.6667#77.2167#-2094230#3745;4#Delhi, Delhi, India#IN#IN07#17911#28.6667#77.2167#-2094230#4209;4#Delhi, Delhi, India#IN#IN07#17911#28.6667#77.2167#-2094230#17284;4#Delhi, Delhi, India#IN#IN07#17911#28.6667#77.2167#-2094230#18914;4#Madras, Tamil Nadu, India#IN#IN25#70251#13.0833#80.2833#-2103041#9353;4#Madras, Tamil Nadu, India#IN#IN25#70251#13.0833#80.2833#-2103041#9461;4#Chennai, Tamil Nadu, India#IN#IN25#70251#13.0833#80.2833#-2103041#3335;4#Chennai, Tamil Nadu, India#IN#IN25#70251#13.0833#80.2833#-2103041#8895;4#Chennai, Tamil Nadu, India#IN#IN25#70251#13.0833#80.2833#-2103041#10937;4#Chennai, Tamil Nadu, India#IN#IN25#70251#13.0833#80.2833#-2103041#11110;1#India#IN#IN##20#77#IN#432;1#India#IN#IN##20#77#IN#439;1#India#IN#IN##20#77#IN#3342;1#India#IN#IN##20#77#IN#3695;1#India#IN#IN##20#77#IN#3752;1#India#IN#IN##20#77#IN#3759;1#India#IN#IN##20#77#IN#4216;1#India#IN#IN##20#77#IN#4223;1#India#IN#IN##20#77#IN#8445;1#India#IN#IN##20#77#IN#8818;1#India#IN#IN##20#77#IN#8902;1#India#IN#IN##20#77#IN#9062;1#India#IN#IN##20#77#IN#9171;1#India#IN#IN##20#77#IN#10017;1#India#IN#IN##20#77#IN#10944;1#India#IN#IN##20#77#IN#11117;1#India#IN#IN##20#77#IN#17291;1#India#IN#IN##20#77#IN#17654;1#India#IN#IN##20#77#IN#18921;1#India#IN#IN##20#77#IN#18928;1#India#IN#IN##20#77#IN#18936					1.08173076923077,2.91466346153846,1.83293269230769,4.74759615384615,18.6899038461538,0.841346153846154,2891											<PAGE_LINKS>https://indiankanoon.org/doc/1355531/;https://indiankanoon.org/doc/1516599/;https://indiankanoon.org/doc/1519371/;https://indiankanoon.org/doc/179278056/;https://indiankanoon.org/doc/1910806/;https://indiankanoon.org/doc/399531/;https://indiankanoon.org/doc/671631/;https://indiankanoon.org/doc/854952/;https://indiankanoon.org/doc/9524880/;https://indiankanoon.org/doc/98815004/;https://indiankanoon.org/search/?formInput=citedby:47882705;https://indiankanoon.org/search/?formInput=cites:47882705</PAGE_LINKS><PAGE_TITLE>K S Nagarajan vs President Secretariat on 5 September, 2026</PAGE_TITLE>
	20260908233000		wfnt.com	https://wfnt.com/ixp/84/p/michigan-deer-digital-tagging-2026/				TAX_WORLDFISH_FISH,579;TRAFFIC,1428;SLFID_NATURAL_RESOURCES,1091;WB_471_ECONOMIC_GROWTH,1091;WB_1078_DETERMINANTS_OF_GROWTH,1091;WB_1079_COMMODITIES_AND_RESOURCES,1091;TAX_FNCACT_HUNTERS,94;TAX_FNCACT_HUNTERS,181;TAX_FNCACT_HUNTERS,384;UNGP_FORESTS_RIVERS_OCEANS,1091;TAX_FNCACT_DRIVERS,1269;TAX_WORLDMAMMALS_DEER,137;TAX_WORLDMAMMALS_DEER,224;TAX_WORLDMAMMALS_DEER,303;TAX_WORLDMAMMALS_DEER,839;TAX_WORLDMAMMALS_DEER,1004;TAX_WORLDMAMMALS_DEER,1170;TAX_WORLDMAMMALS_DEER,1299;TAX_WORLDMAMMALS_DEER,1359;KILL,266;TAX_WEAPONS_FIREARM,33;TAX_WEAPONS_FIREARM,947;		2#Michigan, United States#US#USMI##43.3504#-84.5603#MI#8;2#Michigan, United States#US#USMI##43.3504#-84.5603#MI#173;2#Michigan, United States#US#USMI##43.3504#-84.5603#MI#286;2#Michigan, United States#US#USMI##43.3504#-84.5603#MI#376;2#Michigan, United States#US#USMI##43.3504#-84.5603#MI#636;2#Michigan, United States#US#USMI##43.3504#-84.5603#MI#922;2#Michigan, United States#US#USMI##43.3504#-84.5603#MI#999;2#Michigan, United States#US#USMI##43.3504#-84.5603#MI#1059;2#Michigan, United States#US#USMI##43.3504#-84.5603#MI#1261;2#Michigan, United States#US#USMI##43.3504#-84.5603#MI#1394;2#Michigan, United States#US#USMI##43.3504#-84.5603#MI#1420					0.36231884057971,2.17391304347826,1.81159420289855,3.98550724637681,25,1.81159420289855,245			https://townsquare.media/site/84/files/2026/09/attachment-untitled-design-2026-09-08t132755-048.jpg?&q=75&format=natural								<PAGE_LINKS>https://99wfmk.com/author/scottclow/;https://99wfmk.com/tags/department-of-natural-resources/;https://banana1015.com/tags/deer/;https://michigantrafficcrashfacts.org/;https://www.mdnr-elicense.com/HarvestReportSummary</PAGE_LINKS><PAGE_AUTHORS>Tony LaBrie</PAGE_AUTHORS><PAGE_PRECISEPUBTIMESTAMP>20260908210300</PAGE_PRECISEPUBTIMESTAMP><PAGE_TITLE>Michigan Deer Hunters Get New Digital Tagging Option</PAGE_TITLE>
	20260908233000		insideindianabusiness.com	https://www.insideindianabusiness.com/articles/noblesville-based-pegasus-supply-group-acquired				EPU_ECONOMY_HISTORIC,183;WB_2670_JOBS,1862;WB_1467_EDUCATION_FOR_ALL,1862;WB_470_EDUCATION,1862;WB_2131_EMPLOYABILITY_SKILLS_AND_JOBS,1862;WB_1484_EDUCATION_SKILLS_DEVELOPMENT_AND_LABOR_MARKET,1862;AFFECT,1880;TAX_FNCACT_MANAGING_DIRECTOR,1556;CRISISLEX_O01_WEATHER,403;TAX_FNCACT_CEO,736;TAX_FNCACT_DIRECTOR,1556;TAX_FNCACT_RETAILER,1375;UNGP_FORESTS_RIVERS_OCEANS,1492;		3#Westport, Connecticut, United States#US#USCT#CT001#41.1415#-73.3579#212029#1135;4#Toronto, Ontario, Canada#CA#CA08#12686#43.6667#-79.4167#-574890#585					4.28571428571429,4.64285714285714,0.357142857142857,5,23.5714285714286,2.14285714285714,251			https://cdn.insideindianabusiness.com/wp-content/uploads/2026/09/Pegasus-Supply-Group-Noblesville.jpg								<PAGE_LINKS>https://www.insideindianabusiness.com/authors/eric-dick</PAGE_LINKS><PAGE_TITLE>Noblesville-based Pegasus Supply Group acquired &#x2013; Inside INdiana Business</PAGE_TITLE>
	20260908233000		elpais.com	https://english.elpais.com/usa/2026-09-08/giuliani-vs-mamdani-a-deeply-divided-united-states-marks-the-25th-anniversary-of-911.html				APPOINTMENT,3051;TAX_POLITICAL_PARTY_DEMOCRATS,4682;WB_1428_INJURY,4356;WB_1406_DISEASES,4356;WB_621_HEALTH_NUTRITION_AND_POPULATION,4356;WB_1427_NON_COMMUNICABLE_DISEASE_AND_INJURY,4356;TAX_FNCACT_VICE_PRESIDENT,734;TAX_TERROR_GROUP_ALQAEDA,364;MEDIA_SOCIAL,5322;WB_652_ICT_APPLICATIONS,5322;WB_662_SOCIAL_MEDIA,5322;WB_658_ENTERPRISE_APPLICATIONS,5322;TAX_FNCACT_MAN,1249;CORRUPTION,5368;WB_678_DIGITAL_GOVERNMENT,799;WB_678_DIGITAL_GOVERNMENT,5322;WB_694_BROADCAST_AND_MEDIA,799;WB_694_BROADCAST_AND_MEDIA,5322;WB_133_INFORMATION_AND_COMMUNICATION_TECHNOLOGIES,799;WB_133_INFORMATION_AND_COMMUNICATION_TECHNOLOGIES,5322;TRIAL,1713;TAX_FNCACT_LAWYER,1713;GENERAL_GOVERNMENT,2564;EPU_POLICY_GOVERNMENT,2564;UNGP_FORESTS_RIVERS_OCEANS,2322;TAX_FNCACT_CHIEF,3085;TAX_RELIGION_MUSLIM,1821;TAX_RELIGION_MUSLIM,2005;TAX_ETHNICITY_MUSLIM,1821;TAX_ETHNICITY_MUSLIM,2005;AFFECT,3783;RELEASE_HOSTAGE,3783;EXTREMISM,1734;WB_2657_EMERGENCY_PREPAREDNESS,3591;WB_699_URBAN_DEVELOPMENT,3591;WB_820_DISASTER_RISK_MANAGEMENT,3591;WB_1705_DISASTER_PREPAREDNESS,3591;GENERAL_HEALTH,4345;WB_1160_SHOCKS_AND_VULNERABILITY,176;WB_695_POVERTY,176;TAX_FNCACT_STALKER,5794;TAX_FNCACT_VICTIMS,2249;TAX_FNCACT_VICTIMS,2338;TAX_FNCACT_VICTIMS,3986;TAX_FNCACT_VICTIMS,4947;CRISISLEX_T08_MISSINGFOUNDTRAPPEDPEOPLE,2249;CRISISLEX_T08_MISSINGFOUNDTRAPPEDPEOPLE,2338;CRISISLEX_T08_MISSINGFOUNDTRAPPEDPEOPLE,3986;CRISISLEX_T08_MISSINGFOUNDTRAPPEDPEOPLE,4947;MEDIA_MSM,209;ELECTION,1496;TAX_POLITICAL_PARTY_REPUBLICAN,846;TAX_POLITICAL_PARTY_REPUBLICAN,1164;TAX_POLITICAL_PARTY_REPUBLICAN,4737;WB_698_TRADE,4156;TAX_FNCACT_POLITICIAN,2509;TAX_FNCACT_POLITICIAN,3411;EPU_POLICY_POLITICAL,4522;EPU_POLICY_POLITICAL,4765;EPU_POLICY_POLITICAL,4846;EPU_POLICY_POLITICAL,5945;USPEC_UNCERTAINTY1,639;TAX_FNCACT_ELECTED_OFFICIALS,4883;PIRACY,3215;LEADER,734;LEADER,766;LEADER,856;LEADER,1706;LEADER,5010;LEADER,5284;LEADER,5587;TAX_FNCACT_PRESIDENT,734;TAX_FNCACT_PRESIDENT,766;TAX_FNCACT_PRESIDENT,856;TAX_FNCACT_PRESIDENT,1706;TAX_FNCACT_PRESIDENT,5010;TAX_FNCACT_PRESIDENT,5284;TAX_FNCACT_PRESIDENT,5587;USPEC_POLITICS_GENERAL1,734;USPEC_POLITICS_GENERAL1,766;USPEC_POLITICS_GENERAL1,856;USPEC_POLITICS_GENERAL1,1706;USPEC_POLITICS_GENERAL1,5010;USPEC_POLITICS_GENERAL1,5284;USPEC_POLITICS_GENERAL1,5587;CRISISLEX_CRISISLEXREC,306;JIHAD,341;TERROR,341;ARMEDCONFLICT,341;TAX_FNCACT_OFFICIALS,4883;ACT_MAKESTATEMENT,2857;BAN,4785;TAX_WORLDLANGUAGES_KASSEM,3067;TAX_WORLDLANGUAGES_KASSEM,3107;KILL,613;KILL,4572;CRISISLEX_T02_INJURED,613;CRISISLEX_T02_INJURED,4572;CRISISLEX_T03_DEAD,613;CRISISLEX_T03_DEAD,4572;TAX_FNCACT_PRESIDENTS,4647;TAX_ETHNICITY_PALESTINIAN,2596;TAX_FNCACT_MAYOR,1293;TAX_FNCACT_MAYOR,1332;TAX_FNCACT_MAYOR,1479;TAX_FNCACT_MAYOR,1648;TAX_FNCACT_MAYOR,3348;TAX_FNCACT_ORGANIZERS,2265;EPU_CATS_MIGRATION_FEAR_FEAR,3847;EPU_CATS_NATIONAL_SECURITY,3847;WB_2433_CONFLICT_AND_VIOLENCE,2456;WB_2432_FRAGILITY_CONFLICT_AND_VIOLENCE,2456;UNGP_CRIME_VIOLENCE,2456;MANMADE_DISASTER_IMPLIED,527;MANMADE_DISASTER_IMPLIED,3225;MANMADE_DISASTER_IMPLIED,4133;TAX_ETHNICITY_AMERICAN,538;TAX_ETHNICITY_AMERICAN,2932;IDEOLOGY,2422;IDEOLOGY,2995;TAX_FNCACT_LEADER,1204;PROTEST,3433;		1#American#US#US##39.828175#-98.5795#US#538;1#American#US#US##39.828175#-98.5795#US#2932;1#Palestinian#IS#IS##31.5#34.75#IS#2596;2#New York, United States#US#USNY##42.1497#-74.9384#NY#434;2#New York, United States#US#USNY##42.1497#-74.9384#NY#952;2#New York, United States#US#USNY##42.1497#-74.9384#NY#1192;2#New York, United States#US#USNY##42.1497#-74.9384#NY#1358;2#New York, United States#US#USNY##42.1497#-74.9384#NY#1642;2#New York, United States#US#USNY##42.1497#-74.9384#NY#3342;2#New York, United States#US#USNY##42.1497#-74.9384#NY#5037;2#New York, United States#US#USNY##42.1497#-74.9384#NY#5178;2#New York, United States#US#USNY##42.1497#-74.9384#NY#5396;1#United States#US#US##39.828175#-98.5795#US#31;1#United States#US#US##39.828175#-98.5795#US#1064;1#United States#US#US##39.828175#-98.5795#US#5980;3#Washington, Washington, United States#US#USDC#DC001#38.8951#-77.0364#531871#1049;1#America#US#US##39.828175#-98.5795#US#1872;1#America#US#US##39.828175#-98.5795#US#2053;1#Israeli#IS#IS##31.5#34.75#IS#2553					-4.9856184084372,2.01342281879195,6.99904122722915,9.01246404602109,18.5043144774688,0.287631831255992,947			https://imagenes.elpais.com/resizer/v2/BLGE5HEGV5ANHFOJ2U6MMANTCE.jpg?auth=f5385ecc98b11c32a4eb7b399640c558792d076772b0281869ad8c973f43737e								<PAGE_LINKS>https://english.elpais.com/international/2025-11-15/jeromin-zettelmeyer-if-the-us-continues-to-exercise-coercive-leadership-europe-will-move-to-the-non-aligned-bloc.html;https://english.elpais.com/usa/2023-04-15/how-could-a-simple-recruit-have-access-to-so-many-pentagon-military-secrets.html;https://english.elpais.com/usa/2023-08-17/the-fall-of-rudy-giuliani-how-americas-mayor-tied-his-fate-to-donald-trump-and-got-indicted.html;https://english.elpais.com/usa/2024-09-11/911-a-timeline-of-the-events-of-the-september-11-attacks.html;https://truthsocial.com/@realDonaldTrump/posts/117175050400064794</PAGE_LINKS><PAGE_AUTHORS>Luis Doncel</PAGE_AUTHORS><PAGE_PRECISEPUBTIMESTAMP>20260908090000</PAGE_PRECISEPUBTIMESTAMP><PAGE_ALTURL_AMP>https://english.elpais.com/usa/2026-09-08/giuliani-vs-mamdani-a-deeply-divided-united-states-marks-the-25th-anniversary-of-911.html?outputType=amp</PAGE_ALTURL_AMP><PAGE_TITLE>Giuliani vs Mamdani: A deeply divided United States prepares to mark the 25th anniversary of 9/11</PAGE_TITLE>
	20260908233000		elpasoinc.com	https://www.elpasoinc.com/news/ap_wire/fda-fills-four-senior-roles-including-top-officials-for-drugs-vaccines-and-tobacco/article_0a7b5e64-3faf-58da-829a-a554dcc32d4a.html				LEADER,68;TAX_FNCACT_PRESIDENT,68;USPEC_POLITICS_GENERAL1,68;TAX_FNCACT_DEPUTY,1478;TAX_FNCACT_OFFICIALS,182;TAX_FNCACT_CHILDREN,1259;TAX_FNCACT_CHILDREN,2753;TAX_FNCACT_REGULATOR,1530;TRIAL,3240;TAX_FNCACT_ATTORNEY,3240;EPU_POLICY_GOVERNMENT,1373;EPU_POLICY_GOVERNMENT,3585;TAX_FNCACT_EXECUTIVE,1969;USPEC_POLICY1,699;USPEC_POLICY1,2627;EPU_POLICY_POLICY,699;EPU_POLICY_POLICY,2627;TAX_FNCACT_COMMISSIONER,2486;TAX_DISEASE_COVID_19,2443;TAX_DISEASE_COVID_19,2589;TAX_POLITICAL_PARTY_DEMOCRATS,804;TAX_FNCACT_DIRECTOR,1487;TAX_FNCACT_DIRECTOR,1865;TAX_FNCACT_DIRECTOR,3286;TAX_FNCACT_DIRECTOR,3399;TAX_DISEASE_COVID,1222;TAX_DISEASE_COVID,2440;TAX_DISEASE_COVID,2586;CRISISLEX_C03_WELLBEING_HEALTH,2310;EPU_ECONOMY_HISTORIC,2843;TAX_WORLDMAMMALS_HUMAN,361;TAX_DISEASE_DISEASES,2369;WB_1406_DISEASES,2369;TAX_FNCACT_PHYSICIANS,792;GENERAL_HEALTH,353;GENERAL_HEALTH,1722;GENERAL_HEALTH,2834;GENERAL_HEALTH,3628;MEDICAL,353;MEDICAL,1722;MEDICAL,2834;MEDICAL,3628;TAX_FNCACT_EXECUTIVES,2300;TAX_FNCACT_EXECUTIVES,2854;TAX_FNCACT_LEADER,1302;TAX_DISEASE_RARE_DISEASES,2369;EPU_CATS_HEALTHCARE,395;EPU_CATS_HEALTHCARE,1313;EPU_CATS_HEALTHCARE,1466;EPU_CATS_HEALTHCARE,1511;EPU_CATS_HEALTHCARE,1872;EPU_CATS_HEALTHCARE,1986;EPU_CATS_HEALTHCARE,3253;TAX_FNCACT_CRITIC,2408;WB_2670_JOBS,3249;WB_696_PUBLIC_SECTOR_MANAGEMENT,3249;WB_2048_COMPENSATION_CAREERS_AND_INCENTIVES,3249;WB_723_PUBLIC_ADMINISTRATION,3249;WB_724_HUMAN_RESOURCES_FOR_PUBLIC_SECTOR,3249;TAX_FNCACT_DIRECTORS,583;TAX_FNCACT_SECRETARY,1732;TAX_FNCACT_SUPPORTERS,3844;HEALTH_VACCINATION,305;HEALTH_VACCINATION,632;HEALTH_VACCINATION,1881;HEALTH_VACCINATION,2026;HEALTH_VACCINATION,2159;HEALTH_VACCINATION,2452;HEALTH_VACCINATION,2707;WB_642_CHILD_HEALTH,305;WB_642_CHILD_HEALTH,632;WB_642_CHILD_HEALTH,1881;WB_642_CHILD_HEALTH,2026;WB_642_CHILD_HEALTH,2159;WB_642_CHILD_HEALTH,2452;WB_642_CHILD_HEALTH,2707;WB_1459_IMMUNIZATIONS,305;WB_1459_IMMUNIZATIONS,632;WB_1459_IMMUNIZATIONS,1881;WB_1459_IMMUNIZATIONS,2026;WB_1459_IMMUNIZATIONS,2159;WB_1459_IMMUNIZATIONS,2452;WB_1459_IMMUNIZATIONS,2707;WB_639_REPRODUCTIVE_MATERNAL_AND_CHILD_HEALTH,305;WB_639_REPRODUCTIVE_MATERNAL_AND_CHILD_HEALTH,632;WB_639_REPRODUCTIVE_MATERNAL_AND_CHILD_HEALTH,1881;WB_639_REPRODUCTIVE_MATERNAL_AND_CHILD_HEALTH,2026;WB_639_REPRODUCTIVE_MATERNAL_AND_CHILD_HEALTH,2159;WB_639_REPRODUCTIVE_MATERNAL_AND_CHILD_HEALTH,2452;WB_639_REPRODUCTIVE_MATERNAL_AND_CHILD_HEALTH,2707;UNGP_HEALTHCARE,305;UNGP_HEALTHCARE,632;UNGP_HEALTHCARE,1881;UNGP_HEALTHCARE,2026;UNGP_HEALTHCARE,2159;UNGP_HEALTHCARE,2452;UNGP_HEALTHCARE,2707;GENERAL_GOVERNMENT,816;EPU_POLICY_CONGRESS,816;TAX_FNCACT_LEADERS,284;WB_1331_HEALTH_TECHNOLOGIES,126;WB_1331_HEALTH_TECHNOLOGIES,882;WB_1331_HEALTH_TECHNOLOGIES,1330;WB_1331_HEALTH_TECHNOLOGIES,1520;WB_2453_ORGANIZED_CRIME,126;WB_2453_ORGANIZED_CRIME,882;WB_2453_ORGANIZED_CRIME,1330;WB_2453_ORGANIZED_CRIME,1520;WB_1350_PHARMACEUTICALS,126;WB_1350_PHARMACEUTICALS,882;WB_1350_PHARMACEUTICALS,1330;WB_1350_PHARMACEUTICALS,1520;WB_2433_CONFLICT_AND_VIOLENCE,126;WB_2433_CONFLICT_AND_VIOLENCE,882;WB_2433_CONFLICT_AND_VIOLENCE,1330;WB_2433_CONFLICT_AND_VIOLENCE,1520;WB_621_HEALTH_NUTRITION_AND_POPULATION,126;WB_621_HEALTH_NUTRITION_AND_POPULATION,882;WB_621_HEALTH_NUTRITION_AND_POPULATION,1330;WB_621_HEALTH_NUTRITION_AND_POPULATION,1520;WB_2432_FRAGILITY_CONFLICT_AND_VIOLENCE,126;WB_2432_FRAGILITY_CONFLICT_AND_VIOLENCE,882;WB_2432_FRAGILITY_CONFLICT_AND_VIOLENCE,1330;WB_2432_FRAGILITY_CONFLICT_AND_VIOLENCE,1520;WB_2456_DRUGS_AND_NARCOTICS,126;WB_2456_DRUGS_AND_NARCOTICS,882;WB_2456_DRUGS_AND_NARCOTICS,1330;WB_2456_DRUGS_AND_NARCOTICS,1520;TAX_FNCACT_OFFICIAL,3262;TAX_FNCACT_OFFICIAL,3449;SCIENCE,3638;RESIGNATION,2053;PROTEST,2879;MOVEMENT_GENERAL,2879;TAX_FNCACT_ACTIVISTS,2879;TAX_FNCACT_PHARMACIST,1933;		3#Washington, Washington, United States#US#USDC#DC001#38.8951#-77.0364#531871#10					-0.8,2.08,2.88,4.96,15.84,0,565			https://bloximages.newyork1.vip.townnews.com/elpasoinc.com/content/tncms/assets/v3/editorial/7/94/79431a61-cece-5e75-b044-6bb3d027a2f6/6a8f0ec1e4f8b.image.jpg?crop=1764%2C926%2C0%2C124								<PAGE_LINKS>https://apnews.com/article/fda-tobacco-rfk-brian-king-cf2d5657e5d55410073aece19592be09;https://apnews.com/article/fda-trump-makary-vaccines-ultraprocessed-food-safety-ce9df8eb4bba5c950e500c62d975afe2;https://apnews.com/article/psychedelic-drugs-mushrooms-startups-psilocybin-fda-e3f629f817781b096d72535e022d8b2f;https://apnews.com/article/psychedelics-trump-fda-kennedy-drugs-mdma-afd00baa39f4300e4631d1f3eed27b7f;https://apnews.com/article/tracy-beth-hoeg-fda-covid-drugs-makary-789be2c5a0da7b18a0dc2e7c52656acb;https://apnews.com/article/vinay-prasad-fda-trump-vaccine-moderna-fired-bf56fe9852def8c9f1b9a648e5bb92df;https://apnews.com/article/vinay-prasad-fda-vaccines-kennedy-8bbdc172215a9ba1cd587733b1732bbf;https://apnews.com/hub/us-food-and-drug-administration;https://www.ap.org/about/standards-for-working-with-outside-groups/;https://www.ap.org/about/supporting-ap/;https://www.apfj.org/;https://www.hhs.gov/press-room/hhs-announces-key-fda-leadership-selections.html</PAGE_LINKS><PAGE_AUTHORS>MATTHEW PERRONE - AP Health Writer</PAGE_AUTHORS><PAGE_PRECISEPUBTIMESTAMP>20260908220800</PAGE_PRECISEPUBTIMESTAMP><PAGE_TITLE>FDA fills four senior roles, including top officials for drugs, vaccines and tobacco</PAGE_TITLE>
	20260908233000		chiangraitimes.com	https://www.chiangraitimes.com/travel-guide/bangkok-in-style-a-luxury-guide-to-where-to-stay-dine-and-explore/				SOC_POINTSOFINTEREST_AIRPORT,3875;WB_135_TRANSPORT,3875;WB_1803_TRANSPORT_INFRASTRUCTURE,3875;WB_1804_AIRPORTS,3875;MARITIME,3163;TAX_FNCACT_DESIGNER,1193;TAX_FNCACT_DESIGNER,3494;TAX_FNCACT_CHEFS,2021;TAX_FNCACT_BUTLER,1396;TAX_FNCACT_CONCIERGE,1624;TAX_FNCACT_GUIDE,422;PUBLIC_TRANSPORT,1298;GEN_HOLIDAY,388;SOC_INNOVATION,1820;TAX_ETHNICITY_THAI,1798;TAX_ETHNICITY_THAI,1995;TAX_ETHNICITY_THAI,2115;TAX_ETHNICITY_THAI,3485;		1#Thailand#TH#TH##15#100#TH#17;1#Thailand#TH#TH##15#100#TH#91;1#Thailand#TH#TH##15#100#TH#215;1#Thailand#TH#TH##15#100#TH#301;1#Thailand#TH#TH##15#100#TH#380;1#Thailand#TH#TH##15#100#TH#443;1#Thailand#TH#TH##15#100#TH#535;1#Thailand#TH#TH##15#100#TH#631;1#Thailand#TH#TH##15#100#TH#661;1#Thailand#TH#TH##15#100#TH#850;1#Thailand#TH#TH##15#100#TH#920;1#Thailand#TH#TH##15#100#TH#1175;1#Thailand#TH#TH##15#100#TH#1274;1#Thailand#TH#TH##15#100#TH#1365;1#Thailand#TH#TH##15#100#TH#1565;1#Thailand#TH#TH##15#100#TH#1670;1#Thailand#TH#TH##15#100#TH#1708;1#Thailand#TH#TH##15#100#TH#1766;1#Thailand#TH#TH##15#100#TH#1970;1#Thailand#TH#TH##15#100#TH#2144;1#Thailand#TH#TH##15#100#TH#2388;1#Thailand#TH#TH##15#100#TH#2509;1#Thailand#TH#TH##15#100#TH#2712;1#Thailand#TH#TH##15#100#TH#2767;1#Thailand#TH#TH##15#100#TH#2820;1#Thailand#TH#TH##15#100#TH#2950;1#Thailand#TH#TH##15#100#TH#3061;1#Thailand#TH#TH##15#100#TH#3200;1#Thailand#TH#TH##15#100#TH#3226;1#Thailand#TH#TH##15#100#TH#3426;1#Thailand#TH#TH##15#100#TH#3684;1#Thailand#TH#TH##15#100#TH#3727;1#Thailand#TH#TH##15#100#TH#4013;1#Thailand#TH#TH##15#100#TH#4125;1#Thailand#TH#TH##15#100#TH#4261;1#Thailand#TH#TH##15#100#TH#4348;1#Thailand#TH#TH##15#100#TH#4525;1#Thailand#TH#TH##15#100#TH#4581;4#Chao Phraya, Thailand (General), Thailand#TH#TH00#26989#13.5333#100.602#-3247040#910;4#Chao Phraya, Thailand (General), Thailand#TH#TH00#26989#13.5333#100.602#-3247040#3190;1#Thai#TH#TH##15#100#TH#1798;1#Thai#TH#TH##15#100#TH#1995;1#Thai#TH#TH##15#100#TH#2115;1#Thai#TH#TH##15#100#TH#3485;4#Bangkok, Krung Thep Mahanakhon, Thailand#TH#TH40#26423#13.75#100.517#-3250083#7;4#Bangkok, Krung Thep Mahanakhon, Thailand#TH#TH40#26423#13.75#100.517#-3250083#81;4#Bangkok, Krung Thep Mahanakhon, Thailand#TH#TH40#26423#13.75#100.517#-3250083#205;4#Bangkok, Krung Thep Mahanakhon, Thailand#TH#TH40#26423#13.75#100.517#-3250083#291;4#Bangkok, Krung Thep Mahanakhon, Thailand#TH#TH40#26423#13.75#100.517#-3250083#433;4#Bangkok, Krung Thep Mahanakhon, Thailand#TH#TH40#26423#13.75#100.517#-3250083#525;4#Bangkok, Krung Thep Mahanakhon, Thailand#TH#TH40#26423#13.75#100.517#-3250083#621;4#Bangkok, Krung Thep Mahanakhon, Thailand#TH#TH40#26423#13.75#100.517#-3250083#651;4#Bangkok, Krung Thep Mahanakhon, Thailand#TH#TH40#26423#13.75#100.517#-3250083#840;4#Bangkok, Krung Thep Mahanakhon, Thailand#TH#TH40#26423#13.75#100.517#-3250083#1165;4#Bangkok, Krung Thep Mahanakhon, Thailand#TH#TH40#26423#13.75#100.517#-3250083#1264;4#Bangkok, Krung Thep Mahanakhon, Thailand#TH#TH40#26423#13.75#100.517#-3250083#1355;4#Bangkok, Krung Thep Mahanakhon, Thailand#TH#TH40#26423#13.75#100.517#-3250083#1555;4#Bangkok, Krung Thep Mahanakhon, Thailand#TH#TH40#26423#13.75#100.517#-3250083#1660;4#Bangkok, Krung Thep Mahanakhon, Thailand#TH#TH40#26423#13.75#100.517#-3250083#1698;4#Bangkok, Krung Thep Mahanakhon, Thailand#TH#TH40#26423#13.75#100.517#-3250083#1756;4#Bangkok, Krung Thep Mahanakhon, Thailand#TH#TH40#26423#13.75#100.517#-3250083#1960;4#Bangkok, Krung Thep Mahanakhon, Thailand#TH#TH40#26423#13.75#100.517#-3250083#2134;4#Bangkok, Krung Thep Mahanakhon, Thailand#TH#TH40#26423#13.75#100.517#-3250083#2378;4#Bangkok, Krung Thep Mahanakhon, Thailand#TH#TH40#26423#13.75#100.517#-3250083#2499;4#Bangkok, Krung Thep Mahanakhon, Thailand#TH#TH40#26423#13.75#100.517#-3250083#2702;4#Bangkok, Krung Thep Mahanakhon, Thailand#TH#TH40#26423#13.75#100.517#-3250083#2757;4#Bangkok, Krung Thep Mahanakhon, Thailand#TH#TH40#26423#13.75#100.517#-3250083#2810;4#Bangkok, Krung Thep Mahanakhon, Thailand#TH#TH40#26423#13.75#100.517#-3250083#2940;4#Bangkok, Krung Thep Mahanakhon, Thailand#TH#TH40#26423#13.75#100.517#-3250083#3051;4#Bangkok, Krung Thep Mahanakhon, Thailand#TH#TH40#26423#13.75#100.517#-3250083#3216;4#Bangkok, Krung Thep Mahanakhon, Thailand#TH#TH40#26423#13.75#100.517#-3250083#3416;4#Bangkok, Krung Thep Mahanakhon, Thailand#TH#TH40#26423#13.75#100.517#-3250083#3674;4#Bangkok, Krung Thep Mahanakhon, Thailand#TH#TH40#26423#13.75#100.517#-3250083#3717;4#Bangkok, Krung Thep Mahanakhon, Thailand#TH#TH40#26423#13.75#100.517#-3250083#4003;4#Bangkok, Krung Thep Mahanakhon, Thailand#TH#TH40#26423#13.75#100.517#-3250083#4115;4#Bangkok, Krung Thep Mahanakhon, Thailand#TH#TH40#26423#13.75#100.517#-3250083#4251;4#Bangkok, Krung Thep Mahanakhon, Thailand#TH#TH40#26423#13.75#100.517#-3250083#4338;4#Bangkok, Krung Thep Mahanakhon, Thailand#TH#TH40#26423#13.75#100.517#-3250083#4515					9.51638065522621,9.82839313572543,0.31201248049922,10.1404056162246,20.2808112324493,0.15600624024961,606			https://i0.wp.com/www.chiangraitimes.com/wp-content/uploads/2026/09/14-2-sala.jpg								<PAGE_LINKS>https://www.gother.com/;https://www.gother.com/en-us/hotels/thailand/bangkok</PAGE_LINKS><PAGE_AUTHORS>PR News</PAGE_AUTHORS><PAGE_PRECISEPUBTIMESTAMP>20260908203700</PAGE_PRECISEPUBTIMESTAMP><PAGE_TITLE>Bangkok in Style: A Luxury Guide to Where to Stay, Dine and Explore</PAGE_TITLE>
	20260908233000		merimbulanewsweekly.com.au	https://www.merimbulanewsweekly.com.au/story/9346599/women-on-the-land-refuse-to-just-let-the-boys-do-it/				TAX_FNCACT_PILOT,849;TAX_FNCACT_PILOT,966;TAX_FNCACT_PILOT,2084;TAX_ETHNICITY_INDIGENOUS,3171;ETH_INDIGINOUS,3171;WB_698_TRADE,2578;GENERAL_GOVERNMENT,1496;MARITIME,1873;TAX_FNCACT_AEROSPACE_ENGINEER,3019;TAX_FNCACT_WOMEN,1172;TAX_FNCACT_WOMEN,1240;TAX_FNCACT_FOUNDER,2966;TAX_FNCACT_CHILDREN,1579;EDUCATION,390;EDUCATION,546;EDUCATION,2585;EDUCATION,2995;SOC_POINTSOFINTEREST_SCHOOL,390;SOC_POINTSOFINTEREST_SCHOOL,546;SOC_POINTSOFINTEREST_SCHOOL,2585;SOC_POINTSOFINTEREST_SCHOOL,2995;TAX_FNCACT_EDUCATOR,3045;WB_427_WATER_ALLOCATION_AND_WATER_ECONOMICS,923;WB_427_WATER_ALLOCATION_AND_WATER_ECONOMICS,1040;WB_1064_WATER_DEMAND_MANAGEMENT,923;WB_1064_WATER_DEMAND_MANAGEMENT,1040;TAX_FNCACT_VET,3036;TAX_FNCACT_STUDENT,2566;CRISISLEX_CRISISLEXREC,3436;CRISISLEX_CRISISLEXREC,3485;TAX_FNCACT_ELECTRICIAN,2458;WB_137_WATER,912;WB_137_WATER,1029;WB_137_WATER,2245;WB_137_WATER,2400;EPU_ECONOMY_HISTORIC,58;EPU_ECONOMY_HISTORIC,173;EPU_ECONOMY_HISTORIC,810;TAX_FNCACT_LEADERS,3158;TAX_FNCACT_LEADERS,3210;AGRICULTURE,12;AGRICULTURE,127;AGRICULTURE,3056;TAX_FNCACT_FARMER,12;TAX_FNCACT_FARMER,127;TAX_FNCACT_FARMER,3056;TAX_FNCACT_STUDENTS,600;TAX_FNCACT_VETERAN,2896;TAX_ETHNICITY_AUSTRALIAN,3309;TAX_FNCACT_ENGINEER,3019;TAX_FNCACT_TEACHER,554;SOC_INNOVATION,3182;TAX_ETHNICITY_AUSTRALIANS,1116;TAX_FNCACT_DAIRY_FARMER,12;TAX_FNCACT_DAIRY_FARMER,127;RURAL,1166;TAX_FNCACT_FARMERS,1733;TAX_FNCACT_FARMERS,1792;WB_2670_JOBS,2534;WB_696_PUBLIC_SECTOR_MANAGEMENT,2534;WB_2048_COMPENSATION_CAREERS_AND_INCENTIVES,2534;WB_723_PUBLIC_ADMINISTRATION,2534;WB_724_HUMAN_RESOURCES_FOR_PUBLIC_SECTOR,2534;ECON_ENTREPRENEURSHIP,3239;EPU_CATS_MIGRATION_FEAR_MIGRATION,2979;WB_470_EDUCATION,723;WB_470_EDUCATION,1927;		1#Australian#AS#AS##-25#135#AS#3309;5#Northern Territory, Northern Territory, Australia#AS#AS03#40197#-20#134#-1592100#2126;4#Mannum, South Australia, Australia#AS#AS05#5287#-34.9153#139.303#-1585646#439;1#Australians#AS#AS##-25#135#AS#1116;1#Australia#AS#AS##-25#135#AS#450;1#Australia#AS#AS##-25#135#AS#471;1#Australia#AS#AS##-25#135#AS#1525;1#Australia#AS#AS##-25#135#AS#1864;1#Australia#AS#AS##-25#135#AS#2137;4#Canberra, Australian Capital Territory, Australia#AS#AS01#4940#-35.2833#149.217#-1563952#1514					1.34228187919463,3.02013422818792,1.67785234899329,4.69798657718121,22.9865771812081,0.335570469798658,539			https://www.merimbulanewsweekly.com.au/images/transform/v1/crop/frm/silverstone-feed-data/5e5f6796-c79d-4922-b116-b065a2626c5c.jpg/r0_90_800_510_w1200_h630_fmax.jpg								<PAGE_LINKS>https://agrifutures.com.au/opportunities/rural-womens-award/</PAGE_LINKS><PAGE_PRECISEPUBTIMESTAMP>20260908200100</PAGE_PRECISEPUBTIMESTAMP><PAGE_TITLE>Women on the land refuse to just 'let the boys do it'</PAGE_TITLE>
	20260908233000		sott.net	https://www.sott.net/article/508300-Israels-destruction-of-Gaza-sewage-system-backfires-triggering-water-crisis-for-regime				EVACUATION,1934;EVACUATION,1988;CRISISLEX_T01_CAUTION_ADVICE,1934;CRISISLEX_T01_CAUTION_ADVICE,1988;CRISISLEX_T09_DISPLACEDRELOCATEDEVACUATED,1934;CRISISLEX_T09_DISPLACEDRELOCATEDEVACUATED,1988;TAX_DISEASE_DISEASE,1678;TAX_DISEASE_DISEASE,2284;TAX_DISEASE_DISEASE,2801;WB_1406_DISEASES,1678;WB_1406_DISEASES,2284;WB_1406_DISEASES,2801;WB_621_HEALTH_NUTRITION_AND_POPULATION,1678;WB_621_HEALTH_NUTRITION_AND_POPULATION,2284;WB_621_HEALTH_NUTRITION_AND_POPULATION,2801;UNGP_HEALTHCARE,1678;UNGP_HEALTHCARE,2284;UNGP_HEALTHCARE,2801;MANMADE_DISASTER_IMPLIED,698;ARMEDCONFLICT,1961;EPU_CATS_NATIONAL_SECURITY,1961;GENERAL_GOVERNMENT,483;GENERAL_GOVERNMENT,1229;TAX_FNCACT_SPOKESPERSON,1104;ECON_DEVELOPMENTORGS_WORLD_HEALTH_ORGANIZATION,2321;TAX_AIDGROUPS_WORLD_HEALTH_ORGANIZATION,2321;BLOCKADE,1415;SEIGE,1415;SANITATION,1276;WB_2000_SANITATION,1276;CRISISLEX_C06_WATER_SANITATION,1276;CRISISLEX_C04_LOGISTICS_TRANSPORT,1333;CRISISLEX_C04_LOGISTICS_TRANSPORT,1847;TAX_ETHNICITY_PALESTINIAN,1901;CRISISLEX_CRISISLEXREC,255;TAX_AIDGROUPS_UNICEF,2095;TAX_DISEASE_DIARRHEA,2543;TAX_FNCACT_CHILDREN,2073;TAX_FNCACT_CHILDREN,2760;WATER_SECURITY,498;UNGP_CLEAN_WATER_SANITATION,498;UNGP_CRIME_VIOLENCE,1200;AGRICULTURE,983;TAX_FNCACT_AUTHORITIES,590;TAX_FNCACT_AUTHORITIES,1913;EPU_POLICY_AUTHORITIES,590;EPU_POLICY_AUTHORITIES,1913;WB_137_WATER,15;WB_137_WATER,79;WB_137_WATER,278;WB_137_WATER,735;WB_137_WATER,1557;WB_137_WATER,1854;WB_137_WATER,2154;WB_137_WATER,2653;WB_139_SANITATION_AND_WASTEWATER,15;WB_139_SANITATION_AND_WASTEWATER,79;WB_139_SANITATION_AND_WASTEWATER,278;WB_139_SANITATION_AND_WASTEWATER,735;WB_139_SANITATION_AND_WASTEWATER,1557;WB_139_SANITATION_AND_WASTEWATER,1854;WB_139_SANITATION_AND_WASTEWATER,2154;WB_139_SANITATION_AND_WASTEWATER,2653;WB_148_SEWERAGE,15;WB_148_SEWERAGE,79;WB_148_SEWERAGE,278;WB_148_SEWERAGE,735;WB_148_SEWERAGE,1557;WB_148_SEWERAGE,1854;WB_148_SEWERAGE,2154;WB_148_SEWERAGE,2653;WB_1199_WATER_SUPPLY_AND_SANITATION,15;WB_1199_WATER_SUPPLY_AND_SANITATION,79;WB_1199_WATER_SUPPLY_AND_SANITATION,278;WB_1199_WATER_SUPPLY_AND_SANITATION,735;WB_1199_WATER_SUPPLY_AND_SANITATION,1557;WB_1199_WATER_SUPPLY_AND_SANITATION,1854;WB_1199_WATER_SUPPLY_AND_SANITATION,2154;WB_1199_WATER_SUPPLY_AND_SANITATION,2653;WB_2003_SANITATION_TECHNOLOGIES,15;WB_2003_SANITATION_TECHNOLOGIES,79;WB_2003_SANITATION_TECHNOLOGIES,278;WB_2003_SANITATION_TECHNOLOGIES,735;WB_2003_SANITATION_TECHNOLOGIES,1557;WB_2003_SANITATION_TECHNOLOGIES,1854;WB_2003_SANITATION_TECHNOLOGIES,2154;WB_2003_SANITATION_TECHNOLOGIES,2653;MEDICAL,2308;SELF_IDENTIFIED_ATROCITY,1192;NATURAL_DISASTER_FLOODS,86;UNGP_FORESTS_RIVERS_OCEANS,407;UNGP_FORESTS_RIVERS_OCEANS,444;UNGP_FORESTS_RIVERS_OCEANS,1381;TAX_ETHNICITY_PALESTINIANS,1633;TAX_ETHNICITY_PALESTINIANS,2721;TAX_FNCACT_REPRESENTATIVE,2575;GENERAL_HEALTH,1668;GENERAL_HEALTH,2422;TAX_FNCACT_MINISTER,1970;		4#Gaza, Israel (General), Israel#IS#IS00#18315#31.4167#34.3333#-797156#20;4#Gaza, Israel (General), Israel#IS#IS00#18315#31.4167#34.3333#-797156#146;4#Gaza, Israel (General), Israel#IS#IS00#18315#31.4167#34.3333#-797156#166;4#Gaza, Israel (General), Israel#IS#IS00#18315#31.4167#34.3333#-797156#263;4#Gaza, Israel (General), Israel#IS#IS00#18315#31.4167#34.3333#-797156#753;4#Gaza, Israel (General), Israel#IS#IS00#18315#31.4167#34.3333#-797156#1208;4#Gaza, Israel (General), Israel#IS#IS00#18315#31.4167#34.3333#-797156#1249;4#Gaza, Israel (General), Israel#IS#IS00#18315#31.4167#34.3333#-797156#1523;4#Gaza, Israel (General), Israel#IS#IS00#18315#31.4167#34.3333#-797156#2139;4#Gaza, Israel (General), Israel#IS#IS00#18315#31.4167#34.3333#-797156#2342;1#Palestine#IS#IS##31.5#34.75#IS#213;1#Palestinian#IS#IS##31.5#34.75#IS#1901;1#Israel#IS#IS##31.5#34.75#IS#28;1#Israel#IS#IS##31.5#34.75#IS#154;1#Israel#IS#IS##31.5#34.75#IS#174;1#Israel#IS#IS##31.5#34.75#IS#243;1#Israel#IS#IS##31.5#34.75#IS#271;1#Israel#IS#IS##31.5#34.75#IS#354;1#Israel#IS#IS##31.5#34.75#IS#761;1#Israel#IS#IS##31.5#34.75#IS#882;1#Israel#IS#IS##31.5#34.75#IS#1125;1#Israel#IS#IS##31.5#34.75#IS#1172;1#Israel#IS#IS##31.5#34.75#IS#1216;1#Israel#IS#IS##31.5#34.75#IS#1257;1#Israel#IS#IS##31.5#34.75#IS#1406;1#Israel#IS#IS##31.5#34.75#IS#1531;1#Israel#IS#IS##31.5#34.75#IS#2147;1#Israel#IS#IS##31.5#34.75#IS#2350;1#Israeli#IS#IS##31.5#34.75#IS#684					-12.5284738041002,0.455580865603645,12.9840546697039,13.4396355353075,20.501138952164,0,399			https://www.sott.net/image/s37/749398/full/1_Overflowing_sewage_floods_th.jpg								<PAGE_TITLE>Israel's destruction of Gaza sewage system backfires, triggering water crisis for regime</PAGE_TITLE>
	20260908233000		greeleytribune.com	https://www.greeleytribune.com/2026/09/07/broncos-week-1-preparation-chiefs/						3#Denver, Colorado, United States#US#USCO#CO031#39.7392#-104.985#201738#18;3#Denver, Colorado, United States#US#USCO#CO031#39.7392#-104.985#201738#512;3#Denver, Colorado, United States#US#USCO#CO031#39.7392#-104.985#201738#927;3#Denver, Colorado, United States#US#USCO#CO031#39.7392#-104.985#201738#2306;3#Denver, Colorado, United States#US#USCO#CO031#39.7392#-104.985#201738#2495					-1.1070110701107,1.1070110701107,2.2140221402214,3.3210332103321,21.9557195571956,1.1070110701107,480			https://www.greeleytribune.com/wp-content/uploads/2026/09/TDP-L-BRONCOS-VIKINGSAO1_1946x.jpg								<PAGE_LINKS>https://www.denverpost.com/2022/09/13/nathaniel-hackett-broncos-field-goal-seahawks/;https://www.denverpost.com/2026/08/28/vikings-broncos-score-live-updates-highlights/</PAGE_LINKS><PAGE_AUTHORS>Samuel Jane</PAGE_AUTHORS><PAGE_PRECISEPUBTIMESTAMP>20260907230200</PAGE_PRECISEPUBTIMESTAMP><PAGE_TITLE>How the Broncos are preparing for the Chiefs with extra time</PAGE_TITLE>
	20260908233000		wltribune.com	https://wltribune.com/2026/09/08/two-cariboo-residents-fined-over-5k-for-dangerous-hunting/						4#Williams Lake, British Columbia, Canada#CA#CA02#154724#52.1167#-122.15#-576014#329					-7.77777777777778,0.555555555555556,8.33333333333333,8.88888888888889,16.1111111111111,0,154			https://wltribune.com/wp-content/uploads/sites/6/2026/09/481085964_1048206744000915_341380309130921335_n.jpg								<PAGE_LINKS>https://trinityaudio.ai</PAGE_LINKS><PAGE_AUTHORS>Laisa Conde</PAGE_AUTHORS><PAGE_PRECISEPUBTIMESTAMP>20260908223900</PAGE_PRECISEPUBTIMESTAMP><PAGE_TITLE>Two Cariboo residents fined over $5K for dangerous hunting</PAGE_TITLE>
	20260908233000		bnnbloomberg.ca	https://www.bnnbloomberg.ca/tariffs/2026/09/08/trump-bans-canadian-goods-from-us-government-contracts-after-new-duties-kick-in/				LEADER,37;LEADER,730;LEADER,3982;LEADER,4752;TAX_FNCACT_PRESIDENT,37;TAX_FNCACT_PRESIDENT,730;TAX_FNCACT_PRESIDENT,3982;TAX_FNCACT_PRESIDENT,4752;BORDER,2143;BORDER,2585;EPU_POLICY_GOVERNMENT,123;EPU_POLICY_GOVERNMENT,349;EPU_POLICY_GOVERNMENT,467;EPU_POLICY_GOVERNMENT,2245;EPU_POLICY_GOVERNMENT,4407;TAX_ETHNICITY_CANADIAN,338;TAX_ETHNICITY_CANADIAN,370;TAX_ETHNICITY_CANADIAN,532;TAX_ETHNICITY_CANADIAN,1552;TAX_ETHNICITY_CANADIAN,2376;TAX_ETHNICITY_CANADIAN,2665;TAX_ETHNICITY_CANADIAN,2730;TAX_ETHNICITY_CANADIAN,3759;TAX_ETHNICITY_CANADIAN,3934;TAX_ETHNICITY_CANADIAN,4108;TAX_ETHNICITY_CANADIAN,4253;TAX_ETHNICITY_CANADIAN,5066;TAX_ETHNICITY_CANADIAN,5193;TAX_ETHNICITY_CANADIAN,5763;		4#Lacolle, Quebec, Canada#CA#CA10#12757#45.0833#-73.3667#-567564#2621;4#Ottawa, Ontario, Canada#CA#CA08#12755#45.4167#-75.7#-570760#6;4#Ottawa, Ontario, Canada#CA#CA08#12755#45.4167#-75.7#-570760#1177;4#Ottawa, Ontario, Canada#CA#CA08#12755#45.4167#-75.7#-570760#1616;4#Ottawa, Ontario, Canada#CA#CA08#12755#45.4167#-75.7#-570760#3913;4#Ottawa, Ontario, Canada#CA#CA08#12755#45.4167#-75.7#-570760#6053;1#Canada#CA#CA##60#-96#CA#14;1#Canada#CA#CA##60#-96#CA#233;1#Canada#CA#CA##60#-96#CA#1185;1#Canada#CA#CA##60#-96#CA#1334;1#Canada#CA#CA##60#-96#CA#1624;1#Canada#CA#CA##60#-96#CA#1923;1#Canada#CA#CA##60#-96#CA#2629;1#Canada#CA#CA##60#-96#CA#2805;1#Canada#CA#CA##60#-96#CA#3214;1#Canada#CA#CA##60#-96#CA#3397;1#Canada#CA#CA##60#-96#CA#3817;1#Canada#CA#CA##60#-96#CA#3921;1#Canada#CA#CA##60#-96#CA#3998;1#Canada#CA#CA##60#-96#CA#4062;1#Canada#CA#CA##60#-96#CA#5279;1#Canada#CA#CA##60#-96#CA#5640;1#Canada#CA#CA##60#-96#CA#6061;1#Canada#CA#CA##60#-96#CA#6118;1#Canada#CA#CA##60#-96#CA#6330;3#Washington, Washington, United States#US#USDC#DC001#38.8951#-77.0364#531871#1323;1#United States#US#US##39.828175#-98.5795#US#2027;1#United States#US#US##39.828175#-98.5795#US#2578;1#United States#US#US##39.828175#-98.5795#US#2977;1#United States#US#US##39.828175#-98.5795#US#4643;1#United States#US#US##39.828175#-98.5795#US#5313;1#United States#US#US##39.828175#-98.5795#US#5863;1#United States#US#US##39.828175#-98.5795#US#6013;1#Canadian#CA#CA##60#-96#CA#338;1#Canadian#CA#CA##60#-96#CA#370;1#Canadian#CA#CA##60#-96#CA#532;1#Canadian#CA#CA##60#-96#CA#1552;1#Canadian#CA#CA##60#-96#CA#2376;1#Canadian#CA#CA##60#-96#CA#2665;1#Canadian#CA#CA##60#-96#CA#2730;1#Canadian#CA#CA##60#-96#CA#3759;1#Canadian#CA#CA##60#-96#CA#3934;1#Canadian#CA#CA##60#-96#CA#4108;1#Canadian#CA#CA##60#-96#CA#4253;1#Canadian#CA#CA##60#-96#CA#5066;1#Canadian#CA#CA##60#-96#CA#5193;1#Canadian#CA#CA##60#-96#CA#5763;4#Saskatchewan, Manitoba, Canada#CA#CA03#154724#52.15#-97.7167#-575075#1915;1#American#US#US##39.828175#-98.5795#US#403;1#American#US#US##39.828175#-98.5795#US#1254;1#American#US#US##39.828175#-98.5795#US#2456;1#American#US#US##39.828175#-98.5795#US#3839;3#The White House, District Of Columbia, United States#US#USDC#DC001#38.8951#-77.0364#531871#2962;1#America#US#US##39.828175#-98.5795#US#4666;1#America#US#US##39.828175#-98.5795#US#5426;1#America#US#US##39.828175#-98.5795#US#5712;1#Canadians#CA#CA##60#-96#CA#3452;1#Americans#US#US##39.828175#-98.5795#US#6165;1#Americans#US#US##39.828175#-98.5795#US#6295;1#Americans#US#US##39.828175#-98.5795#US#6366					-0.659754948162111,1.97926484448633,2.63901979264844,4.61828463713478,22.9029217719133,0.377002827521206,979			https://www.bnnbloomberg.ca/resizer/v2/7TEHAEWCREXVKUAJVWOBHCXLNQ.jpg?smart=true&auth=a7cbcfd62939cf7d04b31163310fba71827e02cc16f1b9dffbe885ccbe167e37								<PAGE_TITLE>Canada-U.S. counter-tariffs: Trump bans Canadian contracts</PAGE_TITLE>
	20260908233000		comoxvalleyrecord.com	https://comoxvalleyrecord.com/2026/09/08/eby-planting-new-signs-at-b-c-border-to-welcome-americans-during-trade-war/				LEADER,1530;LEADER,2515;BORDER,74;BORDER,1016;		1#Canadians#CA#CA##60#-96#CA#2652;1#British#UK#UK##54#-4#UK#87;1#British#UK#UK##54#-4#UK#640;1#British#UK#UK##54#-4#UK#2433;1#Canada#CA#CA##60#-96#CA#130;1#Canada#CA#CA##60#-96#CA#254;1#Canada#CA#CA##60#-96#CA#491;1#Canada#CA#CA##60#-96#CA#667;1#Canada#CA#CA##60#-96#CA#678;1#Canada#CA#CA##60#-96#CA#783;1#Canada#CA#CA##60#-96#CA#863;1#Canada#CA#CA##60#-96#CA#1303;1#Canada#CA#CA##60#-96#CA#2387;1#Americans#US#US##39.828175#-98.5795#US#54;1#Americans#US#US##39.828175#-98.5795#US#2576;4#Port Hardy, British Columbia, Canada#CA#CA02#190729#50.7167#-127.5#-571588#483;1#Canadian#CA#CA##60#-96#CA#542;1#Canadian#CA#CA##60#-96#CA#1165;1#Canadian#CA#CA##60#-96#CA#2767;1#American#US#US##39.828175#-98.5795#US#2469					-3.02114803625378,1.81268882175227,4.83383685800604,6.64652567975831,22.809667673716,1.05740181268882,590			https://comoxvalleyrecord.com/wp-content/uploads/sites/13/2026/09/IMG_0171.jpeg								<PAGE_LINKS>https://trinityaudio.ai</PAGE_LINKS><PAGE_AUTHORS>Mark Page</PAGE_AUTHORS><PAGE_PRECISEPUBTIMESTAMP>20260908224800</PAGE_PRECISEPUBTIMESTAMP><PAGE_TITLE>Eby planting new signs at B.C. border to welcome Americans during trade war</PAGE_TITLE>
	20260908233000		thecoast.ca	https://www.thecoast.ca/food-drink-2/vessel-meats-putting-nova-scotian-ingredients-at-the-centre-of-the-table/				EPU_ECONOMY_HISTORIC,1212;EPU_ECONOMY_HISTORIC,1909;EPU_ECONOMY_HISTORIC,2035;EPU_ECONOMY_HISTORIC,2760;EPU_ECONOMY_HISTORIC,3363;EPU_ECONOMY_HISTORIC,3838;EPU_ECONOMY_HISTORIC,5287;EPU_ECONOMY_HISTORIC,6388;EPU_ECONOMY_HISTORIC,7138;EPU_ECONOMY_HISTORIC,7459;EPU_ECONOMY_HISTORIC,7568;EPU_ECONOMY_HISTORIC,9420;EPU_ECONOMY_HISTORIC,9500;EPU_ECONOMY_HISTORIC,9580;CRISISLEX_T11_UPDATESSYMPATHY,1155;WB_135_TRANSPORT,5050;TAX_FOODSTAPLES_MEAT,1069;TAX_FOODSTAPLES_MEAT,1230;TAX_FOODSTAPLES_MEAT,1332;TAX_FOODSTAPLES_MEAT,2542;TAX_FOODSTAPLES_MEAT,3202;TAX_FOODSTAPLES_MEAT,3616;TAX_FOODSTAPLES_MEAT,3961;TAX_FOODSTAPLES_MEAT,4117;TAX_FOODSTAPLES_MEAT,4261;TAX_FOODSTAPLES_MEAT,5309;TAX_FOODSTAPLES_MEAT,5581;TAX_FOODSTAPLES_MEAT,5658;TAX_FOODSTAPLES_MEAT,7081;TAX_FOODSTAPLES_MEAT,7739;TAX_FOODSTAPLES_MEAT,9048;FOOD_SECURITY,3313;WB_199_FOOD_SECURITY,3313;WB_435_AGRICULTURE_AND_FOOD_SECURITY,3313;WB_1967_AGRICULTURAL_RISK_AND_SECURITY,3313;UNGP_AFFORDABLE_NUTRITIOUS_FOOD,3313;KILL,4026;CRISISLEX_C07_SAFETY,3313;AGRICULTURE,652;AGRICULTURE,2587;TAX_FNCACT_FARMER,652;TAX_FNCACT_FARMER,2587;WB_177_ANIMAL_PRODUCTION,4843;WB_177_ANIMAL_PRODUCTION,6048;WB_177_ANIMAL_PRODUCTION,6129;WB_1949_CLIMATE_SMART_AGRICULTURE,4843;WB_1949_CLIMATE_SMART_AGRICULTURE,6048;WB_1949_CLIMATE_SMART_AGRICULTURE,6129;TAX_FNCACT_AGENTS,7967;GENERAL_HEALTH,3774;HEALTH_PANDEMIC,3774;WB_635_PUBLIC_HEALTH,3774;WB_2165_HEALTH_EMERGENCIES,3774;WB_2166_HEALTH_EMERGENCY_PREPAREDNESS_AND_DISASTER_RESPONSE,3774;WB_621_HEALTH_NUTRITION_AND_POPULATION,3774;WB_2167_PANDEMICS,3774;UNGP_HEALTHCARE,3774;WB_644_NUTRITION,7039;WB_1441_SUPPLEMENTS,7039;TAX_FNCACT_BUTCHER,187;TAX_FNCACT_BUTCHER,2462;TAX_FNCACT_BUTCHER,4137;TAX_WORLDMAMMALS_SHEEP,6014;MARITIME_INCIDENT,96;MARITIME_INCIDENT,473;MARITIME_INCIDENT,1002;MARITIME_INCIDENT,1929;MARITIME_INCIDENT,2552;MARITIME_INCIDENT,2926;MARITIME_INCIDENT,3877;MARITIME_INCIDENT,4052;MARITIME_INCIDENT,4391;MARITIME_INCIDENT,5128;MARITIME_INCIDENT,6338;MARITIME_INCIDENT,7022;MARITIME_INCIDENT,7891;MARITIME_INCIDENT,8308;MARITIME_INCIDENT,8716;MARITIME,96;MARITIME,473;MARITIME,1002;MARITIME,1929;MARITIME,2552;MARITIME,2926;MARITIME,3877;MARITIME,4052;MARITIME,4391;MARITIME,5128;MARITIME,6338;MARITIME,7022;MARITIME,7891;MARITIME,8308;MARITIME,8716;MANMADE_DISASTER_IMPLIED,96;MANMADE_DISASTER_IMPLIED,473;MANMADE_DISASTER_IMPLIED,1002;MANMADE_DISASTER_IMPLIED,1929;MANMADE_DISASTER_IMPLIED,2552;MANMADE_DISASTER_IMPLIED,2926;MANMADE_DISASTER_IMPLIED,3877;MANMADE_DISASTER_IMPLIED,4052;MANMADE_DISASTER_IMPLIED,4391;MANMADE_DISASTER_IMPLIED,5128;MANMADE_DISASTER_IMPLIED,6338;MANMADE_DISASTER_IMPLIED,7022;MANMADE_DISASTER_IMPLIED,7891;MANMADE_DISASTER_IMPLIED,8308;MANMADE_DISASTER_IMPLIED,8716;TAX_ECON_PRICE,7183;WB_2670_JOBS,2177;WB_2670_JOBS,2534;WB_2048_COMPENSATION_CAREERS_AND_INCENTIVES,2177;WB_2048_COMPENSATION_CAREERS_AND_INCENTIVES,2534;WB_723_PUBLIC_ADMINISTRATION,2177;WB_723_PUBLIC_ADMINISTRATION,2534;WB_724_HUMAN_RESOURCES_FOR_PUBLIC_SECTOR,2177;WB_724_HUMAN_RESOURCES_FOR_PUBLIC_SECTOR,2534;NEGOTIATIONS,7524;UNGP_FORESTS_RIVERS_OCEANS,2082;TAX_FNCACT_FARMERS,1185;TAX_FNCACT_FARMERS,4484;TAX_FNCACT_FARMERS,9090;TAX_ETHNICITY_CANADIAN,5576;TAX_ETHNICITY_CANADIAN,5959;WB_841_JUSTICE_SYSTEM_ADMINISTRATION,2082;WB_696_PUBLIC_SECTOR_MANAGEMENT,2082;WB_840_JUSTICE,2082;WB_1211_HUMAN_RESOURCES,2082;TAX_DISEASE_COVID_19,3765;IDEOLOGY,1920;IDEOLOGY,1984;TAX_FNCACT_OPERATOR,162;TAX_WORLDMAMMALS_HUMAN,2072;USPEC_POLICY1,7432;TAX_FNCACT_CHEFS,2315;CRISISLEX_CRISISLEXREC,6539;WB_2085_PUBLIC_SECTOR_DOWNSIZING,3803;WB_2054_SIZE_OF_THE_PUBLIC_SERVICE,3803;		1#Canada#CA#CA##60#-96#CA#2642;1#Canada#CA#CA##60#-96#CA#4813;1#Canada#CA#CA##60#-96#CA#4887;1#Canada#CA#CA##60#-96#CA#5187;1#Canada#CA#CA##60#-96#CA#5637;1#Canada#CA#CA##60#-96#CA#5649;1#Canada#CA#CA##60#-96#CA#5911;1#Canada#CA#CA##60#-96#CA#6099;4#Halifax Harbour, Nova Scotia, Canada#CA#CA07#12627#44.6167#-63.55#-565806#2634;1#Canadian#CA#CA##60#-96#CA#5576;1#Canadian#CA#CA##60#-96#CA#5959					-0.117785630153121,1.47232037691402,1.59010600706714,3.06242638398115,21.7314487632509,2.35571260306243,1518			https://www.thecoast.ca/wp-content/uploads/2026/09/image10.png								<PAGE_LINKS>https://agriculture.canada.ca/en/sector/animal-industry/red-meat-livestock-market-information/industry-profile;https://www.vesselmeats.com/</PAGE_LINKS><PAGE_AUTHORS>Warren D&#039;Silva;Warren D'Silva</PAGE_AUTHORS><PAGE_PRECISEPUBTIMESTAMP>20260908203000</PAGE_PRECISEPUBTIMESTAMP><PAGE_TITLE>Vessel Meats putting Nova Scotian ingredients at the centre of the table - The Coast | News, events, restaurants, concerts and Burger Week for Halifax, Nova Scotia</PAGE_TITLE>
	20260908233000		blueribbonnews.com	https://blueribbonnews.com/2026/09/hope-begins-here-equest-announces-46th-annual-blue-ribbon-gala/				TAX_FNCACT_VOLUNTEERS,1393;TAX_FNCACT_VOLUNTEERS,2824;TAX_FNCACT_VOLUNTEERS,6923;TAX_FNCACT_SUPPORTERS,1406;TAX_FNCACT_FOUNDER,1765;TAX_FNCACT_FOUNDER,1983;EDUCATION,5206;		3#Manhattan, New York, United States#US#USNY#NY061#40.7834#-73.9662#971945#1150;3#Turtle Creek, Texas, United States#US#USTX#TX113#32.7921#-96.8381#1348925#5748;3#Turtle Creek, Texas, United States#US#USTX#TX113#32.7921#-96.8381#1348925#5790;1#American#US#US##39.828175#-98.5795#US#2176;2#Texas, United States#US#USTX##31.106#-97.6475#TX#55;2#Texas, United States#US#USTX##31.106#-97.6475#TX#474;2#Texas, United States#US#USTX##31.106#-97.6475#TX#834;2#Texas, United States#US#USTX##31.106#-97.6475#TX#3099;2#Texas, United States#US#USTX##31.106#-97.6475#TX#7336;3#Dallas, Texas, United States#US#USTX#TX113#32.7831#-96.8067#1380944#75;3#Dallas, Texas, United States#US#USTX#TX113#32.7831#-96.8067#1380944#3468;3#Dallas, Texas, United States#US#USTX#TX113#32.7831#-96.8067#1380944#4469;3#Dallas, Texas, United States#US#USTX#TX113#32.7831#-96.8067#1380944#5477;3#Dallas, Texas, United States#US#USTX#TX113#32.7831#-96.8067#1380944#5573;3#Baylor University, Texas, United States#US#USTX#TX309#31.5449#-97.1194#1351627#5206					7.60489510489511,8.39160839160839,0.786713286713287,9.17832167832168,17.3076923076923,0.524475524475524,976			https://blueribbonnews.com/wp-content/uploads/2026/09/horse-1024x307.jpg								<PAGE_LINKS>http://www.equest.org;http://www.equest.org/gala;https://blueribbonnews.com/2026/09/hope-begins-here-equest-announces-46th-annual-blue-ribbon-gala/mailto:gala@equest.org</PAGE_LINKS><PAGE_AUTHORS>Editor</PAGE_AUTHORS><PAGE_PRECISEPUBTIMESTAMP>20260908164400</PAGE_PRECISEPUBTIMESTAMP><PAGE_TITLE>Hope Begins Here: Equest Announces 46th Annual Blue Ribbon Gala</PAGE_TITLE>
	20260908233000		theepochtimes.com	https://www.theepochtimes.com/us/trump-signs-order-to-accelerate-benefits-for-veterans-6084687				TAX_FNCACT_SPECIALIST,2865;CRISISLEX_C03_WELLBEING_HEALTH,2202;TAX_FNCACT_WOMEN,3200;TAX_FNCACT_WOMEN,3873;EPU_POLICY_WHITE_HOUSE,615;EPU_POLICY_WHITE_HOUSE,713;EPU_POLICY_WHITE_HOUSE,3132;TAX_FNCACT_VETERAN,2999;GENERAL_HEALTH,1735;TAX_WORLDMAMMALS_HUMAN,1743;TAX_FNCACT_EXECUTIVE,46;TAX_FNCACT_EXECUTIVE,156;TAX_FNCACT_EXECUTIVE,688;TAX_FNCACT_EXECUTIVE,982;WB_2745_JOB_QUALITY_AND_LABOR_MARKET_PERFORMANCE,98;WB_2745_JOB_QUALITY_AND_LABOR_MARKET_PERFORMANCE,875;WB_2745_JOB_QUALITY_AND_LABOR_MARKET_PERFORMANCE,2563;WB_2670_JOBS,98;WB_2670_JOBS,875;WB_2670_JOBS,2563;WB_2689_JOBS_DIAGNOSTICS,98;WB_2689_JOBS_DIAGNOSTICS,875;WB_2689_JOBS_DIAGNOSTICS,2563;WB_2748_EMPLOYMENT,98;WB_2748_EMPLOYMENT,875;WB_2748_EMPLOYMENT,2563;DELAY,185;DELAY,3041;USPEC_UNCERTAINTY1,185;USPEC_UNCERTAINTY1,3041;MEDICAL,261;TAX_FNCACT_SECRETARY,1007;TAX_FNCACT_SECRETARY,1039;TAX_FNCACT_SECRETARY,2270;WB_2142_LOCAL_GOVERNMENT,2908;WB_1502_EDUCATIONAL_DECENTRALIZATION,2908;WB_470_EDUCATION,2908;WB_1497_EDUCATION_MANAGEMENT_AND_ADMINISTRATION,2908;WB_696_PUBLIC_SECTOR_MANAGEMENT,2629;WB_2048_COMPENSATION_CAREERS_AND_INCENTIVES,2629;WB_723_PUBLIC_ADMINISTRATION,2629;WB_724_HUMAN_RESOURCES_FOR_PUBLIC_SECTOR,2629;GENERAL_GOVERNMENT,2797;EPU_POLICY_GOVERNMENT,2797;TAX_FNCACT_VETS,3074;WB_855_LABOR_MARKETS,327;WB_1650_PUBLIC_EMPLOYMENT_SERVICES,327;WB_697_SOCIAL_PROTECTION_AND_LABOR,327;WB_1652_PLACEMENT,327;TAX_FNCACT_VETERANS,139;TAX_FNCACT_VETERANS,354;TAX_FNCACT_VETERANS,457;TAX_FNCACT_VETERANS,1051;TAX_FNCACT_VETERANS,1168;TAX_FNCACT_VETERANS,1225;TAX_FNCACT_VETERANS,1567;TAX_FNCACT_VETERANS,1645;TAX_FNCACT_VETERANS,2156;TAX_FNCACT_VETERANS,2854;TAX_FNCACT_VETERANS,3352;TAX_FNCACT_VETERANS,3399;TAX_FNCACT_VETERANS,3693;LEADER,9;LEADER,1607;LEADER,2971;TAX_FNCACT_PRESIDENT,9;TAX_FNCACT_PRESIDENT,1607;TAX_FNCACT_PRESIDENT,2971;USPEC_POLITICS_GENERAL1,9;USPEC_POLITICS_GENERAL1,1607;USPEC_POLITICS_GENERAL1,2971;TAX_FNCACT_MILITARY_PERSONNEL,1338;TAX_FNCACT_MILITARY_PERSONNEL,2192;ARMEDCONFLICT,1014;ARMEDCONFLICT,1146;ARMEDCONFLICT,1623;ARMEDCONFLICT,2134;EPU_CATS_NATIONAL_SECURITY,1014;EPU_CATS_NATIONAL_SECURITY,1146;EPU_CATS_NATIONAL_SECURITY,1623;EPU_CATS_NATIONAL_SECURITY,2134;		3#White House, District Of Columbia, United States#US#USDC#DC001#38.8951#-77.0364#531871#615;3#White House, District Of Columbia, United States#US#USDC#DC001#38.8951#-77.0364#531871#713;3#White House, District Of Columbia, United States#US#USDC#DC001#38.8951#-77.0364#531871#3132					2.36087689713322,4.89038785834739,2.52951096121417,7.41989881956155,23.2715008431703,0.505902192242833,545			https://img.theepochtimes.com/assets/uploads/2026/08/27/id6080394-GettyImages-2280912212-vs-1080x720.jpg								<PAGE_LINKS>https://www.whitehouse.gov/fact-sheets/2026/09/fact-sheet-president-donald-j-trump-accelerates-veterans-access-to-benefits-and-employment-opportunities/</PAGE_LINKS><PAGE_TITLE>Trump Signs Order to Accelerate Benefits for Veterans</PAGE_TITLE>
	20260908233000		foxnews.com	https://radio.foxnews.com/2026/09/08/celeste-rivas-family-files-wrongful-death-lawsuit/				TAX_ECON_PRICE,438;LGBT,232;DISCRIMINATION_LGBT_HOMOPHOBIC,232;DISCRIMINATION,219;DISCRIMINATION_RACE_RACIST,219;CRISISLEX_CRISISLEXREC,46;CRISISLEX_CRISISLEXREC,343;TAX_FNCACT_KILLER,299;CRISISLEX_C07_SAFETY,412;TRIAL,54;							-10.8695652173913,1.08695652173913,11.9565217391304,13.0434782608696,18.4782608695652,0,84			https://static-radio.foxnews.com/radio.foxnews.com/content/uploads/2024/05/TMZ-Minute-3000x3000-1-scaled.jpg								<PAGE_LINKS>https://podcastchoices.com/adchoices</PAGE_LINKS><PAGE_AUTHORS>FOX News Radio</PAGE_AUTHORS><PAGE_PRECISEPUBTIMESTAMP>20260908215400</PAGE_PRECISEPUBTIMESTAMP><PAGE_TITLE>Celeste Rivas' Family Files Wrongful Death Lawsuit</PAGE_TITLE>
	20260908233000		insideindianabusiness.com	https://www.insideindianabusiness.com/articles/midwest-grid-operator-to-study-accelerated-deployments-for-5-indiana-power-projects				URBAN,331;WB_1921_PRIVATE_SECTOR_DEVELOPMENT,1298;WB_346_COMPETITIVE_INDUSTRIES,1298;WB_818_INDUSTRY_POLICY_AND_REAL_SECTORS,1298;WB_1281_MANUFACTURING,1298;TAX_FNCACT_OPERATOR,21;TAX_FNCACT_OPERATOR,602;TAX_WORLDFISH_PIKE,3364;WB_508_POWER_SYSTEMS,990;WB_509_NUCLEAR_ENERGY,990;WB_507_ENERGY_AND_EXTRACTIVES,990;TAX_ETHNICITY_CANADIAN,801;EPU_ECONOMY_HISTORIC,139;TAX_FNCACT_VICE_PRESIDENT,1992;USPEC_POLICY1,2769;TRIAL,2685;ENV_GREEN,2533;WB_525_RENEWABLE_ENERGY,2533;WB_135_TRANSPORT,2391;WB_135_TRANSPORT,3340;WB_135_TRANSPORT,3455;WB_135_TRANSPORT,3524;WB_1174_WAREHOUSING_AND_STORAGE,2391;WB_1174_WAREHOUSING_AND_STORAGE,3340;WB_1174_WAREHOUSING_AND_STORAGE,3455;WB_1174_WAREHOUSING_AND_STORAGE,3524;WB_793_TRANSPORT_AND_LOGISTICS_SERVICES,2391;WB_793_TRANSPORT_AND_LOGISTICS_SERVICES,3340;WB_793_TRANSPORT_AND_LOGISTICS_SERVICES,3455;WB_793_TRANSPORT_AND_LOGISTICS_SERVICES,3524;ENV_NATURALGAS,3682;ENV_NATURALGAS,3774;LEADER,1992;TAX_FNCACT_PRESIDENT,1992;USPEC_POLITICS_GENERAL1,1992;ECON_ELECTRICALGRID,426;ECON_ELECTRICALDEMAND,1206;TAX_FNCACT_PORTER,3472;UNGP_FORESTS_RIVERS_OCEANS,1402;UNGP_FORESTS_RIVERS_OCEANS,2401;		2#Indiana, United States#US#USIN##39.8647#-86.2604#IN#68;2#Indiana, United States#US#USIN##39.8647#-86.2604#IN#479;2#Indiana, United States#US#USIN##39.8647#-86.2604#IN#3228;3#Indianapolis, Indiana, United States#US#USIN#IN097#39.7684#-86.158#452890#115;1#Canadian#CA#CA##60#-96#CA#801;3#Pike County, Indiana, United States#US#USIN#IN125#38.3823#-87.2128#450381#3371;3#Malden, Indiana, United States#US#USIN#IN127#41.3762#-87.027#438498#3417;1#United States#US#US##39.828175#-98.5795#US#130;1#United States#US#US##39.828175#-98.5795#US#297;1#United States#US#US##39.828175#-98.5795#US#3386;1#United States#US#US##39.828175#-98.5795#US#3432;1#United States#US#US##39.828175#-98.5795#US#3574;1#United States#US#US##39.828175#-98.5795#US#3604;1#United States#US#US##39.828175#-98.5795#US#3655;1#United States#US#US##39.828175#-98.5795#US#3724;1#United States#US#US##39.828175#-98.5795#US#3816;3#Sullivan County, Indiana, United States#US#USIN#IN153#39.0953#-87.4059#450391#3559;3#Sullivan County, Indiana, United States#US#USIN#IN153#39.0953#-87.4059#450391#3640;3#Sullivan County, Indiana, United States#US#USIN#IN153#39.0953#-87.4059#450391#3709;3#Sullivan County, Indiana, United States#US#USIN#IN153#39.0953#-87.4059#450391#3801;3#Maple Creek, Indiana, United States#US#USIN#IN179#40.8514#-85.1247#438542#3589					0.342465753424657,2.22602739726027,1.88356164383562,4.10958904109589,23.1164383561644,0.342465753424658,550			https://cdn.insideindianabusiness.com/wp-content/uploads/2026/09/MISO-Carmel-Office-IBJ.jpg								<PAGE_LINKS>https://www.ibj.com/articles/midwest-grid-operator-aims-to-fast-track-power-projects;https://www.insideindianabusiness.com/authors/joey-harris</PAGE_LINKS><PAGE_TITLE>Midwest grid operator to study accelerated deployments for 5 Indiana power projects &#x2013; Inside INdiana Business</PAGE_TITLE>
	20260908233000		insideindianabusiness.com	https://www.insideindianabusiness.com/articles/major-food-companies-allege-us-sugar-producers-colluded-on-price				WB_2024_ANTI_CORRUPTION_AUTHORITIES,2443;WB_696_PUBLIC_SECTOR_MANAGEMENT,2443;WB_840_JUSTICE,2443;WB_2025_INVESTIGATION,2443;WB_831_GOVERNANCE,2443;WB_832_ANTI_CORRUPTION,2443;WB_1014_CRIMINAL_JUSTICE,2443;TAX_ETHNICITY_AMERICAN,607;TAX_ETHNICITY_AMERICAN,1378;TAX_ETHNICITY_AMERICAN,2135;TAX_ETHNICITY_AMERICAN,2939;TAX_FNCACT_SPOKESWOMAN,1365;TAX_ECON_PRICE,64;AFFECT,2663;WB_346_COMPETITIVE_INDUSTRIES,2051;WB_818_INDUSTRY_POLICY_AND_REAL_SECTORS,2051;WB_1281_MANUFACTURING,2051;USPEC_POLICY1,1077;USPEC_POLICY1,1328;WB_135_TRANSPORT,2212;WB_1803_TRANSPORT_INFRASTRUCTURE,2212;WB_167_PORTS,2212;ECON_INFLATION,2468;WB_1104_MACROECONOMIC_VULNERABILITY_AND_DEBT,2468;WB_442_INFLATION,2468;TAX_FNCACT_ANALYST,776;AGRICULTURE,2318;WB_1921_PRIVATE_SECTOR_DEVELOPMENT,320;WB_1921_PRIVATE_SECTOR_DEVELOPMENT,2903;WB_406_COMPETITION_POLICY,320;WB_406_COMPETITION_POLICY,2903;WB_2101_ANTITRUST,320;WB_2101_ANTITRUST,2903;EPU_CATS_REGULATION,320;EPU_CATS_REGULATION,2903;ELECTION,2498;ACT_MAKESTATEMENT,3247;TAX_FNCACT_JUDGE,2875;ECON_STOCKMARKET,195;GENERAL_GOVERNMENT,1068;GENERAL_GOVERNMENT,2428;EPU_POLICY_GOVERNMENT,1068;EPU_POLICY_GOVERNMENT,2428;TRIAL,494;TRIAL,3262;TAX_ETHNICITY_AMERICANS,460;WB_698_TRADE,2224;ECON_MONOPOLY,1299;TAX_FNCACT_LAWYERS,1593;EPU_ECONOMY_HISTORIC,1025;EPU_CATS_MIGRATION_FEAR_FEAR,2487;		1#American#US#US##39.828175#-98.5795#US#607;1#American#US#US##39.828175#-98.5795#US#1378;1#American#US#US##39.828175#-98.5795#US#2135;1#American#US#US##39.828175#-98.5795#US#2939;2#Illinois, United States#US#USIL##40.3363#-89.0022#IL#3454;1#Americans#US#US##39.828175#-98.5795#US#460;2#Minnesota, United States#US#USMN##45.7326#-93.9196#MN#2859;3#Washington, Washington, United States#US#USDC#DC001#38.8951#-77.0364#531871#84;3#Chicago, Illinois, United States#US#USIL#IL031#41.85#-87.6501#423587#511;3#Chicago, Illinois, United States#US#USIL#IL031#41.85#-87.6501#423587#3462					-2.04841713221601,1.86219739292365,3.91061452513966,5.77281191806332,24.7672253258845,0.74487895716946,495			https://cdn.insideindianabusiness.com/wp-content/uploads/2026/09/General-Mills-Sign.jpg								<PAGE_LINKS>https://www.insideindianabusiness.com/authors/the-washington-post</PAGE_LINKS><PAGE_TITLE>Major food companies allege US sugar producers colluded on price &#x2013; Inside INdiana Business</PAGE_TITLE>
	20260908233000		insideevs.com	https://insideevs.com:443/news/807589/audi-ev-lease-buyout-incentive/				TAX_ECON_PRICE,403;WB_696_PUBLIC_SECTOR_MANAGEMENT,292;WB_2048_COMPENSATION_CAREERS_AND_INCENTIVES,292;WB_723_PUBLIC_ADMINISTRATION,292;WB_724_HUMAN_RESOURCES_FOR_PUBLIC_SECTOR,292;WB_368_LEASING,109;WB_368_LEASING,1620;							0,1.98300283286119,1.98300283286119,3.96600566572238,20.1133144475921,2.8328611898017,304			https://cdn.motor1.com/images/mgl/MkVbAX/s1/audi-e-tron-gt-quattro-2025.jpg								<PAGE_LINKS>https://insideevs.com/audi/a6-etron/;https://insideevs.com/audi/e-tron-gt/;https://insideevs.com/audi/e-tron/;https://insideevs.com/audi/q4-etron/;https://insideevs.com:443/survey/2025/;https://www.carsdirect.com/deals-articles/audi-offering-10-000-ev-lease-buyout-deal;https://www.carvana.com/vehicle/4673351?store=CarvATC&ct=1&utm_device=c&utm_network=x&utm_location=9003978&gad_source=1&gad_campaignid=20984260698&gbraid=0AAAAADdUw5rP2JLqbM-Dmw-CEa322mSc7&gclid=Cj0KCQjw5P7UBhDaARIsAOSlS1P6GTsJRKuABux0t9rREi-qQaO_HL34Mvcd3447CJoaV7tOZiWvRXcaAoJLEALw_wcB</PAGE_LINKS><PAGE_TITLE>Audi Wants To Sweeten Your EV Lease Buyout Deal With Up to $10,000 Off</PAGE_TITLE>
	20260908233000		yahoo.com	https://finance.yahoo.com/healthcare/articles/innovage-q4-earnings-call-highlights-230306762.html				WB_1383_HEALTH_MANAGEMENT_AND_ADMINISTRATION,3341;WB_684_HEALTH_MANAGEMENT_INFORMATION_SYSTEMS,3341;TAX_FNCACT_PILOTS,2848;TAX_FNCACT_CHIEF,3166;TAX_ECON_PRICE,4;WB_1458_HEALTH_PROMOTION_AND_DISEASE_PREVENTION,3758;WB_635_PUBLIC_HEALTH,3758;WB_1464_HEALTH_OF_THE_DISABLED,3758;TAX_FNCACT_SPECIALIST,3006;TAX_FNCACT_CHIEF_OPERATING_OFFICER,3184;WB_1625_SUPPORT_SERVICES,3805;WB_1466_SOCIAL_ASSISTANCE,3805;WB_1639_INSTITUTIONAL_CARE,3805;WB_2670_JOBS,2786;WB_2769_JOBS_STRATEGIES,2786;WB_2840_INTEGRATION,2786;WB_2836_MIGRATION_POLICIES_AND_JOBS,2786;WB_1291_PUBLIC_HEALTH_INSURANCE,991;WB_1291_PUBLIC_HEALTH_INSURANCE,3502;WB_1291_PUBLIC_HEALTH_INSURANCE,4190;WB_625_HEALTH_ECONOMICS_AND_FINANCE,991;WB_625_HEALTH_ECONOMICS_AND_FINANCE,3502;WB_625_HEALTH_ECONOMICS_AND_FINANCE,4190;WB_621_HEALTH_NUTRITION_AND_POPULATION,991;WB_621_HEALTH_NUTRITION_AND_POPULATION,3502;WB_621_HEALTH_NUTRITION_AND_POPULATION,4190;WB_1287_HEALTH_INSURANCE,991;WB_1287_HEALTH_INSURANCE,3502;WB_1287_HEALTH_INSURANCE,4190;UNGP_FORESTS_RIVERS_OCEANS,774;WB_1070_ECONOMIC_GROWTH_POLICY,2029;WB_471_ECONOMIC_GROWTH,2029;EPU_CATS_HEALTHCARE,839;EPU_CATS_HEALTHCARE,1074;EPU_CATS_HEALTHCARE,3491;EPU_CATS_HEALTHCARE,4179;EPU_CATS_ENTITLEMENT_PROGRAMS,839;EPU_CATS_ENTITLEMENT_PROGRAMS,1074;EPU_CATS_ENTITLEMENT_PROGRAMS,3491;EPU_CATS_ENTITLEMENT_PROGRAMS,4179;ECON_STOCKMARKET,3935;ECON_STOCKMARKET,3975;TAX_FNCACT_PHYSICIAN,2875;TAX_FNCACT_PHYSICIAN,4602;WB_856_WAGES,108;WB_1654_ACTIVE_LABOR_MARKET_POLICIES,108;WB_855_LABOR_MARKETS,108;WB_697_SOCIAL_PROTECTION_AND_LABOR,108;SCIENCE,3513;SOC_INNOVATION,3513;USPEC_POLICY1,3442;USPEC_POLICY1,3902;EPU_POLICY_POLICY,3442;EPU_POLICY_POLICY,3902;TAX_FNCACT_PILOT,3033;WB_135_TRANSPORT,2767;WB_135_TRANSPORT,4711;EPU_POLICY_POLICYMAKERS,3635;GENERAL_HEALTH,3334;GENERAL_HEALTH,4226;GENERAL_HEALTH,4458;GENERAL_HEALTH,4722;MEDICAL,3334;MEDICAL,4226;MEDICAL,4458;MEDICAL,4722;CRISISLEX_C03_WELLBEING_HEALTH,3334;CRISISLEX_C03_WELLBEING_HEALTH,4226;CRISISLEX_C03_WELLBEING_HEALTH,4458;CRISISLEX_C03_WELLBEING_HEALTH,4722;TAX_MILITARY_TITLE_OFFICER,3184;TAX_FNCACT_OFFICER,3184;ECON_DEBT,385;WB_1104_MACROECONOMIC_VULNERABILITY_AND_DEBT,385;WB_450_DEBT,385;TRANSPARENCY,3279;LEADER,3158;TAX_FNCACT_PRESIDENT,3158;USPEC_POLITICS_GENERAL1,3158;TAX_DISEASE_DEMENTIA,1244;WB_1609_FOOD_AND_IN_KIND_TRANSFERS,4112;WB_1620_ELDERLY,4112;WB_1618_FOOD_DISTRIBUTION,4112;		2#California, United States#US#USCA##36.17#-119.746#CA#1297;2#California, United States#US#USCA##36.17#-119.746#CA#1869;2#California, United States#US#USCA##36.17#-119.746#CA#1931;2#Florida, United States#US#USFL##27.8333#-81.717#FL#1899;2#Colorado, United States#US#USCO##39.0646#-105.327#CO#1308					2.10084033613445,3.78151260504202,1.68067226890756,5.46218487394958,20.4481792717087,0,621			https://s.yimg.com/lo/mysterio/api/8141c73f07aa928efae74c67f158ce62ec40b9e17701ea410edfe1f17d0d7132/lightyear_networkapi/resizefill_w1200%3Bquality_80%3Bformat_webp/https%3A%2F%2Fmedia.zenfs.com%2Fen%2Fmarketbeat_955%2Faf6ac424a2fc4e25a57e04dff82ade00.png								<PAGE_PRECISEPUBTIMESTAMP>20260908230300</PAGE_PRECISEPUBTIMESTAMP><PAGE_TITLE>InnovAge Q4 Earnings Call Highlights</PAGE_TITLE>
	20260908233000		yahoo.com	https://finance.yahoo.com/markets/stocks/articles/braze-q2-earnings-call-highlights-230306920.html				WB_696_PUBLIC_SECTOR_MANAGEMENT,4544;WB_2048_COMPENSATION_CAREERS_AND_INCENTIVES,4544;WB_723_PUBLIC_ADMINISTRATION,4544;WB_724_HUMAN_RESOURCES_FOR_PUBLIC_SECTOR,4544;TAX_MILITARY_TITLE_OFFICER,2149;TAX_FNCACT_OFFICER,2149;ECON_STOCKMARKET,4750;ECON_STOCKMARKET,4816;TAX_FNCACT_AGENT,118;TAX_FNCACT_AGENT,1475;TAX_FNCACT_DRIVER,559;TAX_FNCACT_CHIEF_FINANCIAL_OFFICER,2149;AFFECT,4178;WB_678_DIGITAL_GOVERNMENT,3523;WB_670_ICT_SECURITY,3523;WB_2372_AUTHENTICATION_AND_AUTHORIZATION,3523;WB_133_INFORMATION_AND_COMMUNICATION_TECHNOLOGIES,3523;TAX_FNCACT_OPERATOR,464;TAX_FNCACT_OPERATOR,663;TAX_FNCACT_OPERATOR,1447;TAX_FNCACT_CHIEF,2131;TAX_ECON_PRICE,1865;WB_698_TRADE,4792;EPU_ECONOMY_HISTORIC,4722;							2.29621125143513,3.09988518943743,0.803673938002296,3.90355912743972,21.8140068886338,0,759			https://s.yimg.com/lo/mysterio/api/4459b55200458263b338b96e1d9cba007c447614019c1fd6376a49ff53c72eb8/lightyear_networkapi/resizefill_w1200%3Bquality_80%3Bformat_webp/https%3A%2F%2Fmedia.zenfs.com%2Fen%2Fmarketbeat_955%2F3741bccf14f726a688405701d64bdc19.png								<PAGE_PRECISEPUBTIMESTAMP>20260908230300</PAGE_PRECISEPUBTIMESTAMP><PAGE_TITLE>Braze Q2 Earnings Call Highlights</PAGE_TITLE>
	20260908233000		pqbnews.com	https://pqbnews.com/2026/09/08/the-fire-that-destroyed-nanaimos-last-chinatown-to-be-commemorated/						4#Nanaimo, British Columbia, Canada#CA#CA02#12556#49.15#-123.917#-569908#95;4#Nanaimo, British Columbia, Canada#CA#CA02#12556#49.15#-123.917#-569908#241;4#Nanaimo, British Columbia, Canada#CA#CA02#12556#49.15#-123.917#-569908#897;4#Nanaimo, British Columbia, Canada#CA#CA02#12556#49.15#-123.917#-569908#1213;1#China#CH#CH##35#105#CH#1161;4#Port Alberni, British Columbia, Canada#CA#CA02#12556#49.2333#-124.8#-571546#2013;4#Hecate, British Columbia, Canada#CA#CA02#190729#49.85#-126.75#-566088#135;4#Hecate, British Columbia, Canada#CA#CA02#190729#49.85#-126.75#-566088#417;4#Hecate, British Columbia, Canada#CA#CA02#190729#49.85#-126.75#-566088#938;1#Chinese#CH#CH##35#105#CH#257;1#Chinese#CH#CH##35#105#CH#767;1#Chinese#CH#CH##35#105#CH#971;1#Chinese#CH#CH##35#105#CH#1337;1#Chinese#CH#CH##35#105#CH#1708;1#Chinese#CH#CH##35#105#CH#1976					1.5625,3.125,1.5625,4.6875,20.8333333333333,1.30208333333333,339			https://pqbnews.com/wp-content/uploads/sites/11/2026/09/Shennon20Soo.jpg								<PAGE_LINKS>https://trinityaudio.ai</PAGE_LINKS><PAGE_AUTHORS>Robert Barron</PAGE_AUTHORS><PAGE_PRECISEPUBTIMESTAMP>20260908184800</PAGE_PRECISEPUBTIMESTAMP><PAGE_TITLE>The fire that destroyed Nanaimo's last Chinatown to be commemorated</PAGE_TITLE>
	20260908233000		capecod.com	https://www.capecod.com/cape-wide-news/two-people-injured-in-traffic-crash-on-station-avenue-in-yarmouth/				SECURITY_SERVICES,286;TAX_FNCACT_POLICE,286;CRISISLEX_C07_SAFETY,286;WOUND,38;CRISISLEX_CRISISLEXREC,38;CRISISLEX_C03_WELLBEING_HEALTH,38;CRISISLEX_T02_INJURED,38;WB_135_TRANSPORT,209;TRAFFIC,51;TRAFFIC,218;GENERAL_HEALTH,179;WB_635_PUBLIC_HEALTH,179;WB_2165_HEALTH_EMERGENCIES,179;WB_621_HEALTH_NUTRITION_AND_POPULATION,179;WB_1324_EMERGENCY_MEDICAL_SERVICES,179;							-11.7647058823529,1.96078431372549,13.7254901960784,15.6862745098039,23.5294117647059,0,50			https://www.capecod.com/wp-content/uploads/CWN_CWN1.jpg								<PAGE_TITLE>Two people injured in traffic crash on Station Avenue in Yarmouth</PAGE_TITLE>
	20260908233000		brisbanetimes.com.au	https://www.brisbanetimes.com.au/national/police-raid-queensland-cfmeu-headquarters-in-cross-border-operation-20260909-p60vnq.html				TAX_FNCACT_GUARD,1006;CRISISLEX_C04_LOGISTICS_TRANSPORT,1049;WB_2019_ANTI_CORRUPTION_LEGISLATION,2015;WB_2020_BRIBERY_FRAUD_AND_COLLUSION,2015;WB_2936_GOLD,2243;WB_507_ENERGY_AND_EXTRACTIVES,2243;WB_895_MINING_SYSTEMS,2243;WB_1699_METAL_ORE_MINING,2243;TAX_FNCACT_SPOKESPERSON,1166;TAX_ETHNICITY_AUSTRALIAN,2168;SECURITY_SERVICES,30;SECURITY_SERVICES,155;SECURITY_SERVICES,414;SECURITY_SERVICES,703;SECURITY_SERVICES,1044;SECURITY_SERVICES,1225;SECURITY_SERVICES,1841;TAX_FNCACT_POLICE,30;TAX_FNCACT_POLICE,155;TAX_FNCACT_POLICE,414;TAX_FNCACT_POLICE,703;TAX_FNCACT_POLICE,1044;TAX_FNCACT_POLICE,1225;TAX_FNCACT_POLICE,1841;CRISISLEX_C07_SAFETY,30;CRISISLEX_C07_SAFETY,155;CRISISLEX_C07_SAFETY,414;CRISISLEX_C07_SAFETY,703;CRISISLEX_C07_SAFETY,1044;CRISISLEX_C07_SAFETY,1225;CRISISLEX_C07_SAFETY,1841;CORRUPTION,360;TAX_FNCACT_OFFICIAL,1502;ECON_UNIONS,646;WB_1668_LABOR_STANDARDS,646;WB_855_LABOR_MARKETS,646;WB_1670_TRADE_UNIONS,646;WB_697_SOCIAL_PROTECTION_AND_LABOR,646;TAX_MILITARY_TITLE_OFFICERS,881;TAX_MILITARY_TITLE_OFFICERS,1288;TAX_FNCACT_OFFICERS,881;TAX_FNCACT_OFFICERS,1288;TAX_FNCACT_DETECTIVES,310;SOC_POINTSOFINTEREST_HEADQUARTERS,65;SOC_POINTSOFINTEREST_HEADQUARTERS,195;SOC_GENERALCRIME,587;SOC_GENERALCRIME,778;EPU_CATS_MIGRATION_FEAR_FEAR,587;EPU_CATS_MIGRATION_FEAR_FEAR,778;USPEC_POLITICS_GENERAL1,2278;TAX_FNCACT_OFFICIALS,345;TAX_FNCACT_OFFICIALS,553;TAX_FNCACT_OFFICIALS,1922;TAX_MILITARY_TITLE_OFFICER,1135;TAX_FNCACT_OFFICER,1135;MEDIA_MSM,2112;MEDIA_MSM,2179;TAX_FNCACT_JOURNALIST,2112;TAX_FNCACT_JOURNALIST,2179;TAX_FNCACT_AUTHORITIES,525;CRISISLEX_CRISISLEXREC,525;EPU_POLICY_AUTHORITIES,525;EPU_ECONOMY_HISTORIC,816;WB_2024_ANTI_CORRUPTION_AUTHORITIES,1239;WB_696_PUBLIC_SECTOR_MANAGEMENT,1239;WB_840_JUSTICE,1239;WB_2025_INVESTIGATION,1239;WB_831_GOVERNANCE,1239;WB_832_ANTI_CORRUPTION,1239;WB_1014_CRIMINAL_JUSTICE,1239;WB_698_TRADE,640;BAN,1964;TAX_FNCACT_OUTLAW,1964;TAX_FNCACT_REPORTER,2399;ORGANIZED_CRIME,1975;WB_2433_CONFLICT_AND_VIOLENCE,1975;WB_2452_GANGS,1975;WB_2432_FRAGILITY_CONFLICT_AND_VIOLENCE,1975;WB_2445_NON_STATE_SECURITY_ACTORS,1975;TAX_FNCACT_CRIMINAL,2026;TAX_FNCACT_CRIMINAL,2318;ARREST,1473;		1#Australian#AS#AS##-25#135#AS#2168;4#Brisbane, Queensland, Australia#AS#AS04#154654#-27.5#153.017#-1561728#220;4#Brisbane, Queensland, Australia#AS#AS04#154654#-27.5#153.017#-1561728#936;4#Brisbane, Queensland, Australia#AS#AS04#154654#-27.5#153.017#-1561728#2411					-5.30503978779841,1.3262599469496,6.63129973474801,7.95755968169761,20.6896551724138,0.26525198938992,349			https://static.ffx.io/images/$zoom_0.1765%2C$multiply_0.7554%2C$ratio_1.777778%2C$width_1059%2C$x_0%2C$y_0/t_crop_custom/q_86%2Cf_auto/bdf63485c68fb206b2cd781792cbc5ca5960aae4								<PAGE_LINKS>https://www.brisbanetimes.com.au/by/dominique-tassell-p538bn;https://www.brisbanetimes.com.au/by/nick-mckenzie-hve6q;https://www.brisbanetimes.com.au/national/mailto:nickmckenzie@protonmail.com;https://www.brisbanetimes.com.au/topic/cfmeu-1myw</PAGE_LINKS><PAGE_AUTHORS>Nick McKenzie;Dominique Tassell</PAGE_AUTHORS><PAGE_PRECISEPUBTIMESTAMP>20260908221900</PAGE_PRECISEPUBTIMESTAMP><PAGE_TITLE>Police raid Queensland CFMEU headquarters in cross-border operation</PAGE_TITLE>
	20260908233000		hackneygazette.co.uk	https://www.hackneygazette.co.uk/news/national/26533676.air-traffic-boss-takes-full-responsibility-thousands-face-flight-chaos/				TAX_FNCACT_CHIEF_EXECUTIVE,541;USPEC_UNCERTAINTY1,276;USPEC_UNCERTAINTY1,1489;USPEC_UNCERTAINTY1,1983;TAX_FNCACT_CHIEF,531;TAX_FNCACT_CHIEF,1579;CRISISLEX_T11_UPDATESSYMPATHY,3537;CRISISLEX_CRISISLEXREC,2498;AFFECT,1510;CRISISLEX_C04_LOGISTICS_TRANSPORT,1510;TAX_FNCACT_CHIEF_OPERATING_OFFICER,1597;UNGP_FORESTS_RIVERS_OCEANS,653;UNGP_FORESTS_RIVERS_OCEANS,2015;WB_165_AIR_TRANSPORT,2205;WB_164_MODES_OF_TRANSPORT,2205;SOC_POINTSOFINTEREST_AIRPORTS,80;SOC_POINTSOFINTEREST_AIRPORTS,506;SOC_POINTSOFINTEREST_AIRPORTS,1433;WB_1804_AIRPORTS,80;WB_1804_AIRPORTS,506;WB_1804_AIRPORTS,1433;TAX_FNCACT_SECRETARY,2061;RESIGNATION,1628;TAX_FNCACT_EXECUTIVE,541;TAX_FNCACT_EXECUTIVE_OFFICER,549;TAX_FNCACT_CEO,630;TAX_FNCACT_CEO,1724;SOC_POINTSOFINTEREST_AIRPORT,999;SOC_POINTSOFINTEREST_AIRPORT,3447;SOC_POINTSOFINTEREST_AIRPORT,3461;TAX_FNCACT_CHIEF_EXECUTIVE_OFFICER,549;MEDIA_MSM,2858;TAX_FNCACT_JOURNALIST,2858;DELAY,1333;TRAFFIC,33;TRAFFIC,1968;WB_1810_TRAFFIC_CONTROL_AND_MONITORING,41;WB_1810_TRAFFIC_CONTROL_AND_MONITORING,1976;WB_135_TRANSPORT,41;WB_135_TRANSPORT,1976;WB_1803_TRANSPORT_INFRASTRUCTURE,41;WB_1803_TRANSPORT_INFRASTRUCTURE,1976;MANMADE_DISASTER_IMPLIED,25;MANMADE_DISASTER_IMPLIED,1078;MANMADE_DISASTER_IMPLIED,1960;TAX_MILITARY_TITLE_OFFICER,549;TAX_MILITARY_TITLE_OFFICER,1597;TAX_FNCACT_OFFICER,549;TAX_FNCACT_OFFICER,1597;		4#Heathrow, Hillingdon, United Kingdom#UK#UKF9#40133#51.4667#-0.45#-2598406#3046;4#Heathrow, Hillingdon, United Kingdom#UK#UKF9#40133#51.4667#-0.45#-2598406#3128;1#United Kingdom#UK#UK##54#-4#UK#71;1#United Kingdom#UK#UK##54#-4#UK#497;1#United Kingdom#UK#UK##54#-4#UK#1424;1#United Kingdom#UK#UK##54#-4#UK#1910;1#United Kingdom#UK#UK##54#-4#UK#3062;1#United Kingdom#UK#UK##54#-4#UK#3144;1#British#UK#UK##54#-4#UK#1293					-4.2483660130719,1.96078431372549,6.20915032679739,8.16993464052288,24.6732026143791,2.45098039215686,570			https://www.hackneygazette.co.uk/resources/images/21428023.jpg?type=og-image								<PAGE_PRECISEPUBTIMESTAMP>20260908225200</PAGE_PRECISEPUBTIMESTAMP><PAGE_TITLE>Air traffic boss takes 'full responsibility' after thousands face flight chaos</PAGE_TITLE>
	20260908233000		wapt.com	https://www.wapt.com/article/canadas-retaliatory-tariffs-us-products/73643500						1#Canada#CA#CA##60#-96#CA#6;1#Canada#CA#CA##60#-96#CA#242;1#Canada#CA#CA##60#-96#CA#374;1#Canada#CA#CA##60#-96#CA#574;1#Canada#CA#CA##60#-96#CA#656;1#Canada#CA#CA##60#-96#CA#779;1#Canada#CA#CA##60#-96#CA#885;1#Canada#CA#CA##60#-96#CA#926;1#Canada#CA#CA##60#-96#CA#1033;1#Canada#CA#CA##60#-96#CA#1288;1#American#US#US##39.828175#-98.5795#US#617;1#Canadian#CA#CA##60#-96#CA#1185;1#Canadian#CA#CA##60#-96#CA#1367;1#America#US#US##39.828175#-98.5795#US#937;3#White House, District Of Columbia, United States#US#USDC#DC001#38.8951#-77.0364#531871#1328					-2.29885057471264,1.53256704980843,3.83141762452107,5.3639846743295,20.6896551724138,0.383141762452107,228			https://kubrick.htvapps.com/htv-prod/images/e5d26092-e950-4354-a13a-e6179f2853f9.jpg?crop=1.00xw%3A0.752xh%3B0%2C0.0235xh								<PAGE_LINKS>https://dataweb.usitc.gov/trade/search/TotExp/HTS;https://www.canada.ca/en/department-finance/news/2026/08/list-of-products-from-the-united-states-subject-to-counter-tariffs-effective-september-8-2026.html</PAGE_LINKS><PAGE_AUTHORS>Katrina Ventura</PAGE_AUTHORS><PAGE_TITLE>Canada's retaliatory tariffs are hitting these US products</PAGE_TITLE>
	20260908233000		riotimesonline.com	https://www.riotimesonline.com/tini-futttura-guatemala-city-october-16-2026/						1#America#US#US##39.828175#-98.5795#US#1093;1#America#US#US##39.828175#-98.5795#US#1263;1#America#US#US##39.828175#-98.5795#US#1355;1#America#US#US##39.828175#-98.5795#US#3907;1#America#US#US##39.828175#-98.5795#US#5938;1#Guatemalan#GT#GT##15.5#-90.25#GT#4982;1#Guatemalan#GT#GT##15.5#-90.25#GT#5394;4#Guatemala City, Guatemala, Guatemala#GT#GT07#64850#14.6211#-90.5269#-1133206#25;4#Guatemala City, Guatemala, Guatemala#GT#GT07#64850#14.6211#-90.5269#-1133206#106;4#Guatemala City, Guatemala, Guatemala#GT#GT07#64850#14.6211#-90.5269#-1133206#642;4#Guatemala City, Guatemala, Guatemala#GT#GT07#64850#14.6211#-90.5269#-1133206#944;4#Guatemala City, Guatemala, Guatemala#GT#GT07#64850#14.6211#-90.5269#-1133206#1644;4#Guatemala City, Guatemala, Guatemala#GT#GT07#64850#14.6211#-90.5269#-1133206#6221;1#Argentine#AR#AR##-34#-64#AR#468;1#Guatemala#GT#GT##15.5#-90.25#GT#20;1#Guatemala#GT#GT##15.5#-90.25#GT#36;1#Guatemala#GT#GT##15.5#-90.25#GT#101;1#Guatemala#GT#GT##15.5#-90.25#GT#117;1#Guatemala#GT#GT##15.5#-90.25#GT#637;1#Guatemala#GT#GT##15.5#-90.25#GT#653;1#Guatemala#GT#GT##15.5#-90.25#GT#939;1#Guatemala#GT#GT##15.5#-90.25#GT#955;1#Guatemala#GT#GT##15.5#-90.25#GT#1639;1#Guatemala#GT#GT##15.5#-90.25#GT#1655;1#Guatemala#GT#GT##15.5#-90.25#GT#1853;1#Guatemala#GT#GT##15.5#-90.25#GT#2638;1#Guatemala#GT#GT##15.5#-90.25#GT#3138;1#Guatemala#GT#GT##15.5#-90.25#GT#4047;1#Guatemala#GT#GT##15.5#-90.25#GT#5652;1#Guatemala#GT#GT##15.5#-90.25#GT#5792;1#Guatemala#GT#GT##15.5#-90.25#GT#6121;1#Guatemala#GT#GT##15.5#-90.25#GT#6216;1#Guatemala#GT#GT##15.5#-90.25#GT#6232;4#Buenos Aires, Distrito Federal, Argentina#AR#AR07#22379#-34.5875#-58.6725#-979186#723;4#Buenos Aires, Distrito Federal, Argentina#AR#AR07#22379#-34.5875#-58.6725#-979186#3010;4#Buenos Aires, Distrito Federal, Argentina#AR#AR07#22379#-34.5875#-58.6725#-979186#3502;4#Avenida, Bahia, Brazil#BR#BR05#6865#-13.0067#-38.525#183008#4193;4#Avenida, Bahia, Brazil#BR#BR05#6865#-13.0067#-38.525#183008#6163;1#American#US#US##39.828175#-98.5795#US#3997;1#American#US#US##39.828175#-98.5795#US#5566					0.245098039215686,0.816993464052288,0.571895424836601,1.38888888888889,19.3627450980392,1.22549019607843,1101			https://www.riotimesonline.com/wp-content/uploads/2026/09/tini-stoessel-live-2026.jpg								<PAGE_AUTHORS>Lachlan Williams</PAGE_AUTHORS><PAGE_PRECISEPUBTIMESTAMP>20260908201900</PAGE_PRECISEPUBTIMESTAMP><PAGE_TITLE>Tini in Guatemala City: Futttura, October 16, 2026</PAGE_TITLE>
	20260908233000		theage.com.au	https://www.theage.com.au/national/nsw/man-flown-to-hospital-after-central-coast-shooting-20260909-p60vn7.html				KILL,388;CRISISLEX_T03_DEAD,388;ORGANIZED_CRIME,243;WB_2433_CONFLICT_AND_VIOLENCE,243;WB_2452_GANGS,243;WB_2432_FRAGILITY_CONFLICT_AND_VIOLENCE,243;WB_2445_NON_STATE_SECURITY_ACTORS,243;WB_2453_ORGANIZED_CRIME,508;EPU_ECONOMY_HISTORIC,347;EDUCATION,267;SOC_POINTSOFINTEREST_UNIVERSITY,267;TAX_FNCACT_DRIVER,35;SECURITY_SERVICES,6;TAX_FNCACT_POLICE,6;CRISISLEX_C07_SAFETY,6;TAX_FNCACT_STUDENT,275;SOC_GENERALCRIME,508;EPU_CATS_MIGRATION_FEAR_FEAR,508;		4#Sydney, New South Wales, Australia#AS#AS02#154637#-33.8833#151.217#-1603135#216;4#Merrylands, New South Wales, Australia#AS#AS02#5066#-33.8333#150.983#-1587107#409					-9.41176470588235,0,9.41176470588235,9.41176470588235,23.5294117647059,0,82			https://static.ffx.io/images/$zoom_0.1748%2C$multiply_0.7554%2C$ratio_1.777778%2C$width_1059%2C$x_0%2C$y_0/t_crop_custom/q_86%2Cf_auto/e83315ebc6ad13956dd2d442adac99d8ee150e54								<PAGE_AUTHORS>Jack Gramenz</PAGE_AUTHORS><PAGE_PRECISEPUBTIMESTAMP>20260908224800</PAGE_PRECISEPUBTIMESTAMP><PAGE_TITLE>Central Coast shooting: Man shot, flown to hospital after Berkeley Vale attack</PAGE_TITLE>
	20260908233000		fox2detroit.com	https://www.fox2detroit.com/news/e-moto-crash-telegraph-road-has-bloomfield-twp-leaders-raising-questions-safety				MANMADE_DISASTER_IMPLIED,312;MANMADE_DISASTER_IMPLIED,879;GENERAL_HEALTH,968;MEDICAL,968;SOC_POINTSOFINTEREST_HOSPITAL,968;CRISISLEX_C03_WELLBEING_HEALTH,968;TAX_WORLDMAMMALS_FOX,246;TAX_WORLDMAMMALS_FOX,1824;TAX_WORLDMAMMALS_FOX,2025;TAX_WORLDMAMMALS_FOX,2059;TAX_FNCACT_STUDENTS,1972;WB_1921_PRIVATE_SECTOR_DEVELOPMENT,744;WB_405_BUSINESS_CLIMATE,744;WB_2531_INSPECTIONS_LICENSING_AND_PERMITS,744;WB_2530_BUSINESS_ENVIRONMENT,744;SOC_POINTSOFINTEREST_SCHOOLS,1944;SECURITY_SERVICES,357;SECURITY_SERVICES,558;SECURITY_SERVICES,754;SECURITY_SERVICES,865;TAX_FNCACT_POLICE,357;TAX_FNCACT_POLICE,558;TAX_FNCACT_POLICE,754;TAX_FNCACT_POLICE,865;CRISISLEX_C07_SAFETY,357;CRISISLEX_C07_SAFETY,558;CRISISLEX_C07_SAFETY,754;CRISISLEX_C07_SAFETY,865;UNGP_FORESTS_RIVERS_OCEANS,275;WB_2141_EDUCATION_DISTRICTS,1876;WB_1502_EDUCATIONAL_DECENTRALIZATION,1876;WB_470_EDUCATION,1876;WB_1497_EDUCATION_MANAGEMENT_AND_ADMINISTRATION,1876;TAX_FNCACT_SHERIFF,1246;TAX_FNCACT_SHERIFF,1399;TAX_FNCACT_SHERIFF,2110;EDUCATION,1866;EDUCATION,2003;SOC_POINTSOFINTEREST_SCHOOL,1866;SOC_POINTSOFINTEREST_SCHOOL,2003;LEGISLATION,1792;							-2.0671834625323,0.516795865633075,2.58397932816537,3.10077519379845,23.7726098191214,1.03359173126615,332			https://images.foxtv.com/static.fox2detroit.com/www.fox2detroit.com/content/uploads/2026/09/1280/720/bloomfield-township-residents-raise-question-about-e-bikes-after-crashes.jpg?ve=1&tl=1								<PAGE_LINKS>https://www.fox2detroit.com/video/fmc-3wv3ppfm7hzphfp6</PAGE_LINKS><PAGE_AUTHORS>Scott Wolchek</PAGE_AUTHORS><PAGE_PRECISEPUBTIMESTAMP>20260908212900</PAGE_PRECISEPUBTIMESTAMP><PAGE_ALTURL_AMP>https://www.fox2detroit.com/news/e-moto-crash-telegraph-road-has-bloomfield-twp-leaders-raising-questions-safety.amp</PAGE_ALTURL_AMP><PAGE_TITLE>E-moto crash on Telegraph Road has Bloomfield Twp. leaders raising questions on their safety</PAGE_TITLE>
	20260908233000		eng.kavkaz-uzel.eu	https://www.eng.kavkaz-uzel.eu/articles/78407				APPOINTMENT,1753;USPEC_POLICY1,4227;USPEC_POLICY1,10373;USPEC_POLICY1,10655;USPEC_POLICY1,10906;EPU_POLICY_POLICY,4227;EPU_POLICY_POLICY,10373;EPU_POLICY_POLICY,10655;EPU_POLICY_POLICY,10906;TAX_ETHNICITY_RUSSIANS,11286;TAX_WORLDLANGUAGES_RUSSIANS,11286;GENERAL_GOVERNMENT,138;GENERAL_GOVERNMENT,661;GENERAL_GOVERNMENT,876;GENERAL_GOVERNMENT,932;GENERAL_GOVERNMENT,4357;GENERAL_GOVERNMENT,6819;GENERAL_GOVERNMENT,10191;GENERAL_GOVERNMENT,12383;GENERAL_GOVERNMENT,12780;GENERAL_GOVERNMENT,14964;GENERAL_GOVERNMENT,15525;GENERAL_GOVERNMENT,16408;TAX_POLITICAL_PARTY_LIBERAL_DEMOCRATIC_PARTY_OF_RUSSIA,13579;SOC_POINTSOFINTEREST_UNIVERSITY,1583;TAX_FNCACT_COMMUNISTS,12637;TAX_POLITICAL_PARTY_COMMUNISTS,12637;TAX_FNCACT_AUTHORITIES,170;TAX_FNCACT_AUTHORITIES,4257;TAX_FNCACT_AUTHORITIES,4733;TAX_FNCACT_AUTHORITIES,6237;TAX_FNCACT_AUTHORITIES,6542;TAX_FNCACT_AUTHORITIES,7047;TAX_FNCACT_AUTHORITIES,8176;TAX_FNCACT_AUTHORITIES,10403;TAX_FNCACT_AUTHORITIES,14146;CRISISLEX_CRISISLEXREC,170;CRISISLEX_CRISISLEXREC,4257;CRISISLEX_CRISISLEXREC,4733;CRISISLEX_CRISISLEXREC,6237;CRISISLEX_CRISISLEXREC,6542;CRISISLEX_CRISISLEXREC,7047;CRISISLEX_CRISISLEXREC,8176;CRISISLEX_CRISISLEXREC,10403;CRISISLEX_CRISISLEXREC,14146;EPU_POLICY_AUTHORITIES,170;EPU_POLICY_AUTHORITIES,4257;EPU_POLICY_AUTHORITIES,4733;EPU_POLICY_AUTHORITIES,6237;EPU_POLICY_AUTHORITIES,6542;EPU_POLICY_AUTHORITIES,7047;EPU_POLICY_AUTHORITIES,8176;EPU_POLICY_AUTHORITIES,10403;EPU_POLICY_AUTHORITIES,14146;TAX_FNCACT_JOURNALIST,9142;TAX_FNCACT_JOURNALIST,10233;TAX_FNCACT_JOURNALIST,11812;TAX_FNCACT_JOURNALIST,12699;TAX_FNCACT_POLITICAL_SCIENTIST,1707;TAX_FNCACT_POLITICAL_SCIENTIST,2724;TAX_FNCACT_POLITICAL_SCIENTIST,5028;TAX_FNCACT_POLITICAL_SCIENTIST,6675;TAX_FNCACT_POLITICAL_SCIENTIST,8021;TAX_FNCACT_POLITICAL_SCIENTIST,8456;TAX_FNCACT_CANDIDATES,433;TAX_FNCACT_CANDIDATES,503;TAX_FNCACT_CANDIDATES,2551;TAX_FNCACT_CANDIDATES,7172;TAX_FNCACT_CANDIDATES,8918;TAX_FNCACT_CANDIDATES,8969;TAX_FNCACT_CANDIDATES,9110;TAX_FNCACT_CANDIDATES,9277;TAX_FNCACT_CANDIDATES,9872;TAX_FNCACT_CANDIDATES,10302;TAX_FNCACT_CANDIDATES,12800;TAX_FNCACT_CANDIDATES,13653;TAX_FNCACT_CANDIDATES,15440;TAX_FNCACT_CANDIDATES,15802;TAX_FNCACT_CANDIDATES,16433;TAX_FNCACT_CANDIDATES,16510;TAX_FNCACT_DEPUTY,567;TAX_FNCACT_DEPUTY,632;TAX_FNCACT_DEPUTY,1034;TAX_FNCACT_GOVERNOR,5588;WB_831_GOVERNANCE,4573;WB_831_GOVERNANCE,4703;WB_831_GOVERNANCE,7570;WB_831_GOVERNANCE,7930;WB_831_GOVERNANCE,8111;TERROR,12982;TERROR,13139;TERROR,14035;TERROR,14437;REBELLION,7363;REBELS,7363;TAX_FNCACT_CHAIRMAN,1064;TAX_FNCACT_CHAIRMAN,14946;CORRUPTION,8326;AFFECT,6302;TAX_FNCACT_CANDIDATE,3768;TAX_FNCACT_CANDIDATE,12617;TAX_FNCACT_OFFICIAL,9387;ECON_HOUSING_PRICES,6111;CRISISLEX_C07_SAFETY,15360;DELAY,13086;TAX_FNCACT_CORRESPONDENT,2148;TAX_FNCACT_CORRESPONDENT,9787;TAX_WORLDLANGUAGES_RUSSIA,60;TAX_WORLDLANGUAGES_RUSSIA,68;TAX_WORLDLANGUAGES_RUSSIA,479;TAX_WORLDLANGUAGES_RUSSIA,487;TAX_WORLDLANGUAGES_RUSSIA,701;TAX_WORLDLANGUAGES_RUSSIA,809;TAX_WORLDLANGUAGES_RUSSIA,817;TAX_WORLDLANGUAGES_RUSSIA,957;TAX_WORLDLANGUAGES_RUSSIA,965;TAX_WORLDLANGUAGES_RUSSIA,1249;TAX_WORLDLANGUAGES_RUSSIA,1257;TAX_WORLDLANGUAGES_RUSSIA,1378;TAX_WORLDLANGUAGES_RUSSIA,1386;TAX_WORLDLANGUAGES_RUSSIA,3415;TAX_WORLDLANGUAGES_RUSSIA,4057;TAX_WORLDLANGUAGES_RUSSIA,4382;TAX_WORLDLANGUAGES_RUSSIA,4390;TAX_WORLDLANGUAGES_RUSSIA,5418;TAX_WORLDLANGUAGES_RUSSIA,5426;TAX_WORLDLANGUAGES_RUSSIA,5792;TAX_WORLDLANGUAGES_RUSSIA,5800;TAX_WORLDLANGUAGES_RUSSIA,5918;TAX_WORLDLANGUAGES_RUSSIA,6000;TAX_WORLDLANGUAGES_RUSSIA,6180;TAX_WORLDLANGUAGES_RUSSIA,6188;TAX_WORLDLANGUAGES_RUSSIA,6406;TAX_WORLDLANGUAGES_RUSSIA,6477;TAX_WORLDLANGUAGES_RUSSIA,7429;TAX_WORLDLANGUAGES_RUSSIA,9042;TAX_WORLDLANGUAGES_RUSSIA,9050;TAX_WORLDLANGUAGES_RUSSIA,9408;TAX_WORLDLANGUAGES_RUSSIA,10707;TAX_WORLDLANGUAGES_RUSSIA,10715;TAX_WORLDLANGUAGES_RUSSIA,10874;TAX_WORLDLANGUAGES_RUSSIA,10882;TAX_WORLDLANGUAGES_RUSSIA,11055;TAX_WORLDLANGUAGES_RUSSIA,11063;TAX_WORLDLANGUAGES_RUSSIA,11664;TAX_WORLDLANGUAGES_RUSSIA,11672;TAX_WORLDLANGUAGES_RUSSIA,12153;TAX_WORLDLANGUAGES_RUSSIA,12837;TAX_WORLDLANGUAGES_RUSSIA,13007;TAX_WORLDLANGUAGES_RUSSIA,13164;TAX_WORLDLANGUAGES_RUSSIA,13314;TAX_WORLDLANGUAGES_RUSSIA,13481;TAX_WORLDLANGUAGES_RUSSIA,13536;TAX_WORLDLANGUAGES_RUSSIA,13579;TAX_WORLDLANGUAGES_RUSSIA,13869;TAX_WORLDLANGUAGES_RUSSIA,13877;TAX_WORLDLANGUAGES_RUSSIA,14000;TAX_WORLDLANGUAGES_RUSSIA,14060;TAX_WORLDLANGUAGES_RUSSIA,14295;TAX_WORLDLANGUAGES_RUSSIA,14876;TAX_WORLDLANGUAGES_RUSSIA,14884;TAX_WORLDLANGUAGES_RUSSIA,15065;TAX_WORLDLANGUAGES_RUSSIA,15467;TAX_WORLDLANGUAGES_RUSSIA,15905;TAX_WORLDLANGUAGES_RUSSIA,16095;TAX_WORLDLANGUAGES_RUSSIA,16460;TAX_WORLDLANGUAGES_RUSSIA,16651;TAX_WORLDLANGUAGES_RUSSIA,16775;TAX_WORLDLANGUAGES_RUSSIA,16834;TAX_WORLDLANGUAGES_RUSSIA,16842;TAX_WORLDLANGUAGES_RUSSIA,17060;TAX_WORLDLANGUAGES_RUSSIA,17089;TAX_WORLDLANGUAGES_RUSSIA,17121;TAX_ETHNICITY_RUSSIAN,385;TAX_ETHNICITY_RUSSIAN,710;TAX_ETHNICITY_RUSSIAN,9492;TAX_ETHNICITY_RUSSIAN,9504;TAX_ETHNICITY_RUSSIAN,9568;TAX_ETHNICITY_RUSSIAN,10180;TAX_ETHNICITY_RUSSIAN,10519;TAX_ETHNICITY_RUSSIAN,13490;TAX_WORLDLANGUAGES_RUSSIAN,385;TAX_WORLDLANGUAGES_RUSSIAN,710;TAX_WORLDLANGUAGES_RUSSIAN,9492;TAX_WORLDLANGUAGES_RUSSIAN,9504;TAX_WORLDLANGUAGES_RUSSIAN,9568;TAX_WORLDLANGUAGES_RUSSIAN,10180;TAX_WORLDLANGUAGES_RUSSIAN,10519;TAX_WORLDLANGUAGES_RUSSIAN,13490;ELECTION,22;ELECTION,910;ELECTION,2389;ELECTION,2538;ELECTION,2610;ELECTION,2752;ELECTION,2830;ELECTION,4454;ELECTION,4613;ELECTION,6750;ELECTION,6880;ELECTION,6896;ELECTION,7142;ELECTION,12943;ELECTION,13103;ELECTION,13931;ELECTION,13971;ELECTION,14516;ELECTION,14689;ELECTION,15224;ELECTION,15940;ELECTION,16184;ELECTION,16324;ELECTION,16725;ELECTION,16941;ELECTION,17217;EPU_ECONOMY,5769;EPU_ECONOMY_HISTORIC,5769;EPU_POLICY_REFORM,14323;MEDIA_MSM,3261;TAX_FNCACT_COMMUNIST,12546;TAX_FNCACT_COMMUNIST,13516;RECRUITMENT,11876;RECRUITMENT,12087;TAX_POLITICAL_PARTY_LIBERAL_DEMOCRATIC_PARTY,13569;TAX_FNCACT_LEGISLATORS,15042;TAX_POLITICAL_PARTY_COMMUNIST_PARTY,12552;TAX_POLITICAL_PARTY_COMMUNIST_PARTY,13522;TAX_POLITICAL_PARTY_REPUBLICAN,650;TAX_POLITICAL_PARTY_REPUBLICAN,4245;TAX_POLITICAL_PARTY_REPUBLICAN,6808;TAX_POLITICAL_PARTY_REPUBLICAN,10391;TAX_FNCACT_EXECUTIVE,14403;EDUCATION,1540;TAX_FNCACT_PROFESSOR,1540;TAX_FNCACT_SCIENTIST,1707;TAX_FNCACT_SCIENTIST,2724;TAX_FNCACT_SCIENTIST,5028;TAX_FNCACT_SCIENTIST,6675;TAX_FNCACT_SCIENTIST,8021;TAX_FNCACT_SCIENTIST,8456;TAX_POLITICAL_PARTY_DEMOCRATIC_PARTY,13569;TAX_POLITICAL_PARTY_PEOPLE_PARTY,13373;EPU_POLICY_POLITICAL,1553;EPU_POLICY_POLITICAL,1697;EPU_POLICY_POLITICAL,2714;EPU_POLICY_POLITICAL,5018;EPU_POLICY_POLITICAL,6665;EPU_POLICY_POLITICAL,8011;EPU_POLICY_POLITICAL,8052;EPU_POLICY_POLITICAL,8446;EPU_POLICY_POLITICAL,9131;EPU_POLICY_POLITICAL,13297;EPU_POLICY_POLITICAL,15267;EPU_POLICY_POLITICAL,15983;EPU_CATS_MIGRATION_FEAR_FEAR,8718;TAX_FNCACT_DIRECTOR,584;TAX_FNCACT_DIRECTOR,672;TAX_FNCACT_DIRECTOR,1800;UNGP_FORESTS_RIVERS_OCEANS,5932;ARMEDCONFLICT,5312;TRANSPARENCY,8157;EPU_POLICY_DUMA,16386;LEADER,395;LEADER,8996;LEADER,12827;LEADER,13737;LEADER,14285;LEADER,14587;LEADER,15457;LEADER,16450;LEADER,16488;TAX_FNCACT_PRESIDENT,395;TAX_FNCACT_PRESIDENT,8996;TAX_FNCACT_PRESIDENT,12827;TAX_FNCACT_PRESIDENT,13737;TAX_FNCACT_PRESIDENT,14285;TAX_FNCACT_PRESIDENT,14587;TAX_FNCACT_PRESIDENT,15457;TAX_FNCACT_PRESIDENT,16450;TAX_FNCACT_PRESIDENT,16488;USPEC_POLITICS_GENERAL1,395;USPEC_POLITICS_GENERAL1,8996;USPEC_POLITICS_GENERAL1,12827;USPEC_POLITICS_GENERAL1,13737;USPEC_POLITICS_GENERAL1,14285;USPEC_POLITICS_GENERAL1,14587;USPEC_POLITICS_GENERAL1,15457;USPEC_POLITICS_GENERAL1,16450;USPEC_POLITICS_GENERAL1,16488;DISCRIMINATION,2784;DISCRIMINATION,3837;UNGP_FREEDOM_FROM_DISCRIMINATION,2784;UNGP_FREEDOM_FROM_DISCRIMINATION,3837;CRISISLEX_T04_INFRASTRUCTURE,6068;EPU_CATS_NATIONAL_SECURITY,11256;ACT_MAKESTATEMENT,13393;CRISISLEX_T11_UPDATESSYMPATHY,7673;CRISISLEX_T11_UPDATESSYMPATHY,8834;CRISISLEX_T11_UPDATESSYMPATHY,9448;TAX_FNCACT_LEADERS,2338;TAX_FNCACT_LEADERS,5225;TAX_FNCACT_LEADERS,14191;TAX_FNCACT_LEADERS,14709;RATIFY,10561;SCIENCE,1561;TAX_FNCACT_LEADER,7796;TAX_FNCACT_LEADER,8235;CRISISLEX_T01_CAUTION_ADVICE,12989;CRISISLEX_T01_CAUTION_ADVICE,13146;CRISISLEX_T01_CAUTION_ADVICE,14042;PROTEST,11222;LEGISLATION,14484;LEGISLATION,14632;LEGISLATION,16257;EPU_POLICY_LAW,14484;EPU_POLICY_LAW,14632;EPU_POLICY_LAW,16257;TAX_WORLDLANGUAGES_NENETS,4080;TAX_WORLDLANGUAGES_NENETS,4113;WB_696_PUBLIC_SECTOR_MANAGEMENT,3247;WB_840_JUSTICE,3247;WB_938_MEDIATION,3247;WB_936_ALTERNATIVE_DISPUTE_RESOLUTION,3247;WB_843_DISPUTE_RESOLUTION,3247;		4#Vladikavkaz, Severnaya Osetiya-Alaniya, Russia#RS#RS68#25097#43.0367#44.6678#-3033718#7421;4#Kremlin, Moskva, Russia#RS#RS48#25106#55.7522#37.6156#-2960561#15057;4#Kremlin, Moskva, Russia#RS#RS48#25106#55.7522#37.6156#-2960561#16087;4#Beslan, Severnaya Osetiya-Alaniya, Russia#RS#RS68#25097#43.1922#44.5431#-2885946#12999;4#Beslan, Severnaya Osetiya-Alaniya, Russia#RS#RS68#25097#43.1922#44.5431#-2885946#13156;4#Beslan, Severnaya Osetiya-Alaniya, Russia#RS#RS68#25097#43.1922#44.5431#-2885946#14052;5#North Ossetia, Severnaya Osetiya-Alaniya, Russia#RS#RS68#25097#43#44.25#-2967729#52;5#North Ossetia, Severnaya Osetiya-Alaniya, Russia#RS#RS68#25097#43#44.25#-2967729#471;5#North Ossetia, Severnaya Osetiya-Alaniya, Russia#RS#RS68#25097#43#44.25#-2967729#693;5#North Ossetia, Severnaya Osetiya-Alaniya, Russia#RS#RS68#25097#43#44.25#-2967729#801;5#North Ossetia, Severnaya Osetiya-Alaniya, Russia#RS#RS68#25097#43#44.25#-2967729#949;5#North Ossetia, Severnaya Osetiya-Alaniya, Russia#RS#RS68#25097#43#44.25#-2967729#1241;5#North Ossetia, Severnaya Osetiya-Alaniya, Russia#RS#RS68#25097#43#44.25#-2967729#1370;5#North Ossetia, Severnaya Osetiya-Alaniya, Russia#RS#RS68#25097#43#44.25#-2967729#4374;5#North Ossetia, Severnaya Osetiya-Alaniya, Russia#RS#RS68#25097#43#44.25#-2967729#5410;5#North Ossetia, Severnaya Osetiya-Alaniya, Russia#RS#RS68#25097#43#44.25#-2967729#5784;5#North Ossetia, Severnaya Osetiya-Alaniya, Russia#RS#RS68#25097#43#44.25#-2967729#6172;5#North Ossetia, Severnaya Osetiya-Alaniya, Russia#RS#RS68#25097#43#44.25#-2967729#9034;5#North Ossetia, Severnaya Osetiya-Alaniya, Russia#RS#RS68#25097#43#44.25#-2967729#10699;5#North Ossetia, Severnaya Osetiya-Alaniya, Russia#RS#RS68#25097#43#44.25#-2967729#10866;5#North Ossetia, Severnaya Osetiya-Alaniya, Russia#RS#RS68#25097#43#44.25#-2967729#11047;5#North Ossetia, Severnaya Osetiya-Alaniya, Russia#RS#RS68#25097#43#44.25#-2967729#11656;5#North Ossetia, Severnaya Osetiya-Alaniya, Russia#RS#RS68#25097#43#44.25#-2967729#13473;5#North Ossetia, Severnaya Osetiya-Alaniya, Russia#RS#RS68#25097#43#44.25#-2967729#13861;5#North Ossetia, Severnaya Osetiya-Alaniya, Russia#RS#RS68#25097#43#44.25#-2967729#14868;5#North Ossetia, Severnaya Osetiya-Alaniya, Russia#RS#RS68#25097#43#44.25#-2967729#16826;4#Petersburg, Sankt-Peterburg, Russia#RS#RS66#25095#59.8944#30.2642#-2996338#5992;5#Dagestan, Dagestan, Russia#RS#RS17#25069#43#47#-2900223#16643;5#Kabardino-Balkaria, Kabardino-Balkariya, Russia#RS#RS22#25097#43.5#43.5#-2918183#17081;5#Adygea, Adygeya, Russia#RS#RS01#25065#45#40#-2874328#17052;5#Karachay-Cherkessia, Karachayevo-Cherkesiya, Russia#RS#RS27#25099#44#42#-2920821#15897;5#Karachay-Cherkessia, Karachayevo-Cherkesiya, Russia#RS#RS27#25099#44#42#-2920821#17113;4#Ossetia, Russia (General), Russia#RS#RS00#25097#42.75#44#-2975503#52;4#Ossetia, Russia (General), Russia#RS#RS00#25097#42.75#44#-2975503#471;4#Ossetia, Russia (General), Russia#RS#RS00#25097#42.75#44#-2975503#693;4#Ossetia, Russia (General), Russia#RS#RS00#25097#42.75#44#-2975503#801;4#Ossetia, Russia (General), Russia#RS#RS00#25097#42.75#44#-2975503#949;4#Ossetia, Russia (General), Russia#RS#RS00#25097#42.75#44#-2975503#1241;4#Ossetia, Russia (General), Russia#RS#RS00#25097#42.75#44#-2975503#1370;4#Ossetia, Russia (General), Russia#RS#RS00#25097#42.75#44#-2975503#4374;4#Ossetia, Russia (General), Russia#RS#RS00#25097#42.75#44#-2975503#5410;4#Ossetia, Russia (General), Russia#RS#RS00#25097#42.75#44#-2975503#5784;4#Ossetia, Russia (General), Russia#RS#RS00#25097#42.75#44#-2975503#6172;4#Ossetia, Russia (General), Russia#RS#RS00#25097#42.75#44#-2975503#6398;4#Ossetia, Russia (General), Russia#RS#RS00#25097#42.75#44#-2975503#9034;4#Ossetia, Russia (General), Russia#RS#RS00#25097#42.75#44#-2975503#9400;4#Ossetia, Russia (General), Russia#RS#RS00#25097#42.75#44#-2975503#9483;4#Ossetia, Russia (General), Russia#RS#RS00#25097#42.75#44#-2975503#9559;4#Ossetia, Russia (General), Russia#RS#RS00#25097#42.75#44#-2975503#10171;4#Ossetia, Russia (General), Russia#RS#RS00#25097#42.75#44#-2975503#10510;4#Ossetia, Russia (General), Russia#RS#RS00#25097#42.75#44#-2975503#10699;4#Ossetia, Russia (General), Russia#RS#RS00#25097#42.75#44#-2975503#10866;4#Ossetia, Russia (General), Russia#RS#RS00#25097#42.75#44#-2975503#11047;4#Ossetia, Russia (General), Russia#RS#RS00#25097#42.75#44#-2975503#11656;4#Ossetia, Russia (General), Russia#RS#RS00#25097#42.75#44#-2975503#12145;4#Ossetia, Russia (General), Russia#RS#RS00#25097#42.75#44#-2975503#13473;4#Ossetia, Russia (General), Russia#RS#RS00#25097#42.75#44#-2975503#13861;4#Ossetia, Russia (General), Russia#RS#RS00#25097#42.75#44#-2975503#14868;4#Ossetia, Russia (General), Russia#RS#RS00#25097#42.75#44#-2975503#16826;4#Moscow, Moskva, Russia#RS#RS48#25106#55.7522#37.6156#-2960561#1902;4#Moscow, Moskva, Russia#RS#RS48#25106#55.7522#37.6156#-2960561#2116;4#Moscow, Moskva, Russia#RS#RS48#25106#55.7522#37.6156#-2960561#3302;4#Moscow, Moskva, Russia#RS#RS48#25106#55.7522#37.6156#-2960561#3666;4#Moscow, Moskva, Russia#RS#RS48#25106#55.7522#37.6156#-2960561#5002;4#Moscow, Moskva, Russia#RS#RS48#25106#55.7522#37.6156#-2960561#5975;4#Moscow, Moskva, Russia#RS#RS48#25106#55.7522#37.6156#-2960561#7680;4#Moscow, Moskva, Russia#RS#RS48#25106#55.7522#37.6156#-2960561#7781;1#Russian#RS#RS##60#100#RS#385;1#Russian#RS#RS##60#100#RS#710;1#Russian#RS#RS##60#100#RS#9492;1#Russian#RS#RS##60#100#RS#9504;1#Russian#RS#RS##60#100#RS#9568;1#Russian#RS#RS##60#100#RS#10180;1#Russian#RS#RS##60#100#RS#10519;1#Russian#RS#RS##60#100#RS#13490;1#Ukraine#UP#UP##49#32#UP#11185;1#Russia#RS#RS##60#100#RS#60;1#Russia#RS#RS##60#100#RS#68;1#Russia#RS#RS##60#100#RS#479;1#Russia#RS#RS##60#100#RS#487;1#Russia#RS#RS##60#100#RS#701;1#Russia#RS#RS##60#100#RS#809;1#Russia#RS#RS##60#100#RS#817;1#Russia#RS#RS##60#100#RS#957;1#Russia#RS#RS##60#100#RS#965;1#Russia#RS#RS##60#100#RS#1249;1#Russia#RS#RS##60#100#RS#1257;1#Russia#RS#RS##60#100#RS#1378;1#Russia#RS#RS##60#100#RS#1386;1#Russia#RS#RS##60#100#RS#3415;1#Russia#RS#RS##60#100#RS#4057;1#Russia#RS#RS##60#100#RS#4382;1#Russia#RS#RS##60#100#RS#4390;1#Russia#RS#RS##60#100#RS#5418;1#Russia#RS#RS##60#100#RS#5426;1#Russia#RS#RS##60#100#RS#5792;1#Russia#RS#RS##60#100#RS#5800;1#Russia#RS#RS##60#100#RS#5918;1#Russia#RS#RS##60#100#RS#6000;1#Russia#RS#RS##60#100#RS#6180;1#Russia#RS#RS##60#100#RS#6188;1#Russia#RS#RS##60#100#RS#6406;1#Russia#RS#RS##60#100#RS#6477;1#Russia#RS#RS##60#100#RS#7429;1#Russia#RS#RS##60#100#RS#9042;1#Russia#RS#RS##60#100#RS#9050;1#Russia#RS#RS##60#100#RS#9408;1#Russia#RS#RS##60#100#RS#10707;1#Russia#RS#RS##60#100#RS#10715;1#Russia#RS#RS##60#100#RS#10874;1#Russia#RS#RS##60#100#RS#10882;1#Russia#RS#RS##60#100#RS#11055;1#Russia#RS#RS##60#100#RS#11063;1#Russia#RS#RS##60#100#RS#11664;1#Russia#RS#RS##60#100#RS#11672;1#Russia#RS#RS##60#100#RS#12153;1#Russia#RS#RS##60#100#RS#12837;1#Russia#RS#RS##60#100#RS#13007;1#Russia#RS#RS##60#100#RS#13164;1#Russia#RS#RS##60#100#RS#13314;1#Russia#RS#RS##60#100#RS#13481;1#Russia#RS#RS##60#100#RS#13536;1#Russia#RS#RS##60#100#RS#13579;1#Russia#RS#RS##60#100#RS#13869;1#Russia#RS#RS##60#100#RS#13877;1#Russia#RS#RS##60#100#RS#14000;1#Russia#RS#RS##60#100#RS#14060;1#Russia#RS#RS##60#100#RS#14295;1#Russia#RS#RS##60#100#RS#14876;1#Russia#RS#RS##60#100#RS#14884;1#Russia#RS#RS##60#100#RS#15065;1#Russia#RS#RS##60#100#RS#15467;1#Russia#RS#RS##60#100#RS#15905;1#Russia#RS#RS##60#100#RS#16095;1#Russia#RS#RS##60#100#RS#16460;1#Russia#RS#RS##60#100#RS#16651;1#Russia#RS#RS##60#100#RS#16775;1#Russia#RS#RS##60#100#RS#16834;1#Russia#RS#RS##60#100#RS#16842;1#Russia#RS#RS##60#100#RS#17060;1#Russia#RS#RS##60#100#RS#17089;1#Russia#RS#RS##60#100#RS#17121;5#Ingushetia, Chechnya And Ingushetiya, Russia#RS#RSCI#25097#43.2167#44.7833#-2915754#16767					-1.32304299889746,1.83755972069092,3.16060271958839,4.99816244027931,18.1550900404263,0.294009555310548,2575											<PAGE_LINKS>https://www.kavkaz-uzel.eu/;https://www.kavkaz-uzel.eu/articles/426137</PAGE_LINKS><PAGE_ALTURL_AMP>https://amp.eng.kavkaz-uzel.eu/articles/78407</PAGE_ALTURL_AMP><PAGE_TITLE>Caucasian Knot | Analysts called the elections for the head of North Ossetia a simulation.</PAGE_TITLE>
	20260908233000		countypress.co.uk	https://www.countypress.co.uk/news/national/26533574.police-criticised-not-disclosing-information-nottingham-attacks-inquiry/				TAX_FNCACT_JUDGE,1244;TAX_WEAPONS_EXPLOSIVES,562;CRISISLEX_T11_UPDATESSYMPATHY,1033;MEDIA_MSM,678;TAX_FNCACT_MAN,2590;TAX_FNCACT_MAN,2839;SOC_GENERALCRIME,154;KILL,15;KILL,1602;KILL,2857;CRISISLEX_T03_DEAD,15;CRISISLEX_T03_DEAD,1602;CRISISLEX_T03_DEAD,2857;TRIAL,1125;TAX_FNCACT_CHILDREN,2691;SECURITY_SERVICES,308;SECURITY_SERVICES,497;SECURITY_SERVICES,1472;SECURITY_SERVICES,1640;SECURITY_SERVICES,3129;TAX_FNCACT_POLICE,308;TAX_FNCACT_POLICE,497;TAX_FNCACT_POLICE,1472;TAX_FNCACT_POLICE,1640;TAX_FNCACT_POLICE,3129;CRISISLEX_C07_SAFETY,308;CRISISLEX_C07_SAFETY,497;CRISISLEX_C07_SAFETY,1472;CRISISLEX_C07_SAFETY,1640;CRISISLEX_C07_SAFETY,3129;TAX_FNCACT_KILLER,1526;CRISISLEX_CRISISLEXREC,1398;WB_2024_ANTI_CORRUPTION_AUTHORITIES,1732;WB_2024_ANTI_CORRUPTION_AUTHORITIES,3143;WB_2024_ANTI_CORRUPTION_AUTHORITIES,3300;WB_2024_ANTI_CORRUPTION_AUTHORITIES,3337;WB_2024_ANTI_CORRUPTION_AUTHORITIES,3363;WB_2025_INVESTIGATION,1732;WB_2025_INVESTIGATION,3143;WB_2025_INVESTIGATION,3300;WB_2025_INVESTIGATION,3337;WB_2025_INVESTIGATION,3363;WB_831_GOVERNANCE,1732;WB_831_GOVERNANCE,3143;WB_831_GOVERNANCE,3300;WB_831_GOVERNANCE,3337;WB_831_GOVERNANCE,3363;WB_832_ANTI_CORRUPTION,1732;WB_832_ANTI_CORRUPTION,3143;WB_832_ANTI_CORRUPTION,3300;WB_832_ANTI_CORRUPTION,3337;WB_832_ANTI_CORRUPTION,3363;AFFECT,2408;CRISISLEX_T02_INJURED,2408;TAX_WEAPONS_BOMBS,2809;TAX_WEAPONS_BOMBS,2829;CRISISLEX_T01_CAUTION_ADVICE,2809;CRISISLEX_T01_CAUTION_ADVICE,2829;TAX_FNCACT_CARETAKER,117;TAX_FNCACT_STUDENTS,34;TAX_FNCACT_STUDENTS,1372;WB_696_PUBLIC_SECTOR_MANAGEMENT,378;WB_696_PUBLIC_SECTOR_MANAGEMENT,1215;WB_696_PUBLIC_SECTOR_MANAGEMENT,1750;WB_840_JUSTICE,378;WB_840_JUSTICE,1215;WB_840_JUSTICE,1750;WB_1014_CRIMINAL_JUSTICE,378;WB_1014_CRIMINAL_JUSTICE,1215;WB_1014_CRIMINAL_JUSTICE,1750;TAX_WEAPONS_BOMB,909;EPU_CATS_MIGRATION_FEAR_FEAR,909;UNGP_CRIME_VIOLENCE,2545;TAX_FNCACT_FATHER,2457;GENERAL_HEALTH,1097;MEDICAL,1097;SOC_POINTSOFINTEREST_HOSPITAL,1097;CRISISLEX_C03_WELLBEING_HEALTH,1097;TAX_WEAPONS_PIPE_BOMBS,2829;							-5.19083969465649,1.37404580152672,6.56488549618321,7.93893129770992,23.0534351145038,1.83206106870229,587			https://www.countypress.co.uk/resources/images/21427709.jpg?type=og-image								<PAGE_PRECISEPUBTIMESTAMP>20260908224200</PAGE_PRECISEPUBTIMESTAMP><PAGE_TITLE>Police criticised for not disclosing information at Nottingham attacks inquiry</PAGE_TITLE>
	20260908233000		scmp.com	https://www.scmp.com/special-reports/article/3366769/how-chinas-belt-and-road-initiative-shifting-green-energy-and-private-investment				ENV_CLIMATECHANGE,2647;CRISISLEX_CRISISLEXREC,2647;ENV_GREEN,2668;ENV_GREEN,2916;LEADER,17;TAX_FNCACT_PRESIDENT,17;USPEC_POLITICS_GENERAL1,17;ECON_DEBT,1432;WB_1104_MACROECONOMIC_VULNERABILITY_AND_DEBT,1432;WB_450_DEBT,1432;TAX_ETHNICITY_ARAB,678;USPEC_POLICY1,1214;USPEC_POLICY1,2334;EPU_POLICY_POLICY,1214;EPU_POLICY_POLICY,2334;WB_1458_HEALTH_PROMOTION_AND_DISEASE_PREVENTION,2583;WB_1462_WATER_SANITATION_AND_HYGIENE,2583;WB_635_PUBLIC_HEALTH,2583;WB_621_HEALTH_NUTRITION_AND_POPULATION,2583;TAX_FNCACT_MANUFACTURER,2256;TAX_FNCACT_DIRECTOR,487;EDUCATION,547;SOC_POINTSOFINTEREST_UNIVERSITY,547;WB_1847_CLIMATE_FINANCE,508;WB_1847_CLIMATE_FINANCE,721;WB_567_CLIMATE_CHANGE,508;WB_567_CLIMATE_CHANGE,721;UNGP_FORESTS_RIVERS_OCEANS,1066;UNGP_FORESTS_RIVERS_OCEANS,2426;UNGP_CLIMATE_CHANGE_ACTION,2640;WB_135_TRANSPORT,2156;WB_1803_TRANSPORT_INFRASTRUCTURE,2156;WB_166_RAILWAYS,2156;TAX_ETHNICITY_CHINESE,152;TAX_ETHNICITY_CHINESE,200;TAX_ETHNICITY_CHINESE,1707;TAX_WORLDLANGUAGES_CHINESE,152;TAX_WORLDLANGUAGES_CHINESE,200;TAX_WORLDLANGUAGES_CHINESE,1707;ENV_HYDRO,2681;WB_525_RENEWABLE_ENERGY,2681;WB_527_HYDROPOWER,2681;TAX_FNCACT_CHIEF,1010;WB_1921_PRIVATE_SECTOR_DEVELOPMENT,3003;WB_346_COMPETITIVE_INDUSTRIES,3003;WB_818_INDUSTRY_POLICY_AND_REAL_SECTORS,3003;WB_1281_MANUFACTURING,3003;WB_408_GREEN_BUILDINGS,2575;WB_507_ENERGY_AND_EXTRACTIVES,2575;WB_533_ENERGY_EFFICIENCY,2575;EPU_CATS_MONETARY_POLICY,1307;WB_167_PORTS,2354;ENV_SOLAR,2243;ENV_SOLAR,2979;		1#United Arab Emirates#AE#AE##24#54#AE#687;1#China#CH#CH##35#105#CH#1256;1#China#CH#CH##35#105#CH#1307;1#China#CH#CH##35#105#CH#1520;1#China#CH#CH##35#105#CH#2403;1#China#CH#CH##35#105#CH#2453;1#China#CH#CH##35#105#CH#2515;1#China#CH#CH##35#105#CH#2655;4#Beijing, Beijing, China#CH#CH22#13001#39.9289#116.388#-1898541#2396;1#Indonesia#ID#ID##-5#120#ID#2277;1#Chinese#CH#CH##35#105#CH#152;1#Chinese#CH#CH##35#105#CH#200;1#Chinese#CH#CH##35#105#CH#1707					0.767754318618042,1.91938579654511,1.15163147792706,3.07101727447217,18.426103646833,1.15163147792706,469			https://cdn.i-scmp.com/sites/default/files/styles/og_image_scmp_generic/public/d8/images/canvas/2026/09/08/11bf2c85-1578-4073-b107-7dc189a16a45_7fc00d47.jpg?itok=sw6_urGz&v=1788858490								<PAGE_ALTURL_AMP>https://amp.scmp.com/special-reports/article/3366769/how-chinas-belt-and-road-initiative-shifting-green-energy-and-private-investment</PAGE_ALTURL_AMP><PAGE_TITLE>How China's Belt and Road Initiative is shifting to green energy and private investment</PAGE_TITLE>
	20260908233000		dailymail.com	https://www.dailymail.com/news/article-16115529/elizabeth-boucher-daytona-beach-bronco-crash.html				TAX_FNCACT_WOMAN,33;TAX_FNCACT_WOMAN,1885;TAX_FNCACT_WOMAN,2233;TAX_FNCACT_WOMAN,3129;TAX_MILITARY_TITLE_OFFICERS,774;TAX_MILITARY_TITLE_OFFICERS,2028;TAX_MILITARY_TITLE_OFFICERS,2446;TAX_MILITARY_TITLE_OFFICERS,2547;TAX_FNCACT_OFFICERS,774;TAX_FNCACT_OFFICERS,2028;TAX_FNCACT_OFFICERS,2446;TAX_FNCACT_OFFICERS,2547;ARREST,176;ARREST,258;ARREST,1175;SOC_GENERALCRIME,176;SOC_GENERALCRIME,258;SOC_GENERALCRIME,1175;CRISISLEX_C07_SAFETY,176;CRISISLEX_C07_SAFETY,258;CRISISLEX_C07_SAFETY,1175;TAX_FNCACT_OFFICIAL,1566;SECURITY_SERVICES,1004;SECURITY_SERVICES,1716;TAX_FNCACT_POLICE,1004;TAX_FNCACT_POLICE,1716;TAX_FNCACT_POLICE_OFFICER,1724;CRISISLEX_CRISISLEXREC,1724;WB_2024_ANTI_CORRUPTION_AUTHORITIES,1705;WB_2024_ANTI_CORRUPTION_AUTHORITIES,3067;WB_696_PUBLIC_SECTOR_MANAGEMENT,1705;WB_696_PUBLIC_SECTOR_MANAGEMENT,3067;WB_840_JUSTICE,1705;WB_840_JUSTICE,3067;WB_2025_INVESTIGATION,1705;WB_2025_INVESTIGATION,3067;WB_831_GOVERNANCE,1705;WB_831_GOVERNANCE,3067;WB_832_ANTI_CORRUPTION,1705;WB_832_ANTI_CORRUPTION,3067;WB_1014_CRIMINAL_JUSTICE,1705;WB_1014_CRIMINAL_JUSTICE,3067;WB_2433_CONFLICT_AND_VIOLENCE,2780;WB_2433_CONFLICT_AND_VIOLENCE,2927;WB_2433_CONFLICT_AND_VIOLENCE,3211;WB_2432_FRAGILITY_CONFLICT_AND_VIOLENCE,2780;WB_2432_FRAGILITY_CONFLICT_AND_VIOLENCE,2927;WB_2432_FRAGILITY_CONFLICT_AND_VIOLENCE,3211;UNGP_CRIME_VIOLENCE,2780;UNGP_CRIME_VIOLENCE,2927;UNGP_CRIME_VIOLENCE,3211;WB_1921_PRIVATE_SECTOR_DEVELOPMENT,939;WB_405_BUSINESS_CLIMATE,939;WB_2531_INSPECTIONS_LICENSING_AND_PERMITS,939;WB_2530_BUSINESS_ENVIRONMENT,939;CRISISLEX_C04_LOGISTICS_TRANSPORT,1008;TAX_MILITARY_TITLE_OFFICER,410;TAX_MILITARY_TITLE_OFFICER,1724;TAX_MILITARY_TITLE_OFFICER,2266;TAX_MILITARY_TITLE_OFFICER,2763;TAX_MILITARY_TITLE_OFFICER,2910;TAX_MILITARY_TITLE_OFFICER,3080;TAX_MILITARY_TITLE_OFFICER,3194;TAX_FNCACT_OFFICER,410;TAX_FNCACT_OFFICER,1724;TAX_FNCACT_OFFICER,2266;TAX_FNCACT_OFFICER,2763;TAX_FNCACT_OFFICER,2910;TAX_FNCACT_OFFICER,3080;TAX_FNCACT_OFFICER,3194;SOC_POINTSOFINTEREST_JAIL,1662;SOC_POINTSOFINTEREST_JAIL,3316;TAX_FNCACT_OFFICIALS,1050;TRIAL,133;TAX_FNCACT_DRIVER,931;MANMADE_DISASTER_IMPLIED,111;MANMADE_DISASTER_IMPLIED,1008;LEGISLATION,728;LEGISLATION,3281;EPU_POLICY_LAW,728;EPU_POLICY_LAW,3281;EPU_CATS_MIGRATION_FEAR_FEAR,734;EPU_CATS_MIGRATION_FEAR_FEAR,3287;TAX_ETHNICITY_BLACK,484;TAX_ETHNICITY_BLACK,1310;TAX_ETHNICITY_BLACK,1455;		2#Florida, United States#US#USFL##27.8333#-81.717#FL#304;2#Florida, United States#US#USFL##27.8333#-81.717#FL#1221;3#Daytona Beach, Florida, United States#US#USFL#FL127#29.2108#-81.0228#281353#279;3#Daytona Beach, Florida, United States#US#USFL#FL127#29.2108#-81.0228#281353#1196					-9.21739130434783,0.521739130434783,9.73913043478261,10.2608695652174,22.7826086956522,0.869565217391304,539			https://i.dailymail.com/1s/2026/09/08/23/111127897-0-image-a-13_1788906898833.jpg								<PAGE_LINKS>https://lawandcrime.com/crime/thought-we-were-all-friends-drunk-driver-t-bones-parked-car-punches-cars-owner-after-she-came-out-to-see-what-happened-police-said/;https://www.dailymail.com/news/alcohol/;https://www.dailymail.com/news/florida/</PAGE_LINKS><PAGE_AUTHORS>Jack Toledo;JACK TOLEDO</PAGE_AUTHORS><PAGE_PRECISEPUBTIMESTAMP>20260908225800</PAGE_PRECISEPUBTIMESTAMP><PAGE_ALTURL_AMP>https://www.dailymail.com/news/article-16115529/amp/elizabeth-boucher-daytona-beach-bronco-crash.html</PAGE_ALTURL_AMP><PAGE_TITLE>Woman slams her $50k Ford Bronco into parked car then PUNCHES owner in the face before telling cops 'I thought we were all friends!'</PAGE_TITLE>
	20260908233000		smh.com.au	https://www.smh.com.au/money/super-and-retirement/should-you-keep-your-family-home-after-moving-into-aged-care-20260908-p60vcm.html				WB_1245_FINANCIAL_VULNERABILITY_AND_RISKS,3042;WB_318_FINANCIAL_ARCHITECTURE_AND_BANKING,3042;WB_1247_MARKET_RISKS,3042;WB_1920_FINANCIAL_SECTOR_DEVELOPMENT,3042;RETIREMENT,309;RETIREMENT,719;RETIREMENT,1081;RETIREMENT,1251;RETIREMENT,1994;RETIREMENT,2056;RETIREMENT,2095;RETIREMENT,2517;RETIREMENT,3116;ECON_WORLDCURRENCIES_DOLLARS,698;WB_1973_FINANCIAL_RISK_REDUCTION,2849;WB_435_AGRICULTURE_AND_FOOD_SECURITY,2849;WB_337_INSURANCE,2849;WB_1967_AGRICULTURAL_RISK_AND_SECURITY,2849;TAX_FNCACT_AUTHOR,3474;WB_696_PUBLIC_SECTOR_MANAGEMENT,3529;WB_723_PUBLIC_ADMINISTRATION,3529;WB_2085_PUBLIC_SECTOR_DOWNSIZING,3529;WB_2054_SIZE_OF_THE_PUBLIC_SERVICE,3529;WB_724_HUMAN_RESOURCES_FOR_PUBLIC_SECTOR,3529;ECON_HOUSING_PRICES,2607;TAX_ECON_PRICE,462;TAX_ECON_PRICE,513;TAX_ECON_PRICE,1605;UNGP_FORESTS_RIVERS_OCEANS,215;UNGP_FORESTS_RIVERS_OCEANS,3445;TAX_ETHNICITY_AUSTRALIAN,434;		1#Australian#AS#AS##-25#135#AS#434					1.22137404580153,2.74809160305344,1.52671755725191,4.27480916030534,26.2595419847328,0.610687022900763,584			https://static.ffx.io/images/$zoom_0.2511%2C$multiply_0.7554%2C$ratio_1.777778%2C$width_1059%2C$x_146%2C$y_0/t_crop_custom/q_86%2Cf_auto/t_metro_opinion_no_age_social_wm/54e43d61ff63ce72472301ed14f130dac22fa096								<PAGE_AUTHORS>Rachel Lane</PAGE_AUTHORS><PAGE_PRECISEPUBTIMESTAMP>20260908190000</PAGE_PRECISEPUBTIMESTAMP><PAGE_TITLE>Should you keep your family home after moving into aged care?</PAGE_TITLE>
	20260908233000		comicbook.com	https://comicbook.com/gaming/feature/the-blood-of-dawnwalkers-clever-30-day-clock-mechanic-makes-it-one-of-the-most-unique-rpgs-in-years/											-0.0765110941086453,4.28462127008416,4.36113236419281,8.64575363427697,22.2647283856159,2.06579954093344,1154			https://comicbook.com/wp-content/uploads/sites/4/2026/04/Blood-of-the-Dawnwalker-main-character-keyart.jpg								<PAGE_LINKS>https://comicbook.com/gaming/feature/blood-of-the-dawnwalker-could-push-rpgs-forward-in-one-big-way-where-the-witcher-3-failed/;https://comicbook.com/gaming/feature/this-choice-may-see-the-blood-of-dawn-walker-surpass-the-best-vampire-game-of-all-time/;https://comicbook.com/gaming/review/the-blood-of-the-dawnwalker-review/</PAGE_LINKS><PAGE_AUTHORS>Matt Cabral</PAGE_AUTHORS><PAGE_PRECISEPUBTIMESTAMP>20260908211500</PAGE_PRECISEPUBTIMESTAMP><PAGE_TITLE>The Blood of Dawnwalker's Clever 30-Day Clock Mechanic Makes It One of the Most Unique RPGs in Years</PAGE_TITLE>
	20260908233000		iheart.com	https://kmod.iheart.com/content/2026-09-08-iowa-band-member-taken-off-life-support/				EDUCATION,43;EDUCATION,527;EDUCATION,810;EDUCATION,1079;EDUCATION,1199;EDUCATION,1497;		2#Illinois, United States#US#USIL##40.3363#-89.0022#IL#290;3#University Of Iowa, Iowa, United States#US#USIA#IA103#41.6617#-91.5363#462484#51;3#University Of Iowa, Iowa, United States#US#USIA#IA103#41.6617#-91.5363#462484#535;3#University Of Iowa, Iowa, United States#US#USIA#IA103#41.6617#-91.5363#462484#818;3#University Of Iowa, Iowa, United States#US#USIA#IA103#41.6617#-91.5363#462484#1505;2#Iowa, United States#US#USIA##42.0046#-93.214#IA#51;2#Iowa, United States#US#USIA##42.0046#-93.214#IA#272;2#Iowa, United States#US#USIA##42.0046#-93.214#IA#535;2#Iowa, United States#US#USIA##42.0046#-93.214#IA#710;2#Iowa, United States#US#USIA##42.0046#-93.214#IA#818;2#Iowa, United States#US#USIA##42.0046#-93.214#IA#1505					0,4.41767068273092,4.41767068273092,8.83534136546185,20.0803212851406,0,235			https://i.iheart.com/v3/re/assets.getty/6aa0561dd1d22d56eb61d8e5?ops=gravity(%22north%22),fit(1200,675),quality(65)								<PAGE_LINKS>https://www.instagram.com/p/DdA1AGoPAJA/;https://www.kcrg.com/2026/09/06/heat-causes-iowa-marching-band-pull-out-halftime-performance/</PAGE_LINKS><PAGE_TITLE>Iowa Band Member Taken Off Life Support</PAGE_TITLE>
	20260908233000		radiotimes.com	https://www.radiotimes.com/tv/entertainment/ant-dec-lose-nta-david-attenborough-newsupdate/				TAX_FNCACT_PRESENTER,116;UNGP_FORESTS_RIVERS_OCEANS,1425;UNGP_FORESTS_RIVERS_OCEANS,2031;CRISISLEX_T11_UPDATESSYMPATHY,37;TAX_FNCACT_OFFICIAL,1321;WB_137_WATER,2288;TAX_WORLDINSECTS_ANT,13;TAX_WORLDINSECTS_ANT,378;TAX_FNCACT_HISTORIAN,736;MEDIA_MSM,79;WB_678_DIGITAL_GOVERNMENT,446;WB_694_BROADCAST_AND_MEDIA,446;WB_133_INFORMATION_AND_COMMUNICATION_TECHNOLOGIES,446;DRONES,1498;		4#London, London, City Of, United Kingdom#UK#UKH9#40110#51.5#-0.116667#-2601889#790					3.04568527918782,4.82233502538071,1.77664974619289,6.5989847715736,20.3045685279188,2.03045685279188,360			https://images.immediate.co.uk/production/volatile/sites/3/2026/01/GettyImages-2214543111-f67e083.jpg								<PAGE_LINKS>https://www.radiotimes.com/tv/documentaries/blue-planet-iii-david-attenborough-narration-confirmed-newsupdate/;https://www.radiotimes.com/tv/documentaries/david-attenborough-radio-times-covers-gallery/;https://www.radiotimes.com/tv/entertainment/national-television-awards-2026-nominations-shortlist-newsupdate/;https://www.radiotimes.com/tv/sport/football/gary-lineker-ant-dec-nta-newsupdate/</PAGE_LINKS><PAGE_AUTHORS>James Hibbs</PAGE_AUTHORS><PAGE_PRECISEPUBTIMESTAMP>20260908202500</PAGE_PRECISEPUBTIMESTAMP><PAGE_TITLE>Ant & Dec lose National Television Awards 2026 to a television legend</PAGE_TITLE>
	20260908233000		itbrief.co.nz	https://itbrief.co.nz/story/tuned-global-boosts-music-ingestion-tenfold-with-aws				TAX_ECON_PRICE,3040;TAX_WORLDMAMMALS_HUMAN,3067;UNGP_FORESTS_RIVERS_OCEANS,1675;EPU_ECONOMY_HISTORIC,1663;WB_667_ICT_INFRASTRUCTURE,918;WB_667_ICT_INFRASTRUCTURE,1128;WB_667_ICT_INFRASTRUCTURE,2279;WB_667_ICT_INFRASTRUCTURE,2364;WB_669_SOFTWARE_INFRASTRUCTURE,918;WB_669_SOFTWARE_INFRASTRUCTURE,1128;WB_669_SOFTWARE_INFRASTRUCTURE,2279;WB_669_SOFTWARE_INFRASTRUCTURE,2364;WB_2945_DATABASE,918;WB_2945_DATABASE,1128;WB_2945_DATABASE,2279;WB_2945_DATABASE,2364;SOC_EMERGINGTECH,4820;TAX_FNCACT_CHIEF,1263;DELAY,5776;USPEC_UNCERTAINTY1,5776;WB_2670_JOBS,2805;WB_1467_EDUCATION_FOR_ALL,2805;WB_470_EDUCATION,2805;WB_2131_EMPLOYABILITY_SKILLS_AND_JOBS,2805;WB_1484_EDUCATION_SKILLS_DEVELOPMENT_AND_LABOR_MARKET,2805;AFFECT,1619;AFFECT,5818;PUBLIC_TRANSPORT,4358;TAX_FNCACT_ENGINEERS,2887;CRISISLEX_T11_UPDATESSYMPATHY,4739;CRISISLEX_T11_UPDATESSYMPATHY,5462;TAX_FNCACT_WRITER,2628;WB_2944_SERVERS,950;WB_671_STORAGE_MANAGEMENT,950;WB_672_NETWORK_MANAGEMENT,950;WB_678_DIGITAL_GOVERNMENT,444;WB_694_BROADCAST_AND_MEDIA,444;WB_133_INFORMATION_AND_COMMUNICATION_TECHNOLOGIES,444;TAX_MILITARY_TITLE_OFFICER,1282;TAX_FNCACT_OFFICER,1282;		1#United Kingdom#UK#UK##54#-4#UK#623					1.08161258603736,2.3598820058997,1.27826941986234,3.63815142576204,21.9272369714848,2.06489675516224,918			https://itbrief.co.nz/uploads/story/2026/09/08/compatible_kamal-singh-and-yahya-bilal-story-318492.jpg								<PAGE_AUTHORS>Sofiah Nichole Salivio</PAGE_AUTHORS><PAGE_TITLE>Tuned Global boosts music ingestion tenfold with AWS</PAGE_TITLE>
	20260908233000		recorder.ca	https://www.recorder.ca/press-releases/globe-newswire/xortx-re-engages-investor-relations-program/				MEDICAL,1242;TAX_DISEASE_DISEASES,1294;TAX_DISEASE_GOUT,611;TAX_DISEASE_GOUT,1267;TAX_DISEASE_KIDNEY_DISEASE,1003;TAX_DISEASE_METABOLISM,1080;MEDIA_MSM,2017;UNGP_FORESTS_RIVERS_OCEANS,1285;TAX_FNCACT_REGULATORS,2732;WB_1428_INJURY,699;WB_1406_DISEASES,699;WB_1427_NON_COMMUNICABLE_DISEASE_AND_INJURY,699;TAX_ETHNICITY_CANADIAN,2710;TAX_DISEASE_NEPHROPATHY,855;EPU_POLICY_REGULATORY,1556;EPU_CATS_REGULATION,3024;EPU_CATS_FINANCIAL_REGULATION,3024;GENERAL_HEALTH,1003;TAX_DISEASE_DISEASE,1003;UNGP_HEALTHCARE,1003;AFFECT,2954;WB_1614_NUTRITIONAL_PROGRAMS,62;WB_1614_NUTRITIONAL_PROGRAMS,456;WB_1609_FOOD_AND_IN_KIND_TRANSFERS,62;WB_1609_FOOD_AND_IN_KIND_TRANSFERS,456;WB_1615_THERAPEUTIC,62;WB_1615_THERAPEUTIC,456;WB_1466_SOCIAL_ASSISTANCE,62;WB_1466_SOCIAL_ASSISTANCE,456;WB_697_SOCIAL_PROTECTION_AND_LABOR,62;WB_697_SOCIAL_PROTECTION_AND_LABOR,456;TAX_FNCACT_INVESTOR,297;TAX_FNCACT_INVESTOR,1869;TAX_FNCACT_INVESTOR,2095;TAX_FNCACT_INVESTOR,2512;LEGISLATION,1769;EPU_POLICY_LAW,2780;WB_1331_HEALTH_TECHNOLOGIES,489;WB_1350_PHARMACEUTICALS,489;WB_621_HEALTH_NUTRITION_AND_POPULATION,489;WB_845_LEGAL_AND_REGULATORY_FRAMEWORK,1769;WB_696_PUBLIC_SECTOR_MANAGEMENT,1769;WB_969_CAPITAL_MARKETS_LAW_AND_REGULATION,1769;WB_853_FINANCIAL_LAWS_AND_REGULATIONS,1769;ECON_STOCKMARKET,1433;ECON_STOCKMARKET,2587;		1#Canadian#CA#CA##60#-96#CA#2710					-2.11416490486258,2.74841437632135,4.86257928118393,7.61099365750529,18.1818181818182,0.422832980972516,400			https://www.globenewswire.com/newsroom/ti?nf=OTgyMzM0OSM3ODIzNzk1IzIwOTcyNzk=								<PAGE_AUTHORS>GlobeNewswire</PAGE_AUTHORS><PAGE_PRECISEPUBTIMESTAMP>20260908221700</PAGE_PRECISEPUBTIMESTAMP><PAGE_TITLE>XORTX Re-Engages Investor Relations Program</PAGE_TITLE>
	20260908233000		dailypolitical.com	https://www.dailypolitical.com/2026/09/08/allworth-financial-lp-sells-61213-shares-of-mondelez-international-inc-mdlz.html				TAX_FNCACT_CHIEF_EXECUTIVE_OFFICER,3615;RETIREMENT,1816;RETIREMENT,1941;WB_2690_CATEGORIES_OF_EMPLOYMENT,1816;WB_2690_CATEGORIES_OF_EMPLOYMENT,1941;WB_2670_JOBS,1816;WB_2670_JOBS,1941;WB_2689_JOBS_DIAGNOSTICS,1816;WB_2689_JOBS_DIAGNOSTICS,1941;WB_2896_RETIREMENT,1816;WB_2896_RETIREMENT,1941;TAX_FNCACT_CEO,3350;TAX_FNCACT_EXECUTIVE_OFFICER,3615;TAX_FNCACT_EXECUTIVE,3607;WB_698_TRADE,3727;TAX_FNCACT_INSIDER,3283;TAX_FNCACT_INSIDER,6574;TAX_FNCACT_ANALYSTS,5264;ECON_STOCKMARKET,315;ECON_STOCKMARKET,779;ECON_STOCKMARKET,1107;ECON_STOCKMARKET,1372;ECON_STOCKMARKET,1702;ECON_STOCKMARKET,2003;ECON_STOCKMARKET,2106;ECON_STOCKMARKET,2336;ECON_STOCKMARKET,2637;ECON_STOCKMARKET,3023;ECON_STOCKMARKET,3128;ECON_STOCKMARKET,3420;ECON_STOCKMARKET,3672;ECON_STOCKMARKET,3979;ECON_STOCKMARKET,4064;ECON_STOCKMARKET,4166;TAX_DISEASE_OVERWEIGHT,2350;TAX_DISEASE_OVERWEIGHT,2435;WB_1406_DISEASES,2350;WB_1406_DISEASES,2435;WB_1435_OBESITY,2350;WB_1435_OBESITY,2435;WB_621_HEALTH_NUTRITION_AND_POPULATION,2350;WB_621_HEALTH_NUTRITION_AND_POPULATION,2435;WB_1427_NON_COMMUNICABLE_DISEASE_AND_INJURY,2350;WB_1427_NON_COMMUNICABLE_DISEASE_AND_INJURY,2435;TAX_MILITARY_TITLE_OFFICER,3615;TAX_FNCACT_OFFICER,3615;KILL,3896;CORRUPTION,6581;TAX_FNCACT_INSIDERS,3949;TAX_FNCACT_ANALYST,2163;TAX_FNCACT_ANALYST,3003;TAX_FNCACT_ANALYST,4980;TAX_FNCACT_ANALYST,6882;EPU_CATS_REGULATION,3822;EPU_CATS_FINANCIAL_REGULATION,3822;EPU_ECONOMY_HISTORIC,4913;EPU_ECONOMY_HISTORIC,5425;EPU_ECONOMY_HISTORIC,6055;TAX_FNCACT_CHIEF,3597;TAX_FNCACT_CHIEF_EXECUTIVE,3607;TAX_FNCACT_INVESTOR,271;TAX_ECON_PRICE,2266;TAX_ECON_PRICE,2554;TAX_ECON_PRICE,2866;TAX_ECON_PRICE,3263;TAX_ECON_PRICE,3510;TAX_ECON_PRICE,4011;TAX_ECON_PRICE,4542;TAX_ECON_PRICE,4580;TAX_ETHNICITY_AMERICAN,6106;		2#Illinois, United States#US#USIL##40.3363#-89.0022#IL#5997;3#Chicago, Illinois, United States#US#USIL#IL031#41.85#-87.6501#423587#5971;1#American#US#US##39.828175#-98.5795#US#6106;3#Pine Valley, Illinois, United States#US#USIL#IL097#42.172#-88.0667#2037951#1470;3#Pine Valley, Illinois, United States#US#USIL#IL097#42.172#-88.0667#2037951#1613					1.5025041736227,2.08681135225376,0.584307178631052,2.67111853088481,20.1168614357262,0,1089											<PAGE_LINKS>https://www.dailypolitical.com/daily-email-updates-basic/;https://www.holdingschannel.com/hedge-funds/holding-mdlz/;https://www.insidertrades.com/mondelez-international-inc-stock/de-put-dirk-van;https://www.marketbeat.com/arnreports/ReportTickerOptin.aspx;https://www.marketbeat.com/stocks/NASDAQ/MDLZ/;https://www.sec.gov/Archives/edgar/data/1103982/000162828026058409/xslF345X06/wk-form4_1787342473.xml</PAGE_LINKS><PAGE_AUTHORS>Tyrone Williams</PAGE_AUTHORS><PAGE_TITLE>Allworth Financial LP Sells 61,213 Shares of Mondelez International, Inc. $MDLZ</PAGE_TITLE>
	20260908233000		aol.com	https://www.aol.com/articles/same-cow-brought-him-90-220444000.html				AGRICULTURE,172;AGRICULTURE,1182;AGRICULTURE,1558;AGRICULTURE,1634;AGRICULTURE,3572;AGRICULTURE,4802;AGRICULTURE,5094;WB_2736_RETURNS_TO_WORK,54;WB_2736_RETURNS_TO_WORK,1730;WB_2736_RETURNS_TO_WORK,3594;WB_2670_JOBS,54;WB_2670_JOBS,1730;WB_2670_JOBS,3594;WB_2689_JOBS_DIAGNOSTICS,54;WB_2689_JOBS_DIAGNOSTICS,1730;WB_2689_JOBS_DIAGNOSTICS,3594;WB_2741_SELF_EMPLOYMENT_INCOME,54;WB_2741_SELF_EMPLOYMENT_INCOME,1730;WB_2741_SELF_EMPLOYMENT_INCOME,3594;TAX_FOODSTAPLES_MILK,17;TAX_FOODSTAPLES_MILK,909;TAX_FOODSTAPLES_MILK,1152;TAX_FOODSTAPLES_MILK,1550;TAX_FOODSTAPLES_MILK,1574;TAX_FOODSTAPLES_MILK,1775;TAX_FOODSTAPLES_MILK,3610;TAX_FNCACT_TAX_PREPARER,4611;ECON_TAXATION,363;ECON_TAXATION,3314;ECON_TAXATION,3461;ECON_TAXATION,4014;ECON_TAXATION,4159;ECON_TAXATION,4602;USPEC_POLICY1,363;USPEC_POLICY1,3314;USPEC_POLICY1,3461;USPEC_POLICY1,4014;USPEC_POLICY1,4159;USPEC_POLICY1,4602;EPU_POLICY_TAX,363;EPU_POLICY_TAX,3314;EPU_POLICY_TAX,3461;EPU_POLICY_TAX,4014;EPU_POLICY_TAX,4159;EPU_POLICY_TAX,4602;EPU_CATS_TAXES,363;EPU_CATS_TAXES,3314;EPU_CATS_TAXES,3461;EPU_CATS_TAXES,4014;EPU_CATS_TAXES,4159;EPU_CATS_TAXES,4602;WB_2767_EMPLOYMENT_ADMINISTRATIVE_DATA,1301;WB_2767_EMPLOYMENT_ADMINISTRATIVE_DATA,1880;WB_2760_EMPLOYMENT_TOOLS_AND_METHODS,1301;WB_2760_EMPLOYMENT_TOOLS_AND_METHODS,1880;TAX_FNCACT_AUCTIONEER,2706;RETIREMENT,442;RETIREMENT,1445;RETIREMENT,1988;RETIREMENT,2100;RETIREMENT,2263;RETIREMENT,3285;RETIREMENT,4093;RETIREMENT,5562;WB_2690_CATEGORIES_OF_EMPLOYMENT,442;WB_2690_CATEGORIES_OF_EMPLOYMENT,1445;WB_2690_CATEGORIES_OF_EMPLOYMENT,1988;WB_2690_CATEGORIES_OF_EMPLOYMENT,2100;WB_2690_CATEGORIES_OF_EMPLOYMENT,2263;WB_2690_CATEGORIES_OF_EMPLOYMENT,3285;WB_2690_CATEGORIES_OF_EMPLOYMENT,4093;WB_2690_CATEGORIES_OF_EMPLOYMENT,5562;WB_2896_RETIREMENT,442;WB_2896_RETIREMENT,1445;WB_2896_RETIREMENT,1988;WB_2896_RETIREMENT,2100;WB_2896_RETIREMENT,2263;WB_2896_RETIREMENT,3285;WB_2896_RETIREMENT,4093;WB_2896_RETIREMENT,5562;RETIREMENTS,2029;RETIREMENTS,5225;TAX_ETHNICITY_AMERICANS,2064;TAX_ETHNICITY_AMERICANS,5260;WB_1467_EDUCATION_FOR_ALL,1819;WB_470_EDUCATION,1819;WB_2131_EMPLOYABILITY_SKILLS_AND_JOBS,1819;WB_1484_EDUCATION_SKILLS_DEVELOPMENT_AND_LABOR_MARKET,1819;AFFECT,3431;LEGISLATION,5472;EPU_POLICY_LAW,5472;TAX_FNCACT_DAIRY_FARMER,854;WB_1973_FINANCIAL_RISK_REDUCTION,5574;WB_337_INSURANCE,5574;WB_1967_AGRICULTURAL_RISK_AND_SECURITY,5574;WB_435_AGRICULTURE_AND_FOOD_SECURITY,2861;WB_177_ANIMAL_PRODUCTION,2861;WB_1949_CLIMATE_SMART_AGRICULTURE,2861;TAX_ECON_PRICE,272;TAX_FNCACT_FARMER,854;TAX_FNCACT_FARMER,1394;TAX_FNCACT_FARMER,1857;TAX_FNCACT_FARMER,3224;TAX_FNCACT_FARMER,4029;CRISISLEX_C07_SAFETY,76;CRISISLEX_C07_SAFETY,379;CRISISLEX_C07_SAFETY,1108;CRISISLEX_C07_SAFETY,1294;CRISISLEX_C07_SAFETY,1510;CRISISLEX_C07_SAFETY,1687;CRISISLEX_C07_SAFETY,1873;CRISISLEX_C07_SAFETY,2433;CRISISLEX_C07_SAFETY,3240;CRISISLEX_C07_SAFETY,3971;CRISISLEX_C07_SAFETY,4235;CRISISLEX_C07_SAFETY,4742;CRISISLEX_C07_SAFETY,5046;CRISISLEX_C07_SAFETY,5336;EPU_ECONOMY_HISTORIC,1191;EPU_ECONOMY_HISTORIC,3376;EPU_ECONOMY_HISTORIC,3643;EPU_CATS_ENTITLEMENT_PROGRAMS,76;EPU_CATS_ENTITLEMENT_PROGRAMS,379;EPU_CATS_ENTITLEMENT_PROGRAMS,1108;EPU_CATS_ENTITLEMENT_PROGRAMS,1294;EPU_CATS_ENTITLEMENT_PROGRAMS,1510;EPU_CATS_ENTITLEMENT_PROGRAMS,1687;EPU_CATS_ENTITLEMENT_PROGRAMS,1873;EPU_CATS_ENTITLEMENT_PROGRAMS,2433;EPU_CATS_ENTITLEMENT_PROGRAMS,3240;EPU_CATS_ENTITLEMENT_PROGRAMS,3971;EPU_CATS_ENTITLEMENT_PROGRAMS,4235;EPU_CATS_ENTITLEMENT_PROGRAMS,4742;EPU_CATS_ENTITLEMENT_PROGRAMS,5046;EPU_CATS_ENTITLEMENT_PROGRAMS,5336;EPU_CATS_REGULATION,609;EPU_CATS_FINANCIAL_REGULATION,609;		1#Americans#US#US##39.828175#-98.5795#US#2064;1#Americans#US#US##39.828175#-98.5795#US#5260					1.05708245243129,4.22832980972516,3.17124735729387,7.39957716701903,24.3128964059197,1.26849894291755,866			https://hermes.media.static.aol.com/media/2026/09/08/f5339a07-3957-346b-9fe6-d82c7a17c887/9514a2bc-24b5-4a02-88f7-589f9c0ba12d.jpg								<PAGE_LINKS>https://247wallst.com/go/lp/advisor?i=0b6513e0-50d9-4ceb-b97f-be318764413d&p=4665da5c-b14b-4cd8-be7f-7e13d4c78b55&pos=mid_content&tpid=1643879&l=631e8caf-8749-4b2e-b4a4-c6951162b9b9;https://247wallst.com/go/lp/advisor?i=0b6513e0-50d9-4ceb-b97f-be318764413d&p=6850b931-cf05-42c1-86a8-58adba07d001&pos=keypoints&tpid=1643879&l=631e8caf-8749-4b2e-b4a4-c6951162b9b9;https://247wallst.com/go/lp/advisor?i=0b6513e0-50d9-4ceb-b97f-be318764413d&p=dac5ee72-e26f-42ba-94a4-c612392dd45c&pos=end_of_article&tpid=1643879</PAGE_LINKS><PAGE_AUTHORS>AOL</PAGE_AUTHORS><PAGE_PRECISEPUBTIMESTAMP>20260908220400</PAGE_PRECISEPUBTIMESTAMP><PAGE_TITLE>The Same Cow Brought Him $90,000 in Milk and $40,000 at Auction. Social Security Counted Only One.</PAGE_TITLE>
	20260908233000		aol.com	https://www.aol.com/articles/far-100-grocery-budget-goes-113005000.html				ECON_COST_OF_LIVING,2032;ECON_COST_OF_LIVING,2798;ECON_COST_OF_LIVING,3494;ECON_COST_OF_LIVING,4124;ECON_COST_OF_LIVING,4760;ECON_COST_OF_LIVING,5390;ECON_COST_OF_LIVING,6025;ECON_COST_OF_LIVING,6761;ECON_COST_OF_LIVING,7395;ECON_COST_OF_LIVING,8034;ECON_COST_OF_LIVING,8654;ECON_COST_OF_LIVING,9275;ECON_COST_OF_LIVING,10000;ECON_COST_OF_LIVING,10641;ECON_COST_OF_LIVING,11258;ECON_COST_OF_LIVING,11890;ECON_COST_OF_LIVING,12509;ECON_COST_OF_LIVING,13234;ECON_COST_OF_LIVING,13864;ECON_COST_OF_LIVING,14481;ECON_COST_OF_LIVING,15111;ECON_COST_OF_LIVING,15730;ECON_COST_OF_LIVING,16358;ECON_COST_OF_LIVING,16999;ECON_COST_OF_LIVING,17631;ECON_COST_OF_LIVING,18262;ECON_COST_OF_LIVING,18894;ECON_COST_OF_LIVING,19520;ECON_COST_OF_LIVING,20142;ECON_COST_OF_LIVING,20759;ECON_COST_OF_LIVING,21390;ECON_COST_OF_LIVING,22009;ECON_COST_OF_LIVING,22732;ECON_COST_OF_LIVING,23367;ECON_COST_OF_LIVING,24000;ECON_COST_OF_LIVING,24631;ECON_COST_OF_LIVING,25261;ECON_COST_OF_LIVING,25971;ECON_COST_OF_LIVING,26606;ECON_COST_OF_LIVING,27233;ECON_COST_OF_LIVING,27874;ECON_COST_OF_LIVING,28491;ECON_COST_OF_LIVING,29223;ECON_COST_OF_LIVING,29843;ECON_COST_OF_LIVING,30491;ECON_COST_OF_LIVING,31124;ECON_COST_OF_LIVING,31764;ECON_COST_OF_LIVING,32495;ECON_COST_OF_LIVING,33130;ECON_COST_OF_LIVING,33751;AFFECT,2722;EPU_POLICY_BUDGET,138;EPU_POLICY_BUDGET,678;EPU_POLICY_BUDGET,812;EPU_POLICY_BUDGET,995;EPU_POLICY_BUDGET,1163;EPU_POLICY_BUDGET,1775;TAX_WORLDLANGUAGES_MASSACHUSETTS,25237;TAX_FOODSTAPLES_MILK,2254;TAX_FOODSTAPLES_MILK,2522;TAX_FOODSTAPLES_MILK,3020;TAX_FOODSTAPLES_MILK,3288;TAX_FOODSTAPLES_MILK,3716;TAX_FOODSTAPLES_MILK,3984;TAX_FOODSTAPLES_MILK,4346;TAX_FOODSTAPLES_MILK,4614;TAX_FOODSTAPLES_MILK,4982;TAX_FOODSTAPLES_MILK,5250;TAX_FOODSTAPLES_MILK,5612;TAX_FOODSTAPLES_MILK,5880;TAX_FOODSTAPLES_MILK,6247;TAX_FOODSTAPLES_MILK,6515;TAX_FOODSTAPLES_MILK,6983;TAX_FOODSTAPLES_MILK,7248;TAX_FOODSTAPLES_MILK,7617;TAX_FOODSTAPLES_MILK,7885;TAX_FOODSTAPLES_MILK,8256;TAX_FOODSTAPLES_MILK,8524;TAX_FOODSTAPLES_MILK,8876;TAX_FOODSTAPLES_MILK,9144;TAX_FOODSTAPLES_MILK,9503;TAX_FOODSTAPLES_MILK,9771;TAX_FOODSTAPLES_MILK,10222;TAX_FOODSTAPLES_MILK,10490;TAX_FOODSTAPLES_MILK,10863;TAX_FOODSTAPLES_MILK,11131;TAX_FOODSTAPLES_MILK,11480;TAX_FOODSTAPLES_MILK,11748;TAX_FOODSTAPLES_MILK,12112;TAX_FOODSTAPLES_MILK,12380;TAX_FOODSTAPLES_MILK,12731;TAX_FOODSTAPLES_MILK,12999;TAX_FOODSTAPLES_MILK,13456;TAX_FOODSTAPLES_MILK,13724;TAX_FOODSTAPLES_MILK,14086;TAX_FOODSTAPLES_MILK,14354;TAX_FOODSTAPLES_MILK,14703;TAX_FOODSTAPLES_MILK,14971;TAX_FOODSTAPLES_MILK,15333;TAX_FOODSTAPLES_MILK,15601;TAX_FOODSTAPLES_MILK,15952;TAX_FOODSTAPLES_MILK,16220;TAX_FOODSTAPLES_MILK,16580;TAX_FOODSTAPLES_MILK,16848;TAX_FOODSTAPLES_MILK,17221;TAX_FOODSTAPLES_MILK,17489;TAX_FOODSTAPLES_MILK,17848;TAX_FOODSTAPLES_MILK,18116;TAX_FOODSTAPLES_MILK,18479;TAX_FOODSTAPLES_MILK,18747;TAX_FOODSTAPLES_MILK,19116;TAX_FOODSTAPLES_MILK,19384;TAX_FOODSTAPLES_MILK,19742;TAX_FOODSTAPLES_MILK,20010;TAX_FOODSTAPLES_MILK,20364;TAX_FOODSTAPLES_MILK,20632;TAX_FOODSTAPLES_MILK,20981;TAX_FOODSTAPLES_MILK,21249;TAX_FOODSTAPLES_MILK,21612;TAX_FOODSTAPLES_MILK,21880;TAX_FOODSTAPLES_MILK,22231;TAX_FOODSTAPLES_MILK,22499;TAX_FOODSTAPLES_MILK,22954;TAX_FOODSTAPLES_MILK,23222;TAX_FOODSTAPLES_MILK,23589;TAX_FOODSTAPLES_MILK,23857;TAX_FOODSTAPLES_MILK,24222;TAX_FOODSTAPLES_MILK,24490;TAX_FOODSTAPLES_MILK,24853;TAX_FOODSTAPLES_MILK,25121;TAX_FOODSTAPLES_MILK,25483;TAX_FOODSTAPLES_MILK,25751;TAX_FOODSTAPLES_MILK,26193;TAX_FOODSTAPLES_MILK,26461;TAX_FOODSTAPLES_MILK,26828;TAX_FOODSTAPLES_MILK,27096;TAX_FOODSTAPLES_MILK,27455;TAX_FOODSTAPLES_MILK,27723;TAX_FOODSTAPLES_MILK,28096;TAX_FOODSTAPLES_MILK,28364;TAX_FOODSTAPLES_MILK,28713;TAX_FOODSTAPLES_MILK,28981;TAX_FOODSTAPLES_MILK,29445;TAX_FOODSTAPLES_MILK,29713;TAX_FOODSTAPLES_MILK,30065;TAX_FOODSTAPLES_MILK,30333;TAX_FOODSTAPLES_MILK,30710;TAX_FOODSTAPLES_MILK,30978;TAX_FOODSTAPLES_MILK,31343;TAX_FOODSTAPLES_MILK,31611;TAX_FOODSTAPLES_MILK,31986;TAX_FOODSTAPLES_MILK,32254;TAX_FOODSTAPLES_MILK,32717;TAX_FOODSTAPLES_MILK,32985;TAX_FOODSTAPLES_MILK,33352;TAX_FOODSTAPLES_MILK,33620;TAX_FOODSTAPLES_MILK,33973;TAX_FOODSTAPLES_MILK,34241;MANMADE_DISASTER_IMPLIED,9869;MANMADE_DISASTER_IMPLIED,13103;LEGISLATION,25839;EPU_POLICY_LAW,25839;TAX_ECON_PRICE,161;TAX_ECON_PRICE,539;TAX_ECON_PRICE,866;TAX_ECON_PRICE,1018;TAX_ECON_PRICE,1194;TAX_ECON_PRICE,2022;TAX_ECON_PRICE,2050;TAX_ECON_PRICE,2339;TAX_ECON_PRICE,2393;TAX_ECON_PRICE,2441;TAX_ECON_PRICE,2507;TAX_ECON_PRICE,2558;TAX_ECON_PRICE,2788;TAX_ECON_PRICE,2816;TAX_ECON_PRICE,3105;TAX_ECON_PRICE,3159;TAX_ECON_PRICE,3207;TAX_ECON_PRICE,3273;TAX_ECON_PRICE,3324;TAX_ECON_PRICE,3484;TAX_ECON_PRICE,3512;TAX_ECON_PRICE,3801;TAX_ECON_PRICE,3855;TAX_ECON_PRICE,3903;TAX_ECON_PRICE,3969;TAX_ECON_PRICE,4020;TAX_ECON_PRICE,4114;TAX_ECON_PRICE,4142;TAX_ECON_PRICE,4431;TAX_ECON_PRICE,4485;TAX_ECON_PRICE,4533;TAX_ECON_PRICE,4599;TAX_ECON_PRICE,4650;TAX_ECON_PRICE,4750;TAX_ECON_PRICE,4778;TAX_ECON_PRICE,5067;TAX_ECON_PRICE,5121;TAX_ECON_PRICE,5169;TAX_ECON_PRICE,5235;TAX_ECON_PRICE,5286;TAX_ECON_PRICE,5380;TAX_ECON_PRICE,5408;TAX_ECON_PRICE,5697;TAX_ECON_PRICE,5751;TAX_ECON_PRICE,5799;TAX_ECON_PRICE,5865;TAX_ECON_PRICE,5916;TAX_ECON_PRICE,6015;TAX_ECON_PRICE,6043;TAX_ECON_PRICE,6332;TAX_ECON_PRICE,6386;TAX_ECON_PRICE,6434;TAX_ECON_PRICE,6500;TAX_ECON_PRICE,6551;TAX_ECON_PRICE,6751;TAX_ECON_PRICE,6779;TAX_ECON_PRICE,7065;TAX_ECON_PRICE,7119;TAX_ECON_PRICE,7167;TAX_ECON_PRICE,7233;TAX_ECON_PRICE,7284;TAX_ECON_PRICE,7385;TAX_ECON_PRICE,7413;TAX_ECON_PRICE,7702;TAX_ECON_PRICE,7756;TAX_ECON_PRICE,7804;TAX_ECON_PRICE,7870;TAX_ECON_PRICE,7921;TAX_ECON_PRICE,8024;TAX_ECON_PRICE,8052;TAX_ECON_PRICE,8341;TAX_ECON_PRICE,8395;TAX_ECON_PRICE,8443;TAX_ECON_PRICE,8509;TAX_ECON_PRICE,8560;TAX_ECON_PRICE,8644;TAX_ECON_PRICE,8672;TAX_ECON_PRICE,8961;TAX_ECON_PRICE,9015;TAX_ECON_PRICE,9063;TAX_ECON_PRICE,9129;TAX_ECON_PRICE,9180;TAX_ECON_PRICE,9265;TAX_ECON_PRICE,9293;TAX_ECON_PRICE,9588;TAX_ECON_PRICE,9642;TAX_ECON_PRICE,9690;TAX_ECON_PRICE,9756;TAX_ECON_PRICE,9807;TAX_ECON_PRICE,9990;TAX_ECON_PRICE,10018;TAX_ECON_PRICE,10307;TAX_ECON_PRICE,10361;TAX_ECON_PRICE,10409;TAX_ECON_PRICE,10475;TAX_ECON_PRICE,10526;TAX_ECON_PRICE,10631;TAX_ECON_PRICE,10659;TAX_ECON_PRICE,10948;TAX_ECON_PRICE,11002;TAX_ECON_PRICE,11050;TAX_ECON_PRICE,11116;TAX_ECON_PRICE,11167;TAX_ECON_PRICE,11248;TAX_ECON_PRICE,11276;TAX_ECON_PRICE,11565;TAX_ECON_PRICE,11619;TAX_ECON_PRICE,11667;TAX_ECON_PRICE,11733;TAX_ECON_PRICE,11784;TAX_ECON_PRICE,11880;TAX_ECON_PRICE,11908;TAX_ECON_PRICE,12197;TAX_ECON_PRICE,12251;TAX_ECON_PRICE,12299;TAX_ECON_PRICE,12365;TAX_ECON_PRICE,12416;TAX_ECON_PRICE,12499;TAX_ECON_PRICE,12527;TAX_ECON_PRICE,12816;TAX_ECON_PRICE,12870;TAX_ECON_PRICE,12918;TAX_ECON_PRICE,12984;TAX_ECON_PRICE,13035;TAX_ECON_PRICE,13224;TAX_ECON_PRICE,13252;TAX_ECON_PRICE,13541;TAX_ECON_PRICE,13595;TAX_ECON_PRICE,13643;TAX_ECON_PRICE,13709;TAX_ECON_PRICE,13760;TAX_ECON_PRICE,13854;TAX_ECON_PRICE,13882;TAX_ECON_PRICE,14171;TAX_ECON_PRICE,14225;TAX_ECON_PRICE,14273;TAX_ECON_PRICE,14339;TAX_ECON_PRICE,14390;TAX_ECON_PRICE,14471;TAX_ECON_PRICE,14499;TAX_ECON_PRICE,14788;TAX_ECON_PRICE,14842;TAX_ECON_PRICE,14890;TAX_ECON_PRICE,14956;TAX_ECON_PRICE,15007;TAX_ECON_PRICE,15101;TAX_ECON_PRICE,15129;TAX_ECON_PRICE,15418;TAX_ECON_PRICE,15472;TAX_ECON_PRICE,15520;TAX_ECON_PRICE,15586;TAX_ECON_PRICE,15637;TAX_ECON_PRICE,15720;TAX_ECON_PRICE,15748;TAX_ECON_PRICE,16037;TAX_ECON_PRICE,16091;TAX_ECON_PRICE,16139;TAX_ECON_PRICE,16205;TAX_ECON_PRICE,16256;TAX_ECON_PRICE,16348;TAX_ECON_PRICE,16376;TAX_ECON_PRICE,16665;TAX_ECON_PRICE,16719;TAX_ECON_PRICE,16767;TAX_ECON_PRICE,16833;TAX_ECON_PRICE,16884;TAX_ECON_PRICE,16989;TAX_ECON_PRICE,17017;TAX_ECON_PRICE,17306;TAX_ECON_PRICE,17360;TAX_ECON_PRICE,17408;TAX_ECON_PRICE,17474;TAX_ECON_PRICE,17525;TAX_ECON_PRICE,17621;TAX_ECON_PRICE,17649;TAX_ECON_PRICE,17933;TAX_ECON_PRICE,17987;TAX_ECON_PRICE,18035;TAX_ECON_PRICE,18101;TAX_ECON_PRICE,18152;TAX_ECON_PRICE,18252;TAX_ECON_PRICE,18280;TAX_ECON_PRICE,18564;TAX_ECON_PRICE,18618;TAX_ECON_PRICE,18666;TAX_ECON_PRICE,18732;TAX_ECON_PRICE,18783;TAX_ECON_PRICE,18884;TAX_ECON_PRICE,18912;TAX_ECON_PRICE,19201;TAX_ECON_PRICE,19255;TAX_ECON_PRICE,19303;TAX_ECON_PRICE,19369;TAX_ECON_PRICE,19420;TAX_ECON_PRICE,19510;TAX_ECON_PRICE,19538;TAX_ECON_PRICE,19827;TAX_ECON_PRICE,19881;TAX_ECON_PRICE,19929;TAX_ECON_PRICE,19995;TAX_ECON_PRICE,20046;TAX_ECON_PRICE,20132;TAX_ECON_PRICE,20160;TAX_ECON_PRICE,20449;TAX_ECON_PRICE,20503;TAX_ECON_PRICE,20551;TAX_ECON_PRICE,20617;TAX_ECON_PRICE,20668;TAX_ECON_PRICE,20749;TAX_ECON_PRICE,20777;TAX_ECON_PRICE,21066;TAX_ECON_PRICE,21120;TAX_ECON_PRICE,21168;TAX_ECON_PRICE,21234;TAX_ECON_PRICE,21285;TAX_ECON_PRICE,21380;TAX_ECON_PRICE,21408;TAX_ECON_PRICE,21697;TAX_ECON_PRICE,21751;TAX_ECON_PRICE,21799;TAX_ECON_PRICE,21865;TAX_ECON_PRICE,21916;TAX_ECON_PRICE,21999;TAX_ECON_PRICE,22027;TAX_ECON_PRICE,22316;TAX_ECON_PRICE,22370;TAX_ECON_PRICE,22418;TAX_ECON_PRICE,22484;TAX_ECON_PRICE,22535;TAX_ECON_PRICE,22722;TAX_ECON_PRICE,22750;TAX_ECON_PRICE,23039;TAX_ECON_PRICE,23093;TAX_ECON_PRICE,23141;TAX_ECON_PRICE,23207;TAX_ECON_PRICE,23258;TAX_ECON_PRICE,23357;TAX_ECON_PRICE,23385;TAX_ECON_PRICE,23674;TAX_ECON_PRICE,23728;TAX_ECON_PRICE,23776;TAX_ECON_PRICE,23842;TAX_ECON_PRICE,23893;TAX_ECON_PRICE,23990;TAX_ECON_PRICE,24018;TAX_ECON_PRICE,24307;TAX_ECON_PRICE,24361;TAX_ECON_PRICE,24409;TAX_ECON_PRICE,24475;TAX_ECON_PRICE,24526;TAX_ECON_PRICE,24621;TAX_ECON_PRICE,24649;TAX_ECON_PRICE,24938;TAX_ECON_PRICE,24992;TAX_ECON_PRICE,25040;TAX_ECON_PRICE,25106;TAX_ECON_PRICE,25157;TAX_ECON_PRICE,25251;TAX_ECON_PRICE,25279;TAX_ECON_PRICE,25568;TAX_ECON_PRICE,25622;TAX_ECON_PRICE,25670;TAX_ECON_PRICE,25736;TAX_ECON_PRICE,25787;TAX_ECON_PRICE,25961;TAX_ECON_PRICE,25989;TAX_ECON_PRICE,26278;TAX_ECON_PRICE,26332;TAX_ECON_PRICE,26380;TAX_ECON_PRICE,26446;TAX_ECON_PRICE,26497;TAX_ECON_PRICE,26596;TAX_ECON_PRICE,26624;TAX_ECON_PRICE,26913;TAX_ECON_PRICE,26967;TAX_ECON_PRICE,27015;TAX_ECON_PRICE,27081;TAX_ECON_PRICE,27132;TAX_ECON_PRICE,27223;TAX_ECON_PRICE,27251;TAX_ECON_PRICE,27540;TAX_ECON_PRICE,27594;TAX_ECON_PRICE,27642;TAX_ECON_PRICE,27708;TAX_ECON_PRICE,27759;TAX_ECON_PRICE,27864;TAX_ECON_PRICE,27892;TAX_ECON_PRICE,28181;TAX_ECON_PRICE,28235;TAX_ECON_PRICE,28283;TAX_ECON_PRICE,28349;TAX_ECON_PRICE,28400;TAX_ECON_PRICE,28481;TAX_ECON_PRICE,28509;TAX_ECON_PRICE,28798;TAX_ECON_PRICE,28852;TAX_ECON_PRICE,28900;TAX_ECON_PRICE,28966;TAX_ECON_PRICE,29017;TAX_ECON_PRICE,29213;TAX_ECON_PRICE,29241;TAX_ECON_PRICE,29530;TAX_ECON_PRICE,29584;TAX_ECON_PRICE,29632;TAX_ECON_PRICE,29698;TAX_ECON_PRICE,29749;TAX_ECON_PRICE,29833;TAX_ECON_PRICE,29861;TAX_ECON_PRICE,30150;TAX_ECON_PRICE,30204;TAX_ECON_PRICE,30252;TAX_ECON_PRICE,30318;TAX_ECON_PRICE,30369;TAX_ECON_PRICE,30481;TAX_ECON_PRICE,30509;TAX_ECON_PRICE,30795;TAX_ECON_PRICE,30849;TAX_ECON_PRICE,30897;TAX_ECON_PRICE,30963;TAX_ECON_PRICE,31014;TAX_ECON_PRICE,31114;TAX_ECON_PRICE,31142;TAX_ECON_PRICE,31428;TAX_ECON_PRICE,31482;TAX_ECON_PRICE,31530;TAX_ECON_PRICE,31596;TAX_ECON_PRICE,31647;TAX_ECON_PRICE,31754;TAX_ECON_PRICE,31782;TAX_ECON_PRICE,32071;TAX_ECON_PRICE,32125;TAX_ECON_PRICE,32173;TAX_ECON_PRICE,32239;TAX_ECON_PRICE,32290;TAX_ECON_PRICE,32485;TAX_ECON_PRICE,32513;TAX_ECON_PRICE,32802;TAX_ECON_PRICE,32856;TAX_ECON_PRICE,32904;TAX_ECON_PRICE,32970;TAX_ECON_PRICE,33021;TAX_ECON_PRICE,33120;TAX_ECON_PRICE,33148;TAX_ECON_PRICE,33437;TAX_ECON_PRICE,33491;TAX_ECON_PRICE,33539;TAX_ECON_PRICE,33605;TAX_ECON_PRICE,33656;TAX_ECON_PRICE,33741;TAX_ECON_PRICE,33769;TAX_ECON_PRICE,34058;TAX_ECON_PRICE,34112;TAX_ECON_PRICE,34160;TAX_ECON_PRICE,34226;TAX_ECON_PRICE,34277;TAX_ETHNICITY_AMERICANS,1292;TAX_ETHNICITY_AMERICANS,1457;TAX_ETHNICITY_AMERICANS,13141;TAX_FOODSTAPLES_EGGS,1354;TAX_FOODSTAPLES_EGGS,2215;TAX_FOODSTAPLES_EGGS,2475;TAX_FOODSTAPLES_EGGS,2981;TAX_FOODSTAPLES_EGGS,3241;TAX_FOODSTAPLES_EGGS,3677;TAX_FOODSTAPLES_EGGS,3937;TAX_FOODSTAPLES_EGGS,4307;TAX_FOODSTAPLES_EGGS,4567;TAX_FOODSTAPLES_EGGS,4943;TAX_FOODSTAPLES_EGGS,5203;TAX_FOODSTAPLES_EGGS,5573;TAX_FOODSTAPLES_EGGS,5833;TAX_FOODSTAPLES_EGGS,6208;TAX_FOODSTAPLES_EGGS,6468;TAX_FOODSTAPLES_EGGS,6944;TAX_FOODSTAPLES_EGGS,7201;TAX_FOODSTAPLES_EGGS,7578;TAX_FOODSTAPLES_EGGS,7838;TAX_FOODSTAPLES_EGGS,8217;TAX_FOODSTAPLES_EGGS,8477;TAX_FOODSTAPLES_EGGS,8837;TAX_FOODSTAPLES_EGGS,9097;TAX_FOODSTAPLES_EGGS,9464;TAX_FOODSTAPLES_EGGS,9724;TAX_FOODSTAPLES_EGGS,10183;TAX_FOODSTAPLES_EGGS,10443;TAX_FOODSTAPLES_EGGS,10824;TAX_FOODSTAPLES_EGGS,11084;TAX_FOODSTAPLES_EGGS,11441;TAX_FOODSTAPLES_EGGS,11701;TAX_FOODSTAPLES_EGGS,12073;TAX_FOODSTAPLES_EGGS,12333;TAX_FOODSTAPLES_EGGS,12692;TAX_FOODSTAPLES_EGGS,12952;TAX_FOODSTAPLES_EGGS,13417;TAX_FOODSTAPLES_EGGS,13677;TAX_FOODSTAPLES_EGGS,14047;TAX_FOODSTAPLES_EGGS,14307;TAX_FOODSTAPLES_EGGS,14664;TAX_FOODSTAPLES_EGGS,14924;TAX_FOODSTAPLES_EGGS,15294;TAX_FOODSTAPLES_EGGS,15554;TAX_FOODSTAPLES_EGGS,15913;TAX_FOODSTAPLES_EGGS,16173;TAX_FOODSTAPLES_EGGS,16541;TAX_FOODSTAPLES_EGGS,16801;TAX_FOODSTAPLES_EGGS,17182;TAX_FOODSTAPLES_EGGS,17442;TAX_FOODSTAPLES_EGGS,17809;TAX_FOODSTAPLES_EGGS,18069;TAX_FOODSTAPLES_EGGS,18440;TAX_FOODSTAPLES_EGGS,18700;TAX_FOODSTAPLES_EGGS,19077;TAX_FOODSTAPLES_EGGS,19337;TAX_FOODSTAPLES_EGGS,19703;TAX_FOODSTAPLES_EGGS,19963;TAX_FOODSTAPLES_EGGS,20325;TAX_FOODSTAPLES_EGGS,20585;TAX_FOODSTAPLES_EGGS,20942;TAX_FOODSTAPLES_EGGS,21202;TAX_FOODSTAPLES_EGGS,21573;TAX_FOODSTAPLES_EGGS,21833;TAX_FOODSTAPLES_EGGS,22192;TAX_FOODSTAPLES_EGGS,22452;TAX_FOODSTAPLES_EGGS,22915;TAX_FOODSTAPLES_EGGS,23175;TAX_FOODSTAPLES_EGGS,23550;TAX_FOODSTAPLES_EGGS,23810;TAX_FOODSTAPLES_EGGS,24183;TAX_FOODSTAPLES_EGGS,24443;TAX_FOODSTAPLES_EGGS,24814;TAX_FOODSTAPLES_EGGS,25074;TAX_FOODSTAPLES_EGGS,25444;TAX_FOODSTAPLES_EGGS,25704;TAX_FOODSTAPLES_EGGS,26154;TAX_FOODSTAPLES_EGGS,26414;TAX_FOODSTAPLES_EGGS,26789;TAX_FOODSTAPLES_EGGS,27049;TAX_FOODSTAPLES_EGGS,27416;TAX_FOODSTAPLES_EGGS,27676;TAX_FOODSTAPLES_EGGS,28057;TAX_FOODSTAPLES_EGGS,28317;TAX_FOODSTAPLES_EGGS,28674;TAX_FOODSTAPLES_EGGS,28934;TAX_FOODSTAPLES_EGGS,29406;TAX_FOODSTAPLES_EGGS,29666;TAX_FOODSTAPLES_EGGS,30026;TAX_FOODSTAPLES_EGGS,30286;TAX_FOODSTAPLES_EGGS,30671;TAX_FOODSTAPLES_EGGS,30931;TAX_FOODSTAPLES_EGGS,31304;TAX_FOODSTAPLES_EGGS,31564;TAX_FOODSTAPLES_EGGS,31947;TAX_FOODSTAPLES_EGGS,32207;TAX_FOODSTAPLES_EGGS,32678;TAX_FOODSTAPLES_EGGS,32938;TAX_FOODSTAPLES_EGGS,33313;TAX_FOODSTAPLES_EGGS,33573;TAX_FOODSTAPLES_EGGS,33934;TAX_FOODSTAPLES_EGGS,34194;TAX_WORLDFISH_SHARK,2630;TAX_FOODSTAPLES_MEAT,1330;USPEC_POLICY1,27;		2#Arkansas, United States#US#USAR##34.9513#-92.3809#AR#735;2#Arkansas, United States#US#USAR##34.9513#-92.3809#AR#893;2#Arkansas, United States#US#USAR##34.9513#-92.3809#AR#2008;2#Wisconsin, United States#US#USWI##44.2563#-89.6385#WI#18870;2#Utah, United States#US#USUT##40.1135#-111.854#UT#1089;2#Utah, United States#US#USUT##40.1135#-111.854#UT#1171;2#Utah, United States#US#USUT##40.1135#-111.854#UT#6737;2#Arizona, United States#US#USAZ##33.7712#-111.388#AZ#20735;2#Hawaii, United States#US#USHI##21.1098#-157.531#HI#939;2#Hawaii, United States#US#USHI##21.1098#-157.531#HI#972;2#Hawaii, United States#US#USHI##21.1098#-157.531#HI#1714;2#Hawaii, United States#US#USHI##21.1098#-157.531#HI#33727;2#Tennessee, United States#US#USTN##35.7449#-86.7489#TN#9251;2#Colorado, United States#US#USCO##39.0646#-105.327#CO#22708;2#Pennsylvania, United States#US#USPA##40.5773#-77.264#PA#17607;2#New Hampshire, United States#US#USNH##43.4108#-71.5653#NH#16334;2#Rhode Island, United States#US#USRI##41.6772#-71.5101#RI#1529;2#Rhode Island, United States#US#USRI##41.6772#-71.5101#RI#27850;2#Virginia, United States#US#USVA##37.768#-78.2057#VA#8010;2#Virginia, United States#US#USVA##37.768#-78.2057#VA#21985;2#New York, United States#US#USNY##42.1497#-74.9384#NY#25947;2#Montana, United States#US#USMT##46.9048#-110.326#MT#19496;2#North Dakota, United States#US#USND##47.5362#-99.793#ND#764;2#North Dakota, United States#US#USND##47.5362#-99.793#ND#929;2#North Dakota, United States#US#USND##47.5362#-99.793#ND#3470;2#Ohio, United States#US#USOH##40.3736#-82.7755#OH#13840;2#Oregon, United States#US#USOR##44.5672#-122.127#OR#1600;2#Oregon, United States#US#USOR##44.5672#-122.127#OR#29819;3#Washington, Washington, United States#US#USDC#DC001#38.8951#-77.0364#531871#1568;3#Washington, Washington, United States#US#USDC#DC001#38.8951#-77.0364#531871#29184;2#New Jersey, United States#US#USNJ##40.314#-74.5089#NJ#27209;2#Florida, United States#US#USFL##27.8333#-81.717#FL#1547;2#Florida, United States#US#USFL##27.8333#-81.717#FL#28467;2#Mississippi, United States#US#USMS##32.7673#-89.6812#MS#749;2#Mississippi, United States#US#USMS##32.7673#-89.6812#MS#914;2#Mississippi, United States#US#USMS##32.7673#-89.6812#MS#2774;2#Idaho, United States#US#USID##44.2394#-114.51#ID#9976;2#Texas, United States#US#USTX##31.106#-97.6475#TX#4100;2#Vermont, United States#US#USVT##44.0407#-72.7093#VT#1680;2#Vermont, United States#US#USVT##44.0407#-72.7093#VT#32471;2#South Dakota, United States#US#USSD##44.2853#-99.4632#SD#10617;2#Indiana, United States#US#USIN##39.8647#-86.2604#IN#15087;2#Missouri, United States#US#USMO##38.4623#-92.302#MO#5366;2#Iowa, United States#US#USIA##42.0046#-93.214#IA#12485;2#Massachusetts, United States#US#USMA##42.2373#-71.5314#MA#25237;2#Maine, United States#US#USME##44.6074#-69.3977#ME#24607;2#Alaska, United States#US#USAK##61.385#-152.268#AK#1043;2#Alaska, United States#US#USAK##61.385#-152.268#AK#1697;2#Alaska, United States#US#USAK##61.385#-152.268#AK#33106;2#Delaware, United States#US#USDE##39.3498#-75.5148#DE#26582;2#California, United States#US#USCA##36.17#-119.746#CA#1662;2#California, United States#US#USCA##36.17#-119.746#CA#31740;2#Minnesota, United States#US#USMN##45.7326#-93.9196#MN#21366;2#Nebraska, United States#US#USNE##41.1289#-98.2883#NE#13210;2#Georgia, United States#US#USGA##32.9866#-83.6487#GA#11866;2#Kentucky, United States#US#USKY##37.669#-84.6514#KY#15706;1#United States#US#US##39.828175#-98.5795#US#109;1#United States#US#US##39.828175#-98.5795#US#1583;1#United States#US#US##39.828175#-98.5795#US#29199;2#Oklahoma, United States#US#USOK##35.5376#-96.9247#OK#4736;1#Americans#US#US##39.828175#-98.5795#US#1292;1#Americans#US#US##39.828175#-98.5795#US#1457;1#Americans#US#US##39.828175#-98.5795#US#13141;2#Kansas, United States#US#USKS##38.5111#-96.8005#KS#6001;1#America#US#US##39.828175#-98.5795#US#56;2#South Carolina, United States#US#USSC##33.8191#-80.9066#SC#18238;2#Louisiana, United States#US#USLA##31.1801#-91.8749#LA#7371;2#Alabama, United States#US#USAL##32.799#-86.8073#AL#11234;2#Nevada, United States#US#USNV##38.4199#-117.122#NV#23976;2#West Virginia, United States#US#USWV##38.468#-80.9696#WV#8010;2#Maryland, United States#US#USMD##39.0724#-76.7902#MD#1641;2#Maryland, United States#US#USMD##39.0724#-76.7902#MD#31100;2#Connecticut, United States#US#USCT##41.5834#-72.7622#CT#1622;2#Connecticut, United States#US#USCT##41.5834#-72.7622#CT#30467;2#New Mexico, United States#US#USNM##34.8375#-106.237#NM#8630;2#North Carolina, United States#US#USNC##35.6411#-79.8431#NC#20118;2#Illinois, United States#US#USIL##40.3363#-89.0022#IL#23343;2#Wyoming, United States#US#USWY##42.7475#-107.209#WY#16975;2#Michigan, United States#US#USMI##43.3504#-84.5603#MI#14457					1.92813321647677,1.99824715162138,0.07011393514461,2.06836108676599,29.1498685363716,0.105170902716915,3815			https://hermes.media.static.aol.com/media/2026/08/02/3a30836e-d9cf-3757-9b48-b76f6491e7a4/460a77b8-f099-4f26-854d-916130e3069a.jpg								<PAGE_LINKS>https://www.gobankingrates.com/build-lasting-wealth-2444387/;https://www.gobankingrates.com/genius-wealthy-people-know-2058491/;https://www.gobankingrates.com/money/economy/heres-how-much-cash-you-need-stashed-to-survive-a-recession-in-the-midwest/;https://www.gobankingrates.com/money/financial-planning/suze-orman-the-first-bill-you-need-to-pay-each-month/;https://www.gobankingrates.com/original-research-center/;https://www.gobankingrates.com/retirees-earn-income-home-2568258/;https://www.gobankingrates.com/saving-money/budgeting/budgeting-guide/;https://www.gobankingrates.com/saving-money/budgeting/new-law-could-make-electricity-bills-skyrocket-in-these-states/;https://www.gobankingrates.com/saving-money/budgeting/smart-ways-frugal-people-living-already-recession/;https://www.gobankingrates.com/saving-money/savings-advice/frugal-habits-of-shark-tank-stars/;https://www.gobankingrates.com/saving-money/savings-advice/senior-discounts-you-are-missing-out-on/;https://www.gobankingrates.com/top-alternative-investments-1270486/;https://www.gobankingrates.com/unusual-ways-actually-work-2061686/;https://www.gobankingrates.com/wealth-building-shortcuts-2685479/</PAGE_LINKS><PAGE_AUTHORS>AOL</PAGE_AUTHORS><PAGE_PRECISEPUBTIMESTAMP>20260505113000</PAGE_PRECISEPUBTIMESTAMP><PAGE_TITLE>How Far a $100 Grocery Budget Goes in Every State</PAGE_TITLE>
	20260908233000		wfnt.com	https://wfnt.com/ixp/87/p/greg-streeter-burton-legacy/				WB_2670_JOBS,1471;WB_1467_EDUCATION_FOR_ALL,1471;WB_470_EDUCATION,1471;WB_2131_EMPLOYABILITY_SKILLS_AND_JOBS,1471;WB_1484_EDUCATION_SKILLS_DEVELOPMENT_AND_LABOR_MARKET,1471;TAX_FNCACT_VETERAN,1391;MANMADE_DISASTER_IMPLIED,1046;EPU_ECONOMY_HISTORIC,900;MEDIA_MSM,1269;MEDIA_MSM,1383;MEDIA_MSM,1466;TAX_FNCACT_BUSINESSMAN,2946;TAX_FNCACT_NEWSBOYS,2446;TAX_FNCACT_NEWSBOYS,2545;TAX_FNCACT_MAN,1242;CRISISLEX_T11_UPDATESSYMPATHY,3395;MEDIA_SOCIAL,3746;MEDIA_SOCIAL,3997;MEDIA_SOCIAL,4135;CRISISLEX_T03_DEAD,710;CRISISLEX_T03_DEAD,998;TAX_FNCACT_SUPPORTERS,2322;		2#Michigan, United States#US#USMI##43.3504#-84.5603#MI#1920;2#Michigan, United States#US#USMI##43.3504#-84.5603#MI#2231;2#Michigan, United States#US#USMI##43.3504#-84.5603#MI#3197;2#Michigan, United States#US#USMI##43.3504#-84.5603#MI#3897;3#Grand Hotel, Michigan, United States#US#USMI#MI097#45.8509#-84.6261#2500658#1288;3#Grand Hotel, Michigan, United States#US#USMI#MI097#45.8509#-84.6261#2500658#1653;3#Grand Hotel, Michigan, United States#US#USMI#MI097#45.8509#-84.6261#2500658#1855;3#Grand Hotel, Michigan, United States#US#USMI#MI097#45.8509#-84.6261#2500658#3484;3#Grand Hotel, Michigan, United States#US#USMI#MI097#45.8509#-84.6261#2500658#3760;3#Grand Hotel, Michigan, United States#US#USMI#MI097#45.8509#-84.6261#2500658#4011					2.8657616892911,4.52488687782805,1.65912518853695,6.18401206636501,25.1885369532428,1.20663650075415,618			https://townsquare.media/site/87/files/2026/09/attachment-attachment-untitled-design-83-1.webp?&q=75&format=natural								<PAGE_LINKS>https://wcrz.com/mackinac-island-grand-hotel-pool/;https://wcrz.com/streeter-brothers-old-newsboys-annual-fundraiser/;https://wcrz.com/tags/genesee-county/</PAGE_LINKS><PAGE_AUTHORS>Jeremy Fenech</PAGE_AUTHORS><PAGE_PRECISEPUBTIMESTAMP>20260908182800</PAGE_PRECISEPUBTIMESTAMP><PAGE_TITLE>Burton Community Mourns Concrete Contractor Greg Streeter</PAGE_TITLE>
	20260908233000		waer.org	https://www.waer.org/2026-09-08/new-report-shows-the-economic-toll-of-ice-raids				IMMIGRATION,80;IMMIGRATION,714;IMMIGRATION,2466;IMMIGRATION,2548;IMMIGRATION,3171;WB_2670_JOBS,80;WB_2670_JOBS,714;WB_2670_JOBS,2466;WB_2670_JOBS,2548;WB_2670_JOBS,3171;WB_2769_JOBS_STRATEGIES,80;WB_2769_JOBS_STRATEGIES,714;WB_2769_JOBS_STRATEGIES,2466;WB_2769_JOBS_STRATEGIES,2548;WB_2769_JOBS_STRATEGIES,3171;WB_2837_IMMIGRATION,80;WB_2837_IMMIGRATION,714;WB_2837_IMMIGRATION,2466;WB_2837_IMMIGRATION,2548;WB_2837_IMMIGRATION,3171;WB_2836_MIGRATION_POLICIES_AND_JOBS,80;WB_2836_MIGRATION_POLICIES_AND_JOBS,714;WB_2836_MIGRATION_POLICIES_AND_JOBS,2466;WB_2836_MIGRATION_POLICIES_AND_JOBS,2548;WB_2836_MIGRATION_POLICIES_AND_JOBS,3171;EPU_CATS_MIGRATION_FEAR_MIGRATION,80;EPU_CATS_MIGRATION_FEAR_MIGRATION,714;EPU_CATS_MIGRATION_FEAR_MIGRATION,2466;EPU_CATS_MIGRATION_FEAR_MIGRATION,2548;EPU_CATS_MIGRATION_FEAR_MIGRATION,3171;TAX_ECON_PRICE,954;TAX_FNCACT_WAITRESS,2270;UNREST_CRACKDOWN,91;UNREST_CRACKDOWN,2477;IDEOLOGY,3074;TAX_FNCACT_IMMIGRANT,380;TAX_FNCACT_IMMIGRANT,870;TAX_FNCACT_IMMIGRANT,1751;TAX_FNCACT_IMMIGRANT,1841;ARREST,2512;ARREST,2893;CRISISLEX_C07_SAFETY,2512;CRISISLEX_C07_SAFETY,2893;TAX_FNCACT_SPOKESPERSON,2751;TAX_FNCACT_CRIMINALS,2794;TAX_FNCACT_COOK,448;EPU_CATS_REGULATION,3614;CRISISLEX_CRISISLEXREC,736;CRISISLEX_CRISISLEXREC,2677;CRISISLEX_CRISISLEXREC,3183;CRISISLEX_CRISISLEXREC,3491;TAX_FNCACT_CRIMINAL,3062;TAKE_OFFICE,594;TAX_FNCACT_PROFESSOR,759;EPU_POLICY_WHITE_HOUSE,2626;EPU_POLICY_WHITE_HOUSE,2723;EPU_CATS_MIGRATION_FEAR_FEAR,42;EPU_CATS_MIGRATION_FEAR_FEAR,2074;EPU_CATS_MIGRATION_FEAR_FEAR,2362;SCIENCE,468;EDUCATION,273;SOC_POINTSOFINTEREST_UNIVERSITY,273;NATURAL_DISASTER_ICE,740;NATURAL_DISASTER_ICE,2226;NATURAL_DISASTER_ICE,2885;NATURAL_DISASTER_ICE,2974;NATURAL_DISASTER_ICE,3479;EPU_POLICY_SPENDING,3380;INFO_RUMOR,618;EPU_ECONOMY,140;EPU_ECONOMY,831;EPU_ECONOMY,3215;EPU_ECONOMY,3461;EPU_ECONOMY_HISTORIC,140;EPU_ECONOMY_HISTORIC,831;EPU_ECONOMY_HISTORIC,3215;EPU_ECONOMY_HISTORIC,3461;TRAFFIC,1634;ECON_TAXATION,1106;USPEC_POLICY1,1106;EPU_POLICY_TAX,1106;EPU_CATS_TAXES,1106;WB_696_PUBLIC_SECTOR_MANAGEMENT,2558;WB_840_JUSTICE,2558;WB_2495_DETENTION_PRISON_AND_CORRECTIONS_REFORM,2558;WB_2470_PEACE_OPERATIONS_AND_CONFLICT_MANAGEMENT,2558;WB_2432_FRAGILITY_CONFLICT_AND_VIOLENCE,2558;WB_1014_CRIMINAL_JUSTICE,2558;WB_2490_NATIONAL_PROTECTION_AND_SECURITY,2558;LEADER,569;TAX_FNCACT_PRESIDENT,569;USPEC_POLITICS_GENERAL1,569;TRIAL,2938;SOC_GENERALCRIME,2946;CRISISLEX_T11_UPDATESSYMPATHY,1795;TAX_FNCACT_IMMIGRANTS,1547;MOVEMENT_GENERAL,362;		3#Chicago, Illinois, United States#US#USIL#IL031#41.85#-87.6501#423587#156;3#Chicago, Illinois, United States#US#USIL#IL031#41.85#-87.6501#423587#293;3#Chicago, Illinois, United States#US#USIL#IL031#41.85#-87.6501#423587#428;3#Chicago, Illinois, United States#US#USIL#IL031#41.85#-87.6501#423587#655;3#Chicago, Illinois, United States#US#USIL#IL031#41.85#-87.6501#423587#1470;3#Chicago, Illinois, United States#US#USIL#IL031#41.85#-87.6501#423587#2246;1#Mexican#MX#MX##23#-102#MX#1536;3#White House, District Of Columbia, United States#US#USDC#DC001#38.8951#-77.0364#531871#2626;3#White House, District Of Columbia, United States#US#USDC#DC001#38.8951#-77.0364#531871#2723;2#Illinois, United States#US#USIL##40.3363#-89.0022#IL#285;2#Illinois, United States#US#USIL##40.3363#-89.0022#IL#1071					-7.35551663747811,1.22591943957968,8.58143607705779,9.80735551663748,18.739054290718,0.175131348511384,526			http://npr-brightspot.s3.amazonaws.com/c4/34/17b1505d4cc59148d1455d7d8606/gettyimages-2195368241.jpg								<PAGE_LINKS>https://greatcities.uic.edu/news-stories/hunkering-down-the-hidden-economic-cost-of-federal-immigration-enforcement-in-cook-county-il/;https://www.brookings.edu/articles/ice-enforcement-employment-effects-us-cities/;https://www.minneapolismn.gov/news/2026/june/updated-assessment/;https://www.npr.org/2025/01/21/nx-s1-5268920/chicago-braces-for-ice-crackdown;https://www.npr.org/2026/05/05/nx-s1-5801473/minneapolis-immigrants-grapple-with-economic-impact-of-operation-metro-surge</PAGE_LINKS><PAGE_PRECISEPUBTIMESTAMP>20260908161700</PAGE_PRECISEPUBTIMESTAMP><PAGE_ALTURL_AMP>https://www.waer.org/2026-09-08/new-report-shows-the-economic-toll-of-ice-raids?_amp=true</PAGE_ALTURL_AMP><PAGE_TITLE>New report shows the economic toll of ICE raids</PAGE_TITLE>
	20260908233000		indiankanoon.org	https://indiankanoon.org/doc/9493165/				TAX_FNCACT_CANDIDATES,1840;TAX_FNCACT_CANDIDATES,1971;WB_696_PUBLIC_SECTOR_MANAGEMENT,756;WB_696_PUBLIC_SECTOR_MANAGEMENT,1206;WB_696_PUBLIC_SECTOR_MANAGEMENT,2332;WB_696_PUBLIC_SECTOR_MANAGEMENT,3432;WB_696_PUBLIC_SECTOR_MANAGEMENT,3518;WB_696_PUBLIC_SECTOR_MANAGEMENT,6854;WB_840_JUSTICE,756;WB_840_JUSTICE,1206;WB_840_JUSTICE,2332;WB_840_JUSTICE,3432;WB_840_JUSTICE,3518;WB_840_JUSTICE,6854;WB_1014_CRIMINAL_JUSTICE,756;WB_1014_CRIMINAL_JUSTICE,1206;WB_1014_CRIMINAL_JUSTICE,2332;WB_1014_CRIMINAL_JUSTICE,3432;WB_1014_CRIMINAL_JUSTICE,3518;WB_1014_CRIMINAL_JUSTICE,6854;TAX_MILITARY_TITLE_OFFICER,8335;TAX_MILITARY_TITLE_OFFICER,9285;TAX_FNCACT_OFFICER,8335;TAX_FNCACT_OFFICER,9285;DISCRIMINATION,7872;UNGP_FREEDOM_FROM_DISCRIMINATION,7872;TAX_DISEASE_RECURRENCE,10140;WB_837_OPEN_GOVERNMENT_AND_TRANSPARENCY,8203;WB_837_OPEN_GOVERNMENT_AND_TRANSPARENCY,9810;WB_831_GOVERNANCE,8203;WB_831_GOVERNANCE,9810;WB_2031_RIGHT_TO_INFORMATION,8203;WB_2031_RIGHT_TO_INFORMATION,9810;TAX_WORLDLANGUAGES_MALA,6465;UNGP_FORESTS_RIVERS_OCEANS,4960;UNGP_FORESTS_RIVERS_OCEANS,9296;UNGP_FORESTS_RIVERS_OCEANS,9499;UNGP_FORESTS_RIVERS_OCEANS,9960;TAX_FNCACT_CANDIDATE,2029;TAX_FNCACT_COMMISSIONER,1085;TAX_FNCACT_COMMISSIONER,10641;CRISISLEX_T11_UPDATESSYMPATHY,5423;WB_2745_JOB_QUALITY_AND_LABOR_MARKET_PERFORMANCE,2093;WB_2670_JOBS,2093;WB_2689_JOBS_DIAGNOSTICS,2093;WB_2748_EMPLOYMENT,2093;TAX_FNCACT_EXECUTIVE,10235;TAX_ECON_PRICE,10485;TAX_FNCACT_OFFICIAL,5331;TAX_FNCACT_REGISTRAR,10245;TAX_FNCACT_REGISTRAR,11055;DELAY,1434;DELAY,3222;DELAY,4254;DELAY,6507;DELAY,7448;DELAY,7827;DELAY,8454;USPEC_UNCERTAINTY1,1434;USPEC_UNCERTAINTY1,3222;USPEC_UNCERTAINTY1,4254;USPEC_UNCERTAINTY1,6507;USPEC_UNCERTAINTY1,7448;USPEC_UNCERTAINTY1,7827;USPEC_UNCERTAINTY1,8454;TAX_FNCACT_CHIEF,1060;TAX_FNCACT_CHIEF,10616;TAX_FNCACT_DIRECTOR,2807;EDUCATION,776;EDUCATION,1226;SOC_POINTSOFINTEREST_UNIVERSITY,776;SOC_POINTSOFINTEREST_UNIVERSITY,1226;SCIENCE,2340;SCIENCE,3526;EPU_CATS_MIGRATION_FEAR_FEAR,4538;		4#New Delhi, Delhi, India#IN#IN07#17911#28.6#77.2#-2106102#451;4#New Delhi, Delhi, India#IN#IN07#17911#28.6#77.2#-2106102#10925;4#Delhi, Delhi, India#IN#IN07#17911#28.6667#77.2167#-2094230#451;4#Delhi, Delhi, India#IN#IN07#17911#28.6667#77.2167#-2094230#3590;4#Delhi, Delhi, India#IN#IN07#17911#28.6667#77.2167#-2094230#3659;4#Delhi, Delhi, India#IN#IN07#17911#28.6667#77.2167#-2094230#3728;4#Delhi, Delhi, India#IN#IN07#17911#28.6667#77.2167#-2094230#10925;1#India#IN#IN##20#77#IN#458;1#India#IN#IN##20#77#IN#465;1#India#IN#IN##20#77#IN#3597;1#India#IN#IN##20#77#IN#3666;1#India#IN#IN##20#77#IN#3735;1#India#IN#IN##20#77#IN#10932;1#India#IN#IN##20#77#IN#10939;1#India#IN#IN##20#77#IN#10947					-1.07066381156317,1.9271948608137,2.99785867237687,4.92505353319058,19.3254817987152,0.107066381156317,1577											<PAGE_LINKS>https://indiankanoon.org/doc/1369783/;https://indiankanoon.org/doc/671631/;https://indiankanoon.org/search/?formInput=citedby:9493165;https://indiankanoon.org/search/?formInput=cites:9493165</PAGE_LINKS><PAGE_TITLE>Shijin Chandran Rs vs Lnjp National Institute Of Criminology ... on 5 September, 2026</PAGE_TITLE>
	20260908233000		pqbnews.com	https://pqbnews.com/2026/09/08/eby-planting-new-signs-at-b-c-border-to-welcome-americans-during-trade-war/				LEADER,1530;LEADER,2515;BORDER,74;BORDER,1016;		1#Canadians#CA#CA##60#-96#CA#2652;1#British#UK#UK##54#-4#UK#87;1#British#UK#UK##54#-4#UK#640;1#British#UK#UK##54#-4#UK#2433;1#Canada#CA#CA##60#-96#CA#130;1#Canada#CA#CA##60#-96#CA#254;1#Canada#CA#CA##60#-96#CA#491;1#Canada#CA#CA##60#-96#CA#667;1#Canada#CA#CA##60#-96#CA#678;1#Canada#CA#CA##60#-96#CA#783;1#Canada#CA#CA##60#-96#CA#863;1#Canada#CA#CA##60#-96#CA#1303;1#Canada#CA#CA##60#-96#CA#2387;1#Americans#US#US##39.828175#-98.5795#US#54;1#Americans#US#US##39.828175#-98.5795#US#2576;1#Canadian#CA#CA##60#-96#CA#542;1#Canadian#CA#CA##60#-96#CA#1165;1#Canadian#CA#CA##60#-96#CA#2767;4#Port Hardy, British Columbia, Canada#CA#CA02#190729#50.7167#-127.5#-571588#483;1#American#US#US##39.828175#-98.5795#US#2469					-3.02114803625378,1.81268882175227,4.83383685800604,6.64652567975831,22.809667673716,1.05740181268882,590			https://pqbnews.com/wp-content/uploads/sites/11/2026/09/IMG_0171.jpeg								<PAGE_LINKS>https://trinityaudio.ai</PAGE_LINKS><PAGE_AUTHORS>Mark Page</PAGE_AUTHORS><PAGE_PRECISEPUBTIMESTAMP>20260908224800</PAGE_PRECISEPUBTIMESTAMP><PAGE_TITLE>Eby planting new signs at B.C. border to welcome Americans during trade war</PAGE_TITLE>
	20260908233000		hngnews.com	http://www.hngnews.com/nation_world/us-military-says-it-has-destroyed-5-iranian-oil-tankers-after-missile-attacks-on-navy/article_c86eae9b-9365-5ca3-87a0-5ee68f670000.html				TAX_FNCACT_SECRETARY,1245;TAX_WEAPONS_AIRCRAFT_CARRIER,983;WB_698_TRADE,3700;TAX_ETHNICITY_AMERICAN,155;TAX_ETHNICITY_AMERICAN,4183;BLOCKADE,4084;SEIGE,4084;MILITARY,2655;MILITARY,3014;TAX_FNCACT_NAVY,2655;TAX_FNCACT_NAVY,3014;TAX_ECON_PRICE,3870;TAX_ETHNICITY_IRANIAN,103;TAX_ETHNICITY_IRANIAN,254;TAX_ETHNICITY_IRANIAN,484;TAX_ETHNICITY_IRANIAN,899;TAX_ETHNICITY_IRANIAN,1006;TAX_ETHNICITY_IRANIAN,1103;TAX_ETHNICITY_IRANIAN,2049;TAX_ETHNICITY_IRANIAN,2097;TAX_ETHNICITY_IRANIAN,2501;TAX_ETHNICITY_IRANIAN,2840;TAX_ETHNICITY_IRANIAN,2991;TAX_ETHNICITY_IRANIAN,4095;CRISISLEX_T11_UPDATESSYMPATHY,1464;MARITIME_PIRACY,2331;LEADER,3350;TAX_FNCACT_PRESIDENT,3350;USPEC_POLITICS_GENERAL1,3350;EPU_POLICY_POLITICAL,3891;TAX_FNCACT_SECRETARY_OF_STATE,1254;TAX_ETHNICITY_PERSIAN,1193;TAX_WORLDLANGUAGES_PERSIAN,1193;TAX_POLITICAL_PARTY_REPUBLICAN,3927;MANMADE_DISASTER_ABANDONED_SHIP,815;TAX_POLITICAL_PARTY_REPUBLICAN_PARTY,3933;TAX_FNCACT_REPORTER,2067;SANCTIONS,3492;CRISISLEX_CRISISLEXREC,244;CRISISLEX_CRISISLEXREC,502;CRISISLEX_CRISISLEXREC,651;CRISISLEX_CRISISLEXREC,889;USPEC_POLICY1,1792;USPEC_POLICY1,4134;EPU_ECONOMY,1792;EPU_ECONOMY,4134;EPU_ECONOMY_HISTORIC,1792;EPU_ECONOMY_HISTORIC,4134;FUELPRICES,3870;ENV_WATERWAYS,4420;WB_1805_WATERWAYS,4420;MEDIA_MSM,1023;MEDIA_MSM,2471;TAX_FNCACT_GUARD,338;TAX_FNCACT_GUARD,2650;ELECTION,3973;WB_165_AIR_TRANSPORT,3532;WB_164_MODES_OF_TRANSPORT,3532;CRISISLEX_T01_CAUTION_ADVICE,2167;AFFECT,1232;AFFECT,2398;AFFECT,2597;EVACUATION,1232;EVACUATION,2398;EVACUATION,2597;CRISISLEX_T09_DISPLACEDRELOCATEDEVACUATED,1232;CRISISLEX_T09_DISPLACEDRELOCATEDEVACUATED,2398;CRISISLEX_T09_DISPLACEDRELOCATEDEVACUATED,2597;ARMEDCONFLICT,3412;ARMEDCONFLICT,3842;ARMEDCONFLICT,4435;WB_775_TRADE_POLICY_AND_INTEGRATION,4009;WB_768_INTERNATIONAL_STANDARDS_AND_TECHNICAL_REGULATIONS,4009;WB_778_NON_TARIFF_MEASURES,4009;CRISISLEX_C07_SAFETY,1674;WB_539_OIL_AND_GAS_POLICY_STRATEGY_AND_INSTITUTIONS,4162;WB_507_ENERGY_AND_EXTRACTIVES,4162;WB_2290_OIL_AND_GAS_EXPORT,4162;WB_544_MID_AND_DOWNSTREAM_OIL_AND_GAS,4162;WB_135_TRANSPORT,1138;WB_1803_TRANSPORT_INFRASTRUCTURE,1138;WB_167_PORTS,1138;TAX_WEAPONS_WARSHIPS,3023;WB_2470_PEACE_OPERATIONS_AND_CONFLICT_MANAGEMENT,1674;WB_2432_FRAGILITY_CONFLICT_AND_VIOLENCE,1674;WB_2490_NATIONAL_PROTECTION_AND_SECURITY,1674;EPU_CATS_NATIONAL_SECURITY,1674;TAX_WEAPONS_WARSHIP,310;MEDIA_SOCIAL,1882;WB_652_ICT_APPLICATIONS,1882;WB_662_SOCIAL_MEDIA,1882;WB_658_ENTERPRISE_APPLICATIONS,1882;ENV_OIL,264;ENV_OIL,903;ENV_OIL,1107;ENV_OIL,2686;ENV_OIL,2995;ENV_OIL,3137;ENV_OIL,3820;ENV_OIL,4154;WB_678_DIGITAL_GOVERNMENT,118;WB_678_DIGITAL_GOVERNMENT,1882;WB_694_BROADCAST_AND_MEDIA,118;WB_694_BROADCAST_AND_MEDIA,1882;WB_133_INFORMATION_AND_COMMUNICATION_TECHNOLOGIES,118;WB_133_INFORMATION_AND_COMMUNICATION_TECHNOLOGIES,1882;MARITIME_INCIDENT,272;MARITIME_INCIDENT,492;MARITIME_INCIDENT,911;MARITIME_INCIDENT,1115;MARITIME_INCIDENT,1453;MARITIME_INCIDENT,2694;MARITIME_INCIDENT,2848;MARITIME_INCIDENT,3003;MARITIME,272;MARITIME,492;MARITIME,911;MARITIME,1115;MARITIME,1453;MARITIME,2694;MARITIME,2848;MARITIME,3003;MANMADE_DISASTER_IMPLIED,272;MANMADE_DISASTER_IMPLIED,492;MANMADE_DISASTER_IMPLIED,911;MANMADE_DISASTER_IMPLIED,1115;MANMADE_DISASTER_IMPLIED,1453;MANMADE_DISASTER_IMPLIED,2694;MANMADE_DISASTER_IMPLIED,2848;MANMADE_DISASTER_IMPLIED,3003;WB_137_WATER,2327;ECON_OILPRICE,264;WB_566_ENVIRONMENT_AND_NATURAL_RESOURCES,4420;WB_901_ENVIRONMENTAL_SAFEGUARDS,4420;WB_1790_INTERNATIONAL_WATERWAYS,4420;		1#Iranian#IR#IR##32#53#IR#103;1#Iranian#IR#IR##32#53#IR#254;1#Iranian#IR#IR##32#53#IR#484;1#Iranian#IR#IR##32#53#IR#899;1#Iranian#IR#IR##32#53#IR#1006;1#Iranian#IR#IR##32#53#IR#1103;1#Iranian#IR#IR##32#53#IR#2049;1#Iranian#IR#IR##32#53#IR#2097;1#Iranian#IR#IR##32#53#IR#2501;1#Iranian#IR#IR##32#53#IR#2840;1#Iranian#IR#IR##32#53#IR#2991;1#Iranian#IR#IR##32#53#IR#4095;1#Israel#IS#IS##31.5#34.75#IS#1642;4#Tehran, Tehran, Iran#IR#IR26#41130#35.75#51.5148#10074674#1956;4#Tehran, Tehran, Iran#IR#IR26#41130#35.75#51.5148#10074674#3424;4#Tehran, Tehran, Iran#IR#IR26#41130#35.75#51.5148#10074674#3667;4#Tehran, Tehran, Iran#IR#IR26#41130#35.75#51.5148#10074674#4300;4#Jask, Hormozgan, Iran#IR#IR11#40979#25.6439#57.7744#-3067830#1146;4#Jask, Hormozgan, Iran#IR#IR11#40979#25.6439#57.7744#-3067830#2075;4#Jask, Hormozgan, Iran#IR#IR11#40979#25.6439#57.7744#-3067830#2336;4#Jask, Hormozgan, Iran#IR#IR11#40979#25.6439#57.7744#-3067830#2426;1#Oman#MU#MU##21#57#MU#588;1#Oman#MU#MU##21#57#MU#4292;1#Kuwait#KU#KU##29.5#47.75#KU#2715;1#Kuwait#KU#KU##29.5#47.75#KU#2867;1#Iran#IR#IR##32#53#IR#41;1#Iran#IR#IR##32#53#IR#318;1#Iran#IR#IR##32#53#IR#594;1#Iran#IR#IR##32#53#IR#712;1#Iran#IR#IR##32#53#IR#922;1#Iran#IR#IR##32#53#IR#1152;1#Iran#IR#IR##32#53#IR#1178;1#Iran#IR#IR##32#53#IR#1300;1#Iran#IR#IR##32#53#IR#1333;1#Iran#IR#IR##32#53#IR#1566;1#Iran#IR#IR##32#53#IR#1625;1#Iran#IR#IR##32#53#IR#1962;1#Iran#IR#IR##32#53#IR#2081;1#Iran#IR#IR##32#53#IR#2342;1#Iran#IR#IR##32#53#IR#2432;1#Iran#IR#IR##32#53#IR#2543;1#Iran#IR#IR##32#53#IR#2630;1#Iran#IR#IR##32#53#IR#3115;1#Iran#IR#IR##32#53#IR#3148;1#Iran#IR#IR##32#53#IR#3430;1#Iran#IR#IR##32#53#IR#3523;1#Iran#IR#IR##32#53#IR#3673;1#Iran#IR#IR##32#53#IR#3733;1#Iran#IR#IR##32#53#IR#4306;1#Jordan#JO#JO##31#36#JO#93;3#Washington, Washington, United States#US#USDC#DC001#38.8951#-77.0364#531871#10;3#Washington, Washington, United States#US#USDC#DC001#38.8951#-77.0364#531871#1932;1#Jordanian#JO#JO##31#36#JO#423;1#American#US#US##39.828175#-98.5795#US#155;1#American#US#US##39.828175#-98.5795#US#4183;4#Gulf Of Oman, Iran (General), Iran#IR#IR00#40979#25.4489#57.7939#-3077385#588;1#Colombia#CO#CO##4#-72#CO#1594;1#Bahrain#BA#BA##26#50.5#BA#2725;1#Bahrain#BA#BA##26#50.5#BA#2877;4#Kharg Island, Bushehr, Iran#IR#IR22#40962#29.2458#50.3158#-3070760#706;4#Kharg Island, Bushehr, Iran#IR#IR22#40962#29.2458#50.3158#-3070760#1172;4#Kharg Island, Bushehr, Iran#IR#IR22#40962#29.2458#50.3158#-3070760#2537					-5.49738219895288,1.04712041884817,6.54450261780105,7.59162303664921,19.1099476439791,0.130890052356021,712			https://bloximages.newyork1.vip.townnews.com/hngnews.com/content/tncms/assets/v3/editorial/a/9a/a9a37701-6f67-5469-a61f-fcce61ce3086/6a9f313dd8d2d.image.jpg?crop=1763%2C926%2C0%2C124								<PAGE_LINKS>https://apnews.com/article/iran-hormuz-war-economy-552b1ebe9ae8a9628bad089c9e87493f;https://apnews.com/article/iran-sanctions-treasury-trump-59b9b99d8dbb6dfbb519af565c995c85;https://apnews.com/article/iran-us-war-oil-tankers-b3650799901c56a6deeca962cbaa4109;https://apnews.com/article/iran-war-trump-strait-hormuz-f8d20baa977b2162ba235a1bbfd4246f;https://apnews.com/article/stocks-markets-trump-oil-ai-rates-d3d6157a534584985987f828a940cffa;https://apnews.com/article/trump-iran-war-rubio-bessent-strikes-sanctions-73779f36e4b09480c5430d72f4385e23</PAGE_LINKS><PAGE_AUTHORS>KONSTANTIN TOROPIN - Associated Press</PAGE_AUTHORS><PAGE_PRECISEPUBTIMESTAMP>20260908224600</PAGE_PRECISEPUBTIMESTAMP><PAGE_TITLE>US military says it has destroyed 5 Iranian oil tankers after missile attacks on Navy warship</PAGE_TITLE>
	20260908233000		kelofm.com	https://kelofm.com/2026/09/08/paramount-says-california-ag-contradicted-bond-arguments-in-tv-interviews/				TAX_FNCACT_JUDGE,983;TAX_FNCACT_JUDGE,1337;TRIAL,98;TAX_FNCACT_ATTORNEY,98;UNSAFE_WORK_ENVIRONMENT,1720;WB_2670_JOBS,1720;WB_2769_JOBS_STRATEGIES,1720;WB_2788_LABOR_MARKET_INSTITUTIONS_AND_POLICIES,1720;WB_2802_WORKING_CONDITIONS,1720;LEGISLATION,1202;EPU_POLICY_LAW,1202;MEDIA_MSM,146;MEDIA_MSM,1126;MEDIA_MSM,1616;DELAY,375;USPEC_UNCERTAINTY1,375;WB_1921_PRIVATE_SECTOR_DEVELOPMENT,1198;WB_406_COMPETITION_POLICY,1198;WB_2101_ANTITRUST,1198;EPU_CATS_REGULATION,1198;WB_678_DIGITAL_GOVERNMENT,1547;WB_694_BROADCAST_AND_MEDIA,1547;WB_133_INFORMATION_AND_COMMUNICATION_TECHNOLOGIES,1547;CRISISLEX_CRISISLEXREC,571;EPU_ECONOMY_HISTORIC,1832;WB_845_LEGAL_AND_REGULATORY_FRAMEWORK,1202;WB_696_PUBLIC_SECTOR_MANAGEMENT,1202;WB_1031_COMPETITION_LAW,1202;WB_410_BUSINESS_LAW_AND_REGULATION,1202;TAX_ECON_PRICE,363;		1#America#US#US##39.828175#-98.5795#US#685;1#America#US#US##39.828175#-98.5795#US#1654;2#New York, United States#US#USNY##42.1497#-74.9384#NY#2106;3#Oakland, California, United States#US#USCA#CA001#37.8044#-122.271#277566#1372;2#California, United States#US#USCA##36.17#-119.746#CA#89;2#California, United States#US#USCA##36.17#-119.746#CA#443;2#California, United States#US#USCA##36.17#-119.746#CA#1457					-3.03867403314917,1.38121546961326,4.41988950276243,5.80110497237569,26.5193370165746,0,332			https://storage.googleapis.com/media.mwcradio.com/mimesis/2026-09/08/2026-09-08T212844Z_3_LYNXMPEM871ZA_RTROPTP_3_WARNER-BROS-DIS-M-A-PARAMOUNT-LAWSUIT.JPG								<PAGE_AUTHORS>Thomson Reuters</PAGE_AUTHORS><PAGE_PRECISEPUBTIMESTAMP>20260908212800</PAGE_PRECISEPUBTIMESTAMP><PAGE_TITLE>Paramount says California AG&#xA0;contradicted bond arguments in TV interviews</PAGE_TITLE>
	20260908233000		americamagazine.org	https://www.americamagazine.org/scripture-reflections/2026/09/08/forgiving-others-should-be-a-selfless-act/				DELAY,656;PUBLIC_TRANSPORT,613;UNGP_FORESTS_RIVERS_OCEANS,971;CRISISLEX_T11_UPDATESSYMPATHY,1555;							1.35440180586907,3.6117381489842,2.25733634311512,5.86907449209932,26.1851015801354,9.25507900677201,402			https://www.americamagazine.org/wp-content/uploads/2026/09/simon-kessler-RKKnUtPzE3U-unsplash-scaled.jpg								<PAGE_LINKS>https://bible.usccb.org/bible/readings/091026.cfm</PAGE_LINKS><PAGE_AUTHORS>Alexandra Pfau</PAGE_AUTHORS><PAGE_PRECISEPUBTIMESTAMP>20260908201000</PAGE_PRECISEPUBTIMESTAMP><PAGE_TITLE>Forgiving others should be a selfless act</PAGE_TITLE>
	20260908233000		dailypost.vu	https://www.dailypost.vu/news/trbr-launches-new-broadcasting-code-of-practice/article_005d1f34-2303-5e7a-87f1-abce057f4c28.html				TAX_DISEASE_EMERGENCIES,5091;DEMOCRACY,3169;WB_2386_BROADCASTING_POLICY_AND_STRATEGY,4737;TAX_FNCACT_GUIDE,896;TAX_FNCACT_GUIDE,2156;EPU_ECONOMY_HISTORIC,3600;EPU_ECONOMY_HISTORIC,4385;USPEC_POLICY1,673;TAX_FNCACT_CHILDREN,1204;MEDIA_SOCIAL,1490;MEDIA_SOCIAL,1580;WB_652_ICT_APPLICATIONS,1490;WB_652_ICT_APPLICATIONS,1580;WB_662_SOCIAL_MEDIA,1490;WB_662_SOCIAL_MEDIA,1580;WB_658_ENTERPRISE_APPLICATIONS,1490;WB_658_ENTERPRISE_APPLICATIONS,1580;TAX_MILITARY_TITLE_OFFICER,2301;TAX_FNCACT_OFFICER,2301;WB_855_LABOR_MARKETS,5783;WB_1650_PUBLIC_EMPLOYMENT_SERVICES,5783;WB_1652_PLACEMENT,5783;IDEOLOGY,3250;IDEOLOGY,6423;IDEOLOGY,6541;IDEOLOGY,6799;LEGISLATION,7108;TAX_FNCACT_REGULATOR,242;TAX_FNCACT_REGULATOR,346;TAX_FNCACT_REGULATOR,796;TAX_FNCACT_REGULATOR,2455;TAX_FNCACT_REGULATOR,3572;TAX_FNCACT_REGULATOR,4216;TAX_FNCACT_REGULATOR,4437;TAX_FNCACT_REGULATOR,6297;TAX_FNCACT_REGULATOR,7281;TAX_FNCACT_OFFICIAL,2617;WB_2387_BROADCASTING_INDUSTRY_AND_MARKETS,3600;WB_2387_BROADCASTING_INDUSTRY_AND_MARKETS,4385;WB_1614_NUTRITIONAL_PROGRAMS,3239;WB_1609_FOOD_AND_IN_KIND_TRANSFERS,3239;WB_1616_SUPPLEMENTARY,3239;WB_1466_SOCIAL_ASSISTANCE,3239;WB_697_SOCIAL_PROTECTION_AND_LABOR,3239;TAX_WORLDLANGUAGES_BISLAMA,2639;WB_678_DIGITAL_GOVERNMENT,159;WB_678_DIGITAL_GOVERNMENT,232;WB_678_DIGITAL_GOVERNMENT,302;WB_678_DIGITAL_GOVERNMENT,539;WB_678_DIGITAL_GOVERNMENT,744;WB_678_DIGITAL_GOVERNMENT,1532;WB_678_DIGITAL_GOVERNMENT,1836;WB_678_DIGITAL_GOVERNMENT,2293;WB_678_DIGITAL_GOVERNMENT,2342;WB_678_DIGITAL_GOVERNMENT,3405;WB_678_DIGITAL_GOVERNMENT,3591;WB_678_DIGITAL_GOVERNMENT,3973;WB_678_DIGITAL_GOVERNMENT,4255;WB_678_DIGITAL_GOVERNMENT,4376;WB_678_DIGITAL_GOVERNMENT,4488;WB_678_DIGITAL_GOVERNMENT,4607;WB_678_DIGITAL_GOVERNMENT,4728;WB_678_DIGITAL_GOVERNMENT,4878;WB_678_DIGITAL_GOVERNMENT,5359;WB_678_DIGITAL_GOVERNMENT,5422;WB_678_DIGITAL_GOVERNMENT,5631;WB_678_DIGITAL_GOVERNMENT,5703;WB_678_DIGITAL_GOVERNMENT,5908;WB_678_DIGITAL_GOVERNMENT,6765;WB_678_DIGITAL_GOVERNMENT,7569;WB_694_BROADCAST_AND_MEDIA,159;WB_694_BROADCAST_AND_MEDIA,232;WB_694_BROADCAST_AND_MEDIA,302;WB_694_BROADCAST_AND_MEDIA,539;WB_694_BROADCAST_AND_MEDIA,744;WB_694_BROADCAST_AND_MEDIA,1532;WB_694_BROADCAST_AND_MEDIA,1836;WB_694_BROADCAST_AND_MEDIA,2293;WB_694_BROADCAST_AND_MEDIA,2342;WB_694_BROADCAST_AND_MEDIA,3405;WB_694_BROADCAST_AND_MEDIA,3591;WB_694_BROADCAST_AND_MEDIA,3973;WB_694_BROADCAST_AND_MEDIA,4255;WB_694_BROADCAST_AND_MEDIA,4376;WB_694_BROADCAST_AND_MEDIA,4488;WB_694_BROADCAST_AND_MEDIA,4607;WB_694_BROADCAST_AND_MEDIA,4728;WB_694_BROADCAST_AND_MEDIA,4878;WB_694_BROADCAST_AND_MEDIA,5359;WB_694_BROADCAST_AND_MEDIA,5422;WB_694_BROADCAST_AND_MEDIA,5631;WB_694_BROADCAST_AND_MEDIA,5703;WB_694_BROADCAST_AND_MEDIA,5908;WB_694_BROADCAST_AND_MEDIA,6765;WB_694_BROADCAST_AND_MEDIA,7569;WB_133_INFORMATION_AND_COMMUNICATION_TECHNOLOGIES,159;WB_133_INFORMATION_AND_COMMUNICATION_TECHNOLOGIES,232;WB_133_INFORMATION_AND_COMMUNICATION_TECHNOLOGIES,302;WB_133_INFORMATION_AND_COMMUNICATION_TECHNOLOGIES,539;WB_133_INFORMATION_AND_COMMUNICATION_TECHNOLOGIES,744;WB_133_INFORMATION_AND_COMMUNICATION_TECHNOLOGIES,1532;WB_133_INFORMATION_AND_COMMUNICATION_TECHNOLOGIES,1836;WB_133_INFORMATION_AND_COMMUNICATION_TECHNOLOGIES,2293;WB_133_INFORMATION_AND_COMMUNICATION_TECHNOLOGIES,2342;WB_133_INFORMATION_AND_COMMUNICATION_TECHNOLOGIES,3405;WB_133_INFORMATION_AND_COMMUNICATION_TECHNOLOGIES,3591;WB_133_INFORMATION_AND_COMMUNICATION_TECHNOLOGIES,3973;WB_133_INFORMATION_AND_COMMUNICATION_TECHNOLOGIES,4255;WB_133_INFORMATION_AND_COMMUNICATION_TECHNOLOGIES,4376;WB_133_INFORMATION_AND_COMMUNICATION_TECHNOLOGIES,4488;WB_133_INFORMATION_AND_COMMUNICATION_TECHNOLOGIES,4607;WB_133_INFORMATION_AND_COMMUNICATION_TECHNOLOGIES,4728;WB_133_INFORMATION_AND_COMMUNICATION_TECHNOLOGIES,4878;WB_133_INFORMATION_AND_COMMUNICATION_TECHNOLOGIES,5359;WB_133_INFORMATION_AND_COMMUNICATION_TECHNOLOGIES,5422;WB_133_INFORMATION_AND_COMMUNICATION_TECHNOLOGIES,5631;WB_133_INFORMATION_AND_COMMUNICATION_TECHNOLOGIES,5703;WB_133_INFORMATION_AND_COMMUNICATION_TECHNOLOGIES,5908;WB_133_INFORMATION_AND_COMMUNICATION_TECHNOLOGIES,6765;WB_133_INFORMATION_AND_COMMUNICATION_TECHNOLOGIES,7569;WB_2389_RADIO_BROADCASTING,5359;WB_286_TELECOMMUNICATIONS_AND_BROADBAND_ACCESS,195;WB_286_TELECOMMUNICATIONS_AND_BROADBAND_ACCESS,5594;UNGP_FORESTS_RIVERS_OCEANS,457;UNGP_FORESTS_RIVERS_OCEANS,756;UNGP_FORESTS_RIVERS_OCEANS,1448;UNGP_FORESTS_RIVERS_OCEANS,2595;WB_696_PUBLIC_SECTOR_MANAGEMENT,618;WB_837_OPEN_GOVERNMENT_AND_TRANSPARENCY,618;WB_831_GOVERNANCE,618;WB_2031_RIGHT_TO_INFORMATION,618;MEDIA_MSM,906;TAX_ETHNICITY_CHINESE,2702;TAX_WORLDLANGUAGES_CHINESE,2702;TAX_FNCACT_REPRESENTATIVES,4316;		1#Chinese#CH#CH##35#105#CH#2702;1#French#FR#FR##46#2#FR#2658;1#Vanuatu#NH#NH##-16#167#NH#7;1#Vanuatu#NH#NH##-16#167#NH#486;1#Vanuatu#NH#NH##-16#167#NH#1847;1#Vanuatu#NH#NH##-16#167#NH#2570;1#Vanuatu#NH#NH##-16#167#NH#3502;1#Vanuatu#NH#NH##-16#167#NH#4924;1#Vanuatu#NH#NH##-16#167#NH#5370;1#Vanuatu#NH#NH##-16#167#NH#5874;1#Vanuatu#NH#NH##-16#167#NH#7119;1#Vanuatu#NH#NH##-16#167#NH#7584					1.75600739371534,2.49537892791128,0.739371534195933,3.23475046210721,24.9537892791128,0,981			https://bloximages.chicago2.vip.townnews.com/dailypost.vu/content/tncms/assets/v3/editorial/3/c1/3c1d0d28-e3c8-561b-9b44-54aab15a44d7/6aa08fc78a63c.image.jpg?crop=960%2C504%2C0%2C108								<PAGE_AUTHORS>Ezra Toara</PAGE_AUTHORS><PAGE_PRECISEPUBTIMESTAMP>20260908204500</PAGE_PRECISEPUBTIMESTAMP><PAGE_TITLE>TRBR launches new Broadcasting Code of Practice</PAGE_TITLE>
	20260908233000		greeleytribune.com	https://www.greeleytribune.com/2026/09/08/menendez-brothers-2027-parole-board/				UNGP_FORESTS_RIVERS_OCEANS,3840;RAPE,3352;RAPE,4340;RAPE,4465;IDEOLOGY,3290;TAX_FNCACT_ATTORNEYS,4210;SOC_POINTSOFINTEREST_PRISON,212;SOC_POINTSOFINTEREST_PRISON,722;SOC_POINTSOFINTEREST_PRISON,2899;SOC_POINTSOFINTEREST_PRISON,3704;SOC_POINTSOFINTEREST_PRISON,3796;WB_2495_DETENTION_PRISON_AND_CORRECTIONS_REFORM,212;WB_2495_DETENTION_PRISON_AND_CORRECTIONS_REFORM,722;WB_2495_DETENTION_PRISON_AND_CORRECTIONS_REFORM,2899;WB_2495_DETENTION_PRISON_AND_CORRECTIONS_REFORM,3704;WB_2495_DETENTION_PRISON_AND_CORRECTIONS_REFORM,3796;WB_2470_PEACE_OPERATIONS_AND_CONFLICT_MANAGEMENT,212;WB_2470_PEACE_OPERATIONS_AND_CONFLICT_MANAGEMENT,722;WB_2470_PEACE_OPERATIONS_AND_CONFLICT_MANAGEMENT,2899;WB_2470_PEACE_OPERATIONS_AND_CONFLICT_MANAGEMENT,3704;WB_2470_PEACE_OPERATIONS_AND_CONFLICT_MANAGEMENT,3796;WB_2432_FRAGILITY_CONFLICT_AND_VIOLENCE,212;WB_2432_FRAGILITY_CONFLICT_AND_VIOLENCE,722;WB_2432_FRAGILITY_CONFLICT_AND_VIOLENCE,2899;WB_2432_FRAGILITY_CONFLICT_AND_VIOLENCE,3704;WB_2432_FRAGILITY_CONFLICT_AND_VIOLENCE,3796;WB_2490_NATIONAL_PROTECTION_AND_SECURITY,212;WB_2490_NATIONAL_PROTECTION_AND_SECURITY,722;WB_2490_NATIONAL_PROTECTION_AND_SECURITY,2899;WB_2490_NATIONAL_PROTECTION_AND_SECURITY,3704;WB_2490_NATIONAL_PROTECTION_AND_SECURITY,3796;MEDICAL,3733;LEADER,2873;TAX_FNCACT_GOVERNORS,2873;TAX_FNCACT_PROSECUTORS,4130;TAX_FNCACT_COMMISSIONERS,2546;CRISISLEX_T11_UPDATESSYMPATHY,3323;TAX_FNCACT_FATHER,254;TAX_FNCACT_FATHER,3368;TAX_FNCACT_FATHER,4356;SOC_GENERALCRIME,3032;EPU_CATS_MIGRATION_FEAR_FEAR,3032;WB_696_PUBLIC_SECTOR_MANAGEMENT,1018;WB_696_PUBLIC_SECTOR_MANAGEMENT,1976;WB_696_PUBLIC_SECTOR_MANAGEMENT,2183;WB_696_PUBLIC_SECTOR_MANAGEMENT,2458;WB_840_JUSTICE,1018;WB_840_JUSTICE,1976;WB_840_JUSTICE,2183;WB_840_JUSTICE,2458;WB_1014_CRIMINAL_JUSTICE,1018;WB_1014_CRIMINAL_JUSTICE,1976;WB_1014_CRIMINAL_JUSTICE,2183;WB_1014_CRIMINAL_JUSTICE,2458;ARREST,1061;TAX_FNCACT_SPOKESWOMAN,1384;TAX_DISEASE_TRAUMA,3506;TAX_FNCACT_JUDGE,367;TAX_FNCACT_JUDGE,3230;TRIAL,1335;TRIAL,1427;TAX_FNCACT_ATTORNEY,1335;TAX_FNCACT_ATTORNEY,1427;LEGISLATION,1457;EPU_POLICY_LAW,1457;ACT_MAKESTATEMENT,1355;TAX_FNCACT_LEADER,2716;TRANSPARENCY,4028;KILL,4154;KILL,4242;CRISISLEX_T03_DEAD,4154;CRISISLEX_T03_DEAD,4242;		2#California, United States#US#USCA##36.17#-119.746#CA#578;2#California, United States#US#USCA##36.17#-119.746#CA#992;2#California, United States#US#USCA##36.17#-119.746#CA#1418;2#California, United States#US#USCA##36.17#-119.746#CA#1950;2#California, United States#US#USCA##36.17#-119.746#CA#2157;2#California, United States#US#USCA##36.17#-119.746#CA#2432;3#San Diego, California, United States#US#USCA#CA073#32.7153#-117.157#1661377#1923;3#San Diego, California, United States#US#USCA#CA073#32.7153#-117.157#1661377#2130;3#San Diego, California, United States#US#USCA#CA073#32.7153#-117.157#1661377#2405;3#San Diego, California, United States#US#USCA#CA073#32.7153#-117.157#1661377#3682;3#Beverly Hills, California, United States#US#USCA#CA037#34.0736#-118.4#1652672#323					-3.99449035812672,2.06611570247934,6.06060606060606,8.1267217630854,23.0027548209366,0,672			https://www.greeleytribune.com/wp-content/uploads/2026/09/Menendez_Brothers_84344-1.jpg								<PAGE_LINKS>https://apnews.com/article/lyle-erik-menendez-brothers-california-petition-denied-e7666a1d2706ffd1b4bcf35e675f4576;https://apnews.com/article/menendez-brothers-freedom-murder-parole-erik-lyle-483fee4506e2ea7acb7ce846e844bb8b;https://apnews.com/article/menendez-brothers-nordic-prisons-9b38364e1d70500fd99cedbbb0bf20cd;https://apnews.com/article/menendez-brothers-parole-denied-hearings-takeaways-2020fb4a0abfea1eb0dbfc4f0fa76f53;https://apnews.com/article/menendez-brothers-parole-hearing-lyle-free-6083528ac05f1b2e872ece5c41410cb3;https://apnews.com/article/menendez-brothers-resentencing-freedom-murder-95d642ef10b6d726d84c6f02a20a378c;https://apnews.com/article/menendez-brothers-update-parole-hearing-b19be69cd41953f07d3fcf84413ce4c8;https://apnews.com/article/religion-california-sharon-tate-charles-manson-641dd264d8d96f0e4c26a0a00b427b07</PAGE_LINKS><PAGE_AUTHORS>Associated Press</PAGE_AUTHORS><PAGE_PRECISEPUBTIMESTAMP>20260908194400</PAGE_PRECISEPUBTIMESTAMP><PAGE_TITLE>Erik and Lyle Menendez eligible to face parole board again in spring 2027</PAGE_TITLE>
	20260908233000		boingboing.net	https://boingboing.net/2026/09/08/nathan-fielder-spent-three-years-trying-to-figure-out-elizabeth-holmes.html				WB_135_TRANSPORT,695;WB_1174_WAREHOUSING_AND_STORAGE,695;WB_793_TRANSPORT_AND_LOGISTICS_SERVICES,695;SOC_POINTSOFINTEREST_PRISON,385;WB_2495_DETENTION_PRISON_AND_CORRECTIONS_REFORM,385;WB_2470_PEACE_OPERATIONS_AND_CONFLICT_MANAGEMENT,385;WB_2432_FRAGILITY_CONFLICT_AND_VIOLENCE,385;WB_2490_NATIONAL_PROTECTION_AND_SECURITY,385;		2#New York, United States#US#USNY##42.1497#-74.9384#NY#1251					-2.1875,2.1875,4.375,6.5625,25,1.875,305			https://boingboing.net/wp-content/uploads/2025/02/elizabeth-holmes.jpg								<PAGE_LINKS>https://deadline.com/2026/09/you-can-see-everything-review-elizabeth-holmes-documentary-1237070024/</PAGE_LINKS><PAGE_AUTHORS>Jason Weisberger</PAGE_AUTHORS><PAGE_PRECISEPUBTIMESTAMP>20260908183500</PAGE_PRECISEPUBTIMESTAMP><PAGE_ALTURL_AMP>https://boingboing.net/2026/09/08/nathan-fielder-spent-three-years-trying-to-figure-out-elizabeth-holmes.html/amp</PAGE_ALTURL_AMP><PAGE_TITLE>Nathan Fielder spent three years trying to figure out Elizabeth Holmes</PAGE_TITLE>
	20260908233000		hogshaven.com	https://www.hogshaven.com/post/8iknFbFY-2XQ											0,0.632911392405063,0.632911392405063,1.26582278481013,24.0506329113924,5.06329113924051,143			https://i.ytimg.com/vi/XbdxY37CBME/hq2.jpg								<PAGE_LINKS>http://SBNation.com;https://apps.apple.com/app/apple-store/id6789240983?pt=541474&ct=feed_internal_feed_posts&mt=8;https://play.google.com/store/apps/details</PAGE_LINKS><PAGE_PRECISEPUBTIMESTAMP>20260908203500</PAGE_PRECISEPUBTIMESTAMP><PAGE_TITLE>SB Nation app: Join the NFL community for more football talk</PAGE_TITLE>
	20260908233000		chiangraitimes.com	https://www.chiangraitimes.com/thailand-news/thailand-disaster-insurance/				CRISISLEX_T02_INJURED,1816;CRISISLEX_T03_DEAD,1816;TAX_ETHNICITY_ASIAN,3487;URBAN,3606;NATURAL_DISASTER_NATURAL_DISASTER,2962;WB_1973_FINANCIAL_RISK_REDUCTION,113;WB_1973_FINANCIAL_RISK_REDUCTION,622;WB_1973_FINANCIAL_RISK_REDUCTION,751;WB_1973_FINANCIAL_RISK_REDUCTION,1090;WB_1973_FINANCIAL_RISK_REDUCTION,1958;WB_1973_FINANCIAL_RISK_REDUCTION,2187;WB_1973_FINANCIAL_RISK_REDUCTION,3079;WB_1973_FINANCIAL_RISK_REDUCTION,3264;WB_1973_FINANCIAL_RISK_REDUCTION,3716;WB_435_AGRICULTURE_AND_FOOD_SECURITY,113;WB_435_AGRICULTURE_AND_FOOD_SECURITY,622;WB_435_AGRICULTURE_AND_FOOD_SECURITY,751;WB_435_AGRICULTURE_AND_FOOD_SECURITY,1090;WB_435_AGRICULTURE_AND_FOOD_SECURITY,1958;WB_435_AGRICULTURE_AND_FOOD_SECURITY,2187;WB_435_AGRICULTURE_AND_FOOD_SECURITY,3079;WB_435_AGRICULTURE_AND_FOOD_SECURITY,3264;WB_435_AGRICULTURE_AND_FOOD_SECURITY,3716;WB_337_INSURANCE,113;WB_337_INSURANCE,622;WB_337_INSURANCE,751;WB_337_INSURANCE,1090;WB_337_INSURANCE,1958;WB_337_INSURANCE,2187;WB_337_INSURANCE,3079;WB_337_INSURANCE,3264;WB_337_INSURANCE,3716;WB_1967_AGRICULTURAL_RISK_AND_SECURITY,113;WB_1967_AGRICULTURAL_RISK_AND_SECURITY,622;WB_1967_AGRICULTURAL_RISK_AND_SECURITY,751;WB_1967_AGRICULTURAL_RISK_AND_SECURITY,1090;WB_1967_AGRICULTURAL_RISK_AND_SECURITY,1958;WB_1967_AGRICULTURAL_RISK_AND_SECURITY,2187;WB_1967_AGRICULTURAL_RISK_AND_SECURITY,3079;WB_1967_AGRICULTURAL_RISK_AND_SECURITY,3264;WB_1967_AGRICULTURAL_RISK_AND_SECURITY,3716;WB_615_GENDER,1694;WB_919_GENDER_AND_HUMAN_DEVELOPMENT,1694;WB_1466_SOCIAL_ASSISTANCE,1694;WB_921_SAFETY_NETS,1694;WB_697_SOCIAL_PROTECTION_AND_LABOR,1694;CRISISLEX_CRISISLEXREC,103;CRISISLEX_CRISISLEXREC,1808;CRISISLEX_CRISISLEXREC,1948;CRISISLEX_CRISISLEXREC,2330;CRISISLEX_CRISISLEXREC,2962;CRISISLEX_CRISISLEXREC,3542;TAX_FNCACT_VICTIMS,1816;TAX_FNCACT_VICTIMS,2293;CRISISLEX_T08_MISSINGFOUNDTRAPPEDPEOPLE,1816;CRISISLEX_T08_MISSINGFOUNDTRAPPEDPEOPLE,2293;NATURAL_DISASTER_MONSOON_RAINS,1397;AFFECT,1148;NATURAL_DISASTER_EARTHQUAKES,353;NATURAL_DISASTER_EARTHQUAKES,995;NATURAL_DISASTER_EARTHQUAKES,2504;CRISISLEX_T01_CAUTION_ADVICE,353;CRISISLEX_T01_CAUTION_ADVICE,995;CRISISLEX_T01_CAUTION_ADVICE,2504;NATURAL_DISASTER_NATURAL_DISASTERS,312;CRISISLEX_O02_RESPONSEAGENCIESATCRISIS,1208;DELAY,2056;USPEC_UNCERTAINTY1,2056;TAX_FNCACT_OFFICIAL,3110;UNGP_FORESTS_RIVERS_OCEANS,2157;CRISISLEX_C01_CHILDREN_AND_EDUCATION,1157;NATURAL_DISASTER_FLOOD,2430;WB_2207_THEMATIC_BASED_PPPS,3390;WB_2206_PUBLIC_PRIVATE_PARTNERSHIPS,3390;WB_999_PPP_IN_IRRIGATION,3390;TAX_ECON_PRICE,3312;TAX_ECON_PRICE,3548;NATURAL_DISASTER_EXTREME_WEATHER,457;ENV_CLIMATECHANGE,457;CRISISLEX_O01_WEATHER,457;UNGP_CLIMATE_CHANGE_ACTION,457;NATURAL_DISASTER_WINDSTORMS,337;NATURAL_DISASTER_WINDSTORMS,979;NATURAL_DISASTER_WINDSTORMS,2483;TAX_ETHNICITY_THAI,3061;TAX_ETHNICITY_THAI,3824;WB_567_CLIMATE_CHANGE,3593;TAX_FNCACT_OFFICIALS,2244;TAX_FNCACT_OFFICIALS,3834;CRISISLEX_T11_UPDATESSYMPATHY,1601;NATURAL_DISASTER_SEVERE_WEATHER,1351;GENERAL_GOVERNMENT,40;GENERAL_GOVERNMENT,508;GENERAL_GOVERNMENT,1028;GENERAL_GOVERNMENT,3121;GENERAL_GOVERNMENT,4140;EPU_POLICY_GOVERNMENT,40;EPU_POLICY_GOVERNMENT,508;EPU_POLICY_GOVERNMENT,1028;EPU_POLICY_GOVERNMENT,3121;EPU_POLICY_GOVERNMENT,4140;USPEC_POLICY1,539;EPU_POLICY_BUDGET,539;NATURAL_DISASTER_FLOODING,1250;NATURAL_DISASTER_FLOODING,1428;CRISISLEX_C06_WATER_SANITATION,1250;CRISISLEX_C06_WATER_SANITATION,1428;CRISISLEX_T04_INFRASTRUCTURE,2437;EPU_POLICY_POLICY,1270;WB_137_WATER,1580;NATURAL_DISASTER_MONSOON,1391;NATURAL_DISASTER_FLOODS,324;NATURAL_DISASTER_FLOODS,966;WB_696_PUBLIC_SECTOR_MANAGEMENT,2130;WB_696_PUBLIC_SECTOR_MANAGEMENT,2567;WB_2048_COMPENSATION_CAREERS_AND_INCENTIVES,2130;WB_2048_COMPENSATION_CAREERS_AND_INCENTIVES,2567;WB_723_PUBLIC_ADMINISTRATION,2130;WB_723_PUBLIC_ADMINISTRATION,2567;WB_724_HUMAN_RESOURCES_FOR_PUBLIC_SECTOR,2130;WB_724_HUMAN_RESOURCES_FOR_PUBLIC_SECTOR,2567;		1#Thailand#TH#TH##15#100#TH#17;1#Thailand#TH#TH##15#100#TH#52;1#Thailand#TH#TH##15#100#TH#1313;1#Thailand#TH#TH##15#100#TH#1457;4#Bangkok, Krung Thep Mahanakhon, Thailand#TH#TH40#26423#13.75#100.517#-3250083#7;4#Chiang Rai, Chiang Rai, Thailand#TH#TH03#26523#19.9086#99.8325#-3247118#1447;1#Thai#TH#TH##15#100#TH#3061;1#Thai#TH#TH##15#100#TH#3824					-2.89193302891933,4.26179604261796,7.15372907153729,11.4155251141553,20.3957382039574,0,629			https://i0.wp.com/www.chiangraitimes.com/wp-content/uploads/2024/09/flashfloods-mae-sai.jpg								<PAGE_LINKS>https://www.bangkokpost.com/thailand/general/3315738/insurance-plan-to-cover-30m-households;https://www.chiangraitimes.com/chiang-rai/tachileik-floods-border-market-submerged-as-mae-sai-holds-the-line/;https://www.chiangraitimes.com/north-thailand/military-and-volunteers-rush-to-assist-nan-flood-victims/</PAGE_LINKS><PAGE_AUTHORS>Rebecca Kim</PAGE_AUTHORS><PAGE_PRECISEPUBTIMESTAMP>20260908004000</PAGE_PRECISEPUBTIMESTAMP><PAGE_TITLE>Thailand to Launch Massive National Disaster Insurance Scheme</PAGE_TITLE>
	20260908233000		bigislandnow.com	https://bigislandnow.com/2026/09/08/briefs-for-sept-8-registration-opens-for-transient-vacation-operators-hawai%CA%BBi-county-hosts-upcoming-workshops-events/				EDUCATION,1322;EDUCATION,1582;EDUCATION,1799;EDUCATION,2230;		2#Hawaii, United States#US#USHI##21.1098#-157.531#HI#5184;3#Kohala, Hawaii, United States#US#USHI#HI001#20.0833#-155.717#1853035#4423;3#Kohala, Hawaii, United States#US#USHI#HI001#20.0833#-155.717#1853035#4510;1#United States#US#US##39.828175#-98.5795#US#27;1#United States#US#US##39.828175#-98.5795#US#128;1#United States#US#US##39.828175#-98.5795#US#564;1#United States#US#US##39.828175#-98.5795#US#946;1#United States#US#US##39.828175#-98.5795#US#2284;1#United States#US#US##39.828175#-98.5795#US#4438;1#United States#US#US##39.828175#-98.5795#US#4525;2#Kentucky, United States#US#USKY##37.669#-84.6514#KY#2295;3#Louisville, Kentucky, United States#US#USKY#KY111#38.2542#-85.7594#509453#2269;4#Puna, Maharashtra, India#IN#IN16#70178#18.5333#73.8667#-2108361#4852;4#Puna, Maharashtra, India#IN#IN16#70178#18.5333#73.8667#-2108361#4935;3#Lincoln Park, Hawaii, United States#US#USHI#HI001#19.7242#-155.089#361855#12;3#Lincoln Park, Hawaii, United States#US#USHI#HI001#19.7242#-155.089#361855#113					3.15270935960591,3.94088669950739,0.788177339901478,4.72906403940887,18.0295566502463,0,866			https://cdn.bigislandnow.com/file/bigislandnow/2026/09/briefs-featured-1024x746.jpg								<PAGE_LINKS>https://HIECC2026.eventbrite.com;https://bigislandnow.com/2026/09/08/briefs-for-sept-8-registration-opens-for-transient-vacation-operators-hawai%CA%BBi-county-hosts-upcoming-workshops-events/mailto:OSCER@hawaiicounty.gov;https://bigislandnow.com/2026/09/08/briefs-for-sept-8-registration-opens-for-transient-vacation-operators-hawai%CA%BBi-county-hosts-upcoming-workshops-events/tel:(808)%20854-3129;https://playtennis.usta.com/lincolnparktennis;https://portal.deckard.com/hi-hawaii-str-portal;https://tinyurl.com/hiheatworkshops;https://www.planning.hawaiicounty.gov/resources/transient-vacation-rentals.</PAGE_LINKS><PAGE_TITLE>Briefs for Sept. 8: Registration opens for transient vacation operators, Hawai&#x2BB;i County hosts upcoming workshops, events : Big Island Now</PAGE_TITLE>
	20260908233000		spokesman.com	https://www.spokesman.com/stories/2026/sep/08/amid-0-2-start-idaho-looks-to-simplify-defense-est/						2#Louisiana, United States#US#USLA##31.1801#-91.8749#LA#447;2#Louisiana, United States#US#USLA##31.1801#-91.8749#LA#1929;2#Louisiana, United States#US#USLA##31.1801#-91.8749#LA#2105;2#Idaho, United States#US#USID##44.2394#-114.51#ID#22;2#Idaho, United States#US#USID##44.2394#-114.51#ID#254;2#Idaho, United States#US#USID##44.2394#-114.51#ID#826;2#Idaho, United States#US#USID##44.2394#-114.51#ID#1173;2#Idaho, United States#US#USID##44.2394#-114.51#ID#2158;2#Idaho, United States#US#USID##44.2394#-114.51#ID#2503;3#Cincinnati, Ohio, United States#US#USOH#OH061#39.162#-84.4569#1066650#1441;4#Moscow, Moskva, Russia#RS#RS48#25106#55.7522#37.6156#-2960561#6;2#Utah, United States#US#USUT##40.1135#-111.854#UT#180;2#Utah, United States#US#USUT##40.1135#-111.854#UT#693;2#Utah, United States#US#USUT##40.1135#-111.854#UT#2528					-4.57413249211356,1.41955835962145,5.99369085173502,7.41324921135647,26.1829652996845,1.41955835962145,582			https://thumb.spokesman.com/hkG-qZ7ekf6956-8HmFZw-kmLWk=/2400x1260/smart/media.spokesman.com/photos/2026/09/08/6aa08bf9f2ee2.hires.jpg								<PAGE_PRECISEPUBTIMESTAMP>20260908223900</PAGE_PRECISEPUBTIMESTAMP><PAGE_TITLE>Amid 0-2 start, Idaho looks to simplify defense, establish a more effective run game</PAGE_TITLE>
	20260908233000		riotimesonline.com	https://www.riotimesonline.com/egypt-msme-securitisation-cib-2026/				TAX_FNCACT_CHIEF,719;TAX_FNCACT_CHIEF,2708;TAX_FNCACT_LEADERS,7599;TAX_FNCACT_CHIEF_EXECUTIVE,729;TAX_FNCACT_CHIEF_EXECUTIVE,2718;TAX_FNCACT_ARRANGER,588;TAX_FNCACT_ARRANGER,2561;TAX_FNCACT_ARRANGER,4392;TAX_FNCACT_ARRANGER,7069;WB_1920_FINANCIAL_SECTOR_DEVELOPMENT,2666;WB_1920_FINANCIAL_SECTOR_DEVELOPMENT,4253;WB_332_CAPITAL_MARKETS,2666;WB_332_CAPITAL_MARKETS,4253;TAX_WORLDLANGUAGES_ARABIC,2823;TAX_WORLDLANGUAGES_LATIN,1282;TAX_WORLDLANGUAGES_LATIN,1354;TAX_WORLDLANGUAGES_LATIN,7617;CRISISLEX_C07_SAFETY,1576;UNGP_FORESTS_RIVERS_OCEANS,4727;TAX_ECON_PRICE,2501;ECON_INFLATION,5379;WB_1104_MACROECONOMIC_VULNERABILITY_AND_DEBT,5379;WB_442_INFLATION,5379;TAX_FNCACT_UNDERWRITER,643;TAX_FNCACT_UNDERWRITER,2575;TAX_FNCACT_UNDERWRITER,4406;TAX_FNCACT_UNDERWRITER,7124;TAX_ETHNICITY_AMERICAN,1291;TAX_ETHNICITY_AMERICAN,1363;SLFID_ECONOMIC_DEVELOPMENTAID,221;SLFID_ECONOMIC_DEVELOPMENTAID,960;SLFID_ECONOMIC_DEVELOPMENTAID,6950;TAX_FNCACT_CUSTODIAN,679;TAX_FNCACT_CUSTODIAN,2588;TAX_FNCACT_CUSTODIAN,4418;TAX_FNCACT_CUSTODIAN,7160;TAX_FNCACT_BUYER,2451;TAX_FNCACT_BUYER,6019;TAX_FNCACT_INVESTOR,4696;TAX_FNCACT_EXECUTIVE,729;TAX_FNCACT_EXECUTIVE,2718;WB_2745_JOB_QUALITY_AND_LABOR_MARKET_PERFORMANCE,3076;WB_2670_JOBS,3076;WB_2689_JOBS_DIAGNOSTICS,3076;WB_2748_EMPLOYMENT,3076;ECON_INTEREST_RATES,3626;EPU_POLICY_INTEREST_RATES,3626;EPU_CATS_MONETARY_POLICY,3626;TAX_FNCACT_MANAGING_DIRECTOR,2738;TAX_FNCACT_SHOPKEEPER,5050;TAX_FNCACT_MOVERS,7580;TAX_FNCACT_COORDINATOR,610;TAX_FNCACT_COORDINATOR,4432;TAX_FNCACT_COORDINATOR,7091;TAX_FNCACT_DIRECTOR,2738;WB_336_NON_BANK_FINANCIAL_INSTITUTIONS,4762;WB_611_PENSION_FUNDS,4762;TAX_FNCACT_DEPUTY,713;TAX_FNCACT_DEPUTY,2702;CRISISLEX_T04_INFRASTRUCTURE,1221;ECON_DEBT,6404;WB_450_DEBT,6404;RETIREMENT,4756;TAX_FNCACT_CANDIDATES,4800;ECON_CENTRALBANK,5404;WB_1235_CENTRAL_BANKS,5404;WB_318_FINANCIAL_ARCHITECTURE_AND_BANKING,5404;WB_1234_BANKING_INSTITUTIONS,5404;USPEC_POLICY1,5404;EPU_POLICY_CENTRAL_BANK,5404;TAX_FNCACT_MANAGER,629;TAX_FNCACT_MANAGER,7110;ECON_EMERGINGECON,4154;WB_696_PUBLIC_SECTOR_MANAGEMENT,3318;WB_696_PUBLIC_SECTOR_MANAGEMENT,7365;WB_713_PUBLIC_FINANCE,3318;WB_713_PUBLIC_FINANCE,7365;WB_1045_TREASURY,3318;WB_1045_TREASURY,7365;WB_678_DIGITAL_GOVERNMENT,190;WB_678_DIGITAL_GOVERNMENT,1847;WB_678_DIGITAL_GOVERNMENT,6919;WB_694_BROADCAST_AND_MEDIA,190;WB_694_BROADCAST_AND_MEDIA,1847;WB_694_BROADCAST_AND_MEDIA,6919;WB_133_INFORMATION_AND_COMMUNICATION_TECHNOLOGIES,190;WB_133_INFORMATION_AND_COMMUNICATION_TECHNOLOGIES,1847;WB_133_INFORMATION_AND_COMMUNICATION_TECHNOLOGIES,6919;		1#Egyptian#EG#EG##27#30#EG#3065;1#Egyptian#EG#EG##27#30#EG#5226;1#Egyptian#EG#EG##27#30#EG#5668;1#Egyptian#EG#EG##27#30#EG#5849;1#Egyptian#EG#EG##27#30#EG#6292;4#Giza, Al Jizah, Egypt#EG#EG08#65350#30.0086#31.2122#-290326#1101;4#Giza, Al Jizah, Egypt#EG#EG08#65350#30.0086#31.2122#-290326#1174;1#American#US#US##39.828175#-98.5795#US#1291;1#American#US#US##39.828175#-98.5795#US#1363;1#Egypt#EG#EG##27#30#EG#5;1#Egypt#EG#EG##27#30#EG#167;1#Egypt#EG#EG##27#30#EG#821;1#Egypt#EG#EG##27#30#EG#1042;1#Egypt#EG#EG##27#30#EG#1108;1#Egypt#EG#EG##27#30#EG#1143;1#Egypt#EG#EG##27#30#EG#1181;1#Egypt#EG#EG##27#30#EG#1235;1#Egypt#EG#EG##27#30#EG#1487;1#Egypt#EG#EG##27#30#EG#1824;1#Egypt#EG#EG##27#30#EG#2613;1#Egypt#EG#EG##27#30#EG#2941;1#Egypt#EG#EG##27#30#EG#3439;1#Egypt#EG#EG##27#30#EG#4238;1#Egypt#EG#EG##27#30#EG#4558;1#Egypt#EG#EG##27#30#EG#6386;1#Egypt#EG#EG##27#30#EG#6526;1#Egypt#EG#EG##27#30#EG#6896;1#America#US#US##39.828175#-98.5795#US#7625;4#Cairo, Al Qahirah, Egypt#EG#EG11#65350#30.05#31.25#-290692#1136					0.392772977219167,1.49253731343284,1.09976433621367,2.5923016496465,23.095051060487,0.2356637863315,1160			https://www.riotimesonline.com/wp-content/uploads/2026/08/b1_hsbc-scaled.jpg								<PAGE_LINKS>https://www.riotimesonline.com/corrections/;https://www.riotimesonline.com/how-we-use-ai/;https://www.riotimesonline.com/latam-markets/</PAGE_LINKS><PAGE_AUTHORS>Samuel Ncube</PAGE_AUTHORS><PAGE_PRECISEPUBTIMESTAMP>20260908211100</PAGE_PRECISEPUBTIMESTAMP><PAGE_TITLE>Egypt MSME Securitisation Raises EGP 1.383bn at CIB</PAGE_TITLE>
	20260908233000		wvmetronews.com	https://wvmetronews.com/2026/09/08/it-has-to-be-jim/						2#West Virginia, United States#US#USWV##38.468#-80.9696#WV#1359					1.57790927021696,4.53648915187377,2.9585798816568,7.49506903353057,22.4852071005917,0.394477317554241,450			https://wvmetronews.com/wp-content/uploads/2022/11/metronews-plug.jpg								<PAGE_LINKS>https://www.investopedia.com/articles/investing/041516/who-are-americas-7richest-senators.asp</PAGE_LINKS><PAGE_AUTHORS>TJ Meadows;Dave Wilson</PAGE_AUTHORS><PAGE_PRECISEPUBTIMESTAMP>20260908231500</PAGE_PRECISEPUBTIMESTAMP><PAGE_TITLE>'It Has to Be Jim' - WV MetroNews</PAGE_TITLE>
	20260908233000		wuwf.org	https://www.wuwf.org/music-arts/2026-09-03/an-epic-train-chase-is-turning-100-and-buster-keaton-fans-are-celebrating				TAX_FNCACT_COMEDIAN,87;MANMADE_DISASTER_IMPLIED,157;MANMADE_DISASTER_IMPLIED,5246;MANMADE_DISASTER_IMPLIED,6141;MANMADE_DISASTER_IMPLIED,7379;MANMADE_DISASTER_IMPLIED,7644;MANMADE_DISASTER_IMPLIED,8388;PUBLIC_TRANSPORT,157;PUBLIC_TRANSPORT,5246;PUBLIC_TRANSPORT,6141;PUBLIC_TRANSPORT,7379;PUBLIC_TRANSPORT,7644;PUBLIC_TRANSPORT,8388;TAX_FNCACT_FILM_STAR,76;TAX_FNCACT_FILM_STAR,2174;WB_2670_JOBS,4785;WB_696_PUBLIC_SECTOR_MANAGEMENT,4785;WB_2048_COMPENSATION_CAREERS_AND_INCENTIVES,4785;WB_723_PUBLIC_ADMINISTRATION,4785;WB_724_HUMAN_RESOURCES_FOR_PUBLIC_SECTOR,4785;UNGP_FORESTS_RIVERS_OCEANS,5511;TAX_FNCACT_JUDGES,2849;WB_135_TRANSPORT,5574;WB_135_TRANSPORT,5679;WB_1803_TRANSPORT_INFRASTRUCTURE,5574;WB_1803_TRANSPORT_INFRASTRUCTURE,5679;WB_166_RAILWAYS,5574;WB_166_RAILWAYS,5679;WB_2931_IRON,7459;WB_507_ENERGY_AND_EXTRACTIVES,7459;WB_895_MINING_SYSTEMS,7459;WB_1699_METAL_ORE_MINING,7459;RURAL,287;EPU_CATS_NATIONAL_SECURITY,54;EPU_CATS_NATIONAL_SECURITY,5965;TAX_FNCACT_SPEAKER,2257;TAX_FNCACT_ENGINEER,6442;TAX_FNCACT_ENGINEER,7034;TAX_FNCACT_DETECTIVE,2949;TAX_ECON_PRICE,6017;TAX_ECON_PRICE,6626;WB_137_WATER,6162;WB_137_WATER,7063;WB_137_WATER,8288;TAX_FNCACT_FATHER,2003;TAX_FNCACT_ELDER,2191;WB_1609_FOOD_AND_IN_KIND_TRANSFERS,2191;WB_1620_ELDERLY,2191;WB_1466_SOCIAL_ASSISTANCE,2191;WB_1618_FOOD_DISTRIBUTION,2191;WB_697_SOCIAL_PROTECTION_AND_LABOR,2191;TAX_WORLDLANGUAGES_OREGON,5478;REBELLION,54;REBELLION,5965;WB_739_POLITICAL_VIOLENCE_AND_CIVIL_WAR,54;WB_739_POLITICAL_VIOLENCE_AND_CIVIL_WAR,5965;WB_738_SOCIAL_COHESION,54;WB_738_SOCIAL_COHESION,5965;WB_134_SOCIAL_DEVELOPMENT,54;WB_134_SOCIAL_DEVELOPMENT,5965;TAX_FNCACT_STUDENT,8604;TAX_ETHNICITY_BLACK,8091;TAX_WORLDMAMMALS_DOG,6255;TAX_FNCACT_ACTOR,3569;EDUCATION,4344;EDUCATION,8623;SOC_POINTSOFINTEREST_COLLEGE,4344;SOC_POINTSOFINTEREST_COLLEGE,8623;TAX_FNCACT_ORGANIZER,1281;TAX_FNCACT_ORGANIZER,6693;LEADER,1209;LEADER,6743;TAX_FNCACT_PRESIDENT,1209;TAX_FNCACT_PRESIDENT,6743;USPEC_POLITICS_GENERAL1,1209;USPEC_POLITICS_GENERAL1,6743;TAX_FNCACT_MAN,4385;TAX_FNCACT_ENTERTAINER,2226;RAIL_INCIDENT,5252;RAIL_INCIDENT,6147;RAIL_INCIDENT,7650;MANMADE_DISASTER_TRAIN_CRASH,5252;MANMADE_DISASTER_TRAIN_CRASH,6147;MANMADE_DISASTER_TRAIN_CRASH,7650;MARITIME_INCIDENT,5686;MARITIME_INCIDENT,6392;MARITIME_INCIDENT,7371;MARITIME_INCIDENT,8352;MARITIME,5686;MARITIME,6392;MARITIME,7371;MARITIME,8352;MEDIA_MSM,6953;TAX_WORLDLANGUAGES_MACHE,7025;CRISISLEX_CRISISLEXREC,7356;KILL,4293;CRISISLEX_T03_DEAD,4293;EPU_CATS_REGULATION,9104;TAX_FNCACT_WOMAN,7000;		3#Cottage Grove, Oregon, United States#US#USOR#OR039#43.7976#-123.06#1166636#194;3#Cottage Grove, Oregon, United States#US#USOR#OR039#43.7976#-123.06#1166636#752;3#Cottage Grove, Oregon, United States#US#USOR#OR039#43.7976#-123.06#1166636#1120;3#Cottage Grove, Oregon, United States#US#USOR#OR039#43.7976#-123.06#1166636#1230;3#Cottage Grove, Oregon, United States#US#USOR#OR039#43.7976#-123.06#1166636#1496;3#Cottage Grove, Oregon, United States#US#USOR#OR039#43.7976#-123.06#1166636#5533;3#Cottage Grove, Oregon, United States#US#USOR#OR039#43.7976#-123.06#1166636#5717;3#Cottage Grove, Oregon, United States#US#USOR#OR039#43.7976#-123.06#1166636#6484;3#Cottage Grove, Oregon, United States#US#USOR#OR039#43.7976#-123.06#1166636#6764;3#Cottage Grove, Oregon, United States#US#USOR#OR039#43.7976#-123.06#1166636#6835;2#Georgia, United States#US#USGA##32.9866#-83.6487#GA#5364;2#Oregon, United States#US#USOR##44.5672#-122.127#OR#5478;3#Culp Creek, Oregon, United States#US#USOR#OR039#43.7035#-122.848#1140531#6104;3#Culp Creek, Oregon, United States#US#USOR#OR039#43.7035#-122.848#1140531#7568;3#Portland, Oregon, United States#US#USOR#OR051#45.5235#-122.676#1136645#2805;1#Canada#CA#CA##60#-96#CA#1931;1#Canada#CA#CA##60#-96#CA#2607;3#Chicago, Illinois, United States#US#USIL#IL031#41.85#-87.6501#423587#1560;3#Chicago, Illinois, United States#US#USIL#IL031#41.85#-87.6501#423587#2641;3#Row River, Oregon, United States#US#USOR#OR039#43.8207#-123.043#1148810#7537					0.503778337531486,3.3375314861461,2.83375314861461,6.17128463476071,20.7178841309824,0.818639798488665,1457			http://npr-brightspot.s3.amazonaws.com/fd/c1/5c65b5e245978b75506309f6d21e/2026-08-29-busterkeatonfestival-krossow-7915.jpg								<PAGE_LINKS>https://www.tcm.com/articles/silent/92535/sherlock-jr-1924;https://www.youtube.com/watch</PAGE_LINKS><PAGE_ALTURL_AMP>https://www.wuwf.org/music-arts/2026-09-03/an-epic-train-chase-is-turning-100-and-buster-keaton-fans-are-celebrating?_amp=true</PAGE_ALTURL_AMP><PAGE_TITLE>An epic train chase is turning 100 &#x2014; and Buster Keaton fans are celebrating</PAGE_TITLE>
	20260908233000		indiatimes.com	https://timesofindia.indiatimes.com/city/allahabad/poll-code-case-hc-stays-trial-against-sp-mp-iqra-hasan/articleshow/133939180.cms				WB_696_PUBLIC_SECTOR_MANAGEMENT,272;WB_2048_COMPENSATION_CAREERS_AND_INCENTIVES,272;WB_723_PUBLIC_ADMINISTRATION,272;WB_724_HUMAN_RESOURCES_FOR_PUBLIC_SECTOR,272;WB_2089_ETHICS_AND_CODES_OF_CONDUCT,272;SOC_POINTSOFINTEREST_POLICE_STATION,734;USPEC_POLITICS_GENERAL1,189;WB_2024_ANTI_CORRUPTION_AUTHORITIES,819;WB_2025_INVESTIGATION,819;WB_831_GOVERNANCE,819;WB_832_ANTI_CORRUPTION,819;WB_1014_CRIMINAL_JUSTICE,819;SECURITY_SERVICES,726;TAX_FNCACT_POLICE,726;CRISISLEX_C07_SAFETY,726;EPU_POLICY_POLITICAL,649;TAX_FNCACT_CRIMINAL,153;TAX_FNCACT_CRIMINAL,515;TAX_FNCACT_CRIMINAL,612;TAX_FNCACT_CRIMINAL,944;TAX_POLITICAL_PARTY_SAMAJWADI_PARTY,189;WB_840_JUSTICE,337;TAX_MILITARY_TITLE_OFFICER,847;TAX_FNCACT_OFFICER,847;ELECTION,305;ELECTION,791;		4#Kairana, Uttar Pradesh, India#IN#IN36#17929#29.4#77.2#-2098952#432;4#Shamli, Uttar Pradesh, India#IN#IN36#17929#29.45#77.3167#-2110933#744;4#Shamli, Uttar Pradesh, India#IN#IN36#17929#29.45#77.3167#-2110933#918;4#Shamli, Uttar Pradesh, India#IN#IN36#17929#29.45#77.3167#-2110933#1035;4#Allahabad, Uttar Pradesh, India#IN#IN36#70270#25.45#81.85#-2088510#104					-4.02298850574713,1.72413793103448,5.74712643678161,7.47126436781609,22.4137931034483,0,170			https://static.toiimg.com/thumb/msid-133939178,width-1280,height-720,resizemode-6,overlay-toi_sw,pt-32,y_pad-600/photo.jpg								<PAGE_LINKS>https://timesofindia.indiatimes.com/topic/samajwadi-party</PAGE_LINKS><PAGE_ALTURL_AMP>https://timesofindia.indiatimes.com/city/allahabad/poll-code-case-hc-stays-trial-against-sp-mp-iqra-hasan/amp_articleshow/133939180.cms</PAGE_ALTURL_AMP><PAGE_TITLE>Poll code case: HC stays trial against SP MP Iqra Hasan</PAGE_TITLE>
	20260908233000		perthnow.com.au	https://www.perthnow.com.au/news/world/travel-chaos-at-uk-airports-as-more-than-600-flights-cancelled-due-to-air-traffic-control-issue-c-22843619				USPEC_POLICY1,1377;EPU_POLICY_BUDGET,1377;TAX_FNCACT_ENGINEERS,353;CRISISLEX_CRISISLEXREC,623;SOC_POINTSOFINTEREST_AIRPORTS,152;SOC_POINTSOFINTEREST_AIRPORTS,490;SOC_POINTSOFINTEREST_AIRPORTS,685;SOC_POINTSOFINTEREST_AIRPORTS,1138;WB_1804_AIRPORTS,152;WB_1804_AIRPORTS,490;WB_1804_AIRPORTS,685;WB_1804_AIRPORTS,1138;MEDIA_SOCIAL,938;WB_652_ICT_APPLICATIONS,938;WB_662_SOCIAL_MEDIA,938;WB_658_ENTERPRISE_APPLICATIONS,938;WB_1810_TRAFFIC_CONTROL_AND_MONITORING,103;WB_1810_TRAFFIC_CONTROL_AND_MONITORING,522;WB_135_TRANSPORT,103;WB_135_TRANSPORT,522;WB_1803_TRANSPORT_INFRASTRUCTURE,103;WB_1803_TRANSPORT_INFRASTRUCTURE,522;AFFECT,405;AFFECT,1129;MANMADE_DISASTER_IMPLIED,87;MANMADE_DISASTER_IMPLIED,257;MANMADE_DISASTER_IMPLIED,506;TRAFFIC,95;TRAFFIC,265;TRAFFIC,514;DELAY,1481;USPEC_UNCERTAINTY1,1481;WB_678_DIGITAL_GOVERNMENT,938;WB_694_BROADCAST_AND_MEDIA,938;WB_133_INFORMATION_AND_COMMUNICATION_TECHNOLOGIES,938;		1#British#UK#UK##54#-4#UK#833;1#Scotland#UK#UK##54#-4#UK#1288;4#London, London, City Of, United Kingdom#UK#UKH9#40110#51.5#-0.116667#-2601889#704;4#London, London, City Of, United Kingdom#UK#UKH9#40110#51.5#-0.116667#-2601889#1173;4#Manchester, Manchester, United Kingdom#UK#UKI2#40118#53.5#-2.21667#-2602512#1222;1#United Kingdom#UK#UK##54#-4#UK#178;1#United Kingdom#UK#UK##54#-4#UK#439;1#United Kingdom#UK#UK##54#-4#UK#481;1#United Kingdom#UK#UK##54#-4#UK#676;1#United Kingdom#UK#UK##54#-4#UK#720;1#United Kingdom#UK#UK##54#-4#UK#745;1#United Kingdom#UK#UK##54#-4#UK#1189;1#United Kingdom#UK#UK##54#-4#UK#1238;1#United Kingdom#UK#UK##54#-4#UK#1277;1#United Kingdom#UK#UK##54#-4#UK#1533;1#Britain#UK#UK##54#-4#UK#83;1#Britain#UK#UK##54#-4#UK#244;4#Gatwick, Surrey, United Kingdom#UK#UKN7#40133#51.1667#-0.183333#-2596850#1261;4#Heathrow, Hillingdon, United Kingdom#UK#UKF9#40133#51.4667#-0.45#-2598406#729;4#Heathrow, Hillingdon, United Kingdom#UK#UKF9#40133#51.4667#-0.45#-2598406#1517					-7.85123966942149,0.413223140495868,8.26446280991736,8.67768595041322,21.900826446281,0.413223140495868,240			https://images.perthnow.com.au/publication/C-22843619/965afbb27bf58ae79aec72e1e5357dd5cf47ffb3-16x9-x0y0w1280h720.png?imwidth=1200								<PAGE_LINKS>https://7news.com.au/travel/uk;https://www.flightradar24.com/airport/lhr;https://www.nats.aero/news/technical-issue-causing-some-disruption-to-flight-departures/</PAGE_LINKS><PAGE_PRECISEPUBTIMESTAMP>20260908225300</PAGE_PRECISEPUBTIMESTAMP><PAGE_TITLE>Travel chaos at UK airports as more than 600 flights cancelled due to air traffic control issue</PAGE_TITLE>
	20260908233000		bleedingcool.com	https://bleedingcool.com/tv/american-horror-story-13-posts-constance-langdon-look-coven-recap/				TAX_ETHNICITY_AMERICAN,53;TAX_ETHNICITY_AMERICAN,82;TAX_ETHNICITY_AMERICAN,157;TAX_ETHNICITY_AMERICAN,344;TAX_ETHNICITY_AMERICAN,483;TAX_ETHNICITY_AMERICAN,589;TAX_ETHNICITY_AMERICAN,878;TAX_ETHNICITY_AMERICAN,1270;TAX_ETHNICITY_AMERICAN,1319;TAX_ETHNICITY_AMERICAN,1540;TAX_ETHNICITY_AMERICAN,1768;TAX_ETHNICITY_AMERICAN,2029;TAX_ETHNICITY_AMERICAN,2267;TAX_ETHNICITY_AMERICAN,2486;TAX_ETHNICITY_AMERICAN,2754;TAX_ETHNICITY_AMERICAN,2827;TAX_ETHNICITY_AMERICAN,3229;TAX_ETHNICITY_AMERICAN,4387;TAX_ETHNICITY_AMERICAN,4998;TAX_ETHNICITY_AMERICAN,5508;TAX_ETHNICITY_AMERICAN,5851;TAX_ETHNICITY_AMERICAN,5886;TAX_ETHNICITY_AMERICAN,6435;TAX_ETHNICITY_AMERICAN,6948;TAX_ETHNICITY_AMERICAN,8437;TAX_ETHNICITY_AMERICAN,8769;TAX_ETHNICITY_AMERICAN,9253;		1#American#US#US##39.828175#-98.5795#US#53;1#American#US#US##39.828175#-98.5795#US#82;1#American#US#US##39.828175#-98.5795#US#157;1#American#US#US##39.828175#-98.5795#US#344;1#American#US#US##39.828175#-98.5795#US#483;1#American#US#US##39.828175#-98.5795#US#589;1#American#US#US##39.828175#-98.5795#US#878;1#American#US#US##39.828175#-98.5795#US#1270;1#American#US#US##39.828175#-98.5795#US#1319;1#American#US#US##39.828175#-98.5795#US#1540;1#American#US#US##39.828175#-98.5795#US#1768;1#American#US#US##39.828175#-98.5795#US#2029;1#American#US#US##39.828175#-98.5795#US#2267;1#American#US#US##39.828175#-98.5795#US#2486;1#American#US#US##39.828175#-98.5795#US#2754;1#American#US#US##39.828175#-98.5795#US#2827;1#American#US#US##39.828175#-98.5795#US#3229;1#American#US#US##39.828175#-98.5795#US#4387;1#American#US#US##39.828175#-98.5795#US#4998;1#American#US#US##39.828175#-98.5795#US#5508;1#American#US#US##39.828175#-98.5795#US#5851;1#American#US#US##39.828175#-98.5795#US#5886;1#American#US#US##39.828175#-98.5795#US#6435;1#American#US#US##39.828175#-98.5795#US#6948;1#American#US#US##39.828175#-98.5795#US#8437;1#American#US#US##39.828175#-98.5795#US#8769;1#American#US#US##39.828175#-98.5795#US#9253;3#Hollywood, California, United States#US#USCA#CA037#34.0983#-118.327#1660757#5616					-0.613496932515338,2.73284997211378,3.34634690462911,6.07919687674289,20.4127161182376,1.33853876185165,1566			https://bleedingcool.com/wp-content/uploads/2026/09/MixCollage-08-Sep-2026-04-38-PM-1435-2000x1125.jpg								<PAGE_LINKS>https://bleedingcool.com/tag/ahs-13/;https://bleedingcool.com/tag/american-horror-story-13/;https://t.co/z2WmpZqw4Y;https://www.hollywoodreporter.com/tv/tv-features/american-horror-story-season-13-ariana-grande-ryan-murphy-1236666234/;https://www.instagram.com/americanhorrorstory/p/DdCdqivPFif/;https://www.instagram.com/p/Db8sg0QkWdG/;https://www.instagram.com/reel/DdCEOh1DLuw/;https://www.vogue.com/article/ahs-13-first-look-jessica-lange-sarah-paulson-paul-anthony-kelly;https://www.youtube.com/@FXNetworks;https://x.com/etnow/status/2075307133961376085</PAGE_LINKS><PAGE_TITLE>American Horror Story: 13 Posts Constance Langdon Look, Coven Recap</PAGE_TITLE>
	20260908233000		dailypolitical.com	https://www.dailypolitical.com/2026/09/08/dimensional-global-core-plus-fixed-income-etf-dfgp-shares-acquired-by-allworth-financial-lp.html				ECON_STOCKMARKET,105;ECON_STOCKMARKET,3153;ECON_STOCKMARKET,3276;CORRUPTION,3096;ECON_DEBT,2845;WB_1104_MACROECONOMIC_VULNERABILITY_AND_DEBT,2845;WB_450_DEBT,2845;WB_698_TRADE,2137;WB_698_TRADE,2198;EPU_ECONOMY_HISTORIC,2438;TAX_FNCACT_INSIDER,3089;TAX_FNCACT_ANALYST,3459;TAX_ECON_PRICE,2467;TAX_ECON_PRICE,2505;							1.11821086261981,1.2779552715655,0.159744408945687,1.43769968051118,17.5718849840256,0,582											<PAGE_LINKS>https://www.dailypolitical.com/daily-email-updates-basic/;https://www.holdingschannel.com/hedge-funds/holding-dfgp/;https://www.marketbeat.com/arnreports/ReportTickerOptin.aspx;https://www.marketbeat.com/stocks/NASDAQ/DFGP/</PAGE_LINKS><PAGE_AUTHORS>Jeff Wilder</PAGE_AUTHORS><PAGE_TITLE>Dimensional Global Core Plus Fixed Income ETF $DFGP Shares Acquired by Allworth Financial LP</PAGE_TITLE>
	20260908233000		magnoliareporter.com	https://www.magnoliareporter.com/news_and_business/lafayette_county/article_f27f29c5-8dc9-428e-8d52-3bc9d61888bb.html				TAX_ECON_PRICE,1020;TAX_ECON_PRICE,5939;CLOSURE,2169;UNGP_FORESTS_RIVERS_OCEANS,4208;UNGP_FORESTS_RIVERS_OCEANS,5108;WB_368_LEASING,3595;WB_368_LEASING,3643;WB_368_LEASING,4831;WB_368_LEASING,6234;WB_507_ENERGY_AND_EXTRACTIVES,4199;WB_895_MINING_SYSTEMS,4199;WB_896_GEOLOGICAL_MAPPING_AND_DATABASES,4199;WB_2286_GEOLOGICAL_SURVEY,4199;EPU_ECONOMY,111;EPU_ECONOMY,799;EPU_ECONOMY,4297;EPU_ECONOMY,4402;EPU_ECONOMY,5872;EPU_ECONOMY_HISTORIC,111;EPU_ECONOMY_HISTORIC,799;EPU_ECONOMY_HISTORIC,4297;EPU_ECONOMY_HISTORIC,4402;EPU_ECONOMY_HISTORIC,5872;CRISISLEX_T11_UPDATESSYMPATHY,4631;LEADER,4455;TAX_FNCACT_PRESIDENT,4455;USPEC_POLITICS_GENERAL1,4455;		1#America#US#US##39.828175#-98.5795#US#4618;2#Arkansas, United States#US#USAR##34.9513#-92.3809#AR#345;2#Arkansas, United States#US#USAR##34.9513#-92.3809#AR#1580;2#Texas, United States#US#USTX##31.106#-97.6475#TX#358;2#Texas, United States#US#USTX##31.106#-97.6475#TX#426;2#Texas, United States#US#USTX##31.106#-97.6475#TX#722;2#Texas, United States#US#USTX##31.106#-97.6475#TX#5140;3#Smackover, Arkansas, United States#US#USAR#AR139#33.3648#-92.7249#58637#20;3#Smackover, Arkansas, United States#US#USAR#AR139#33.3648#-92.7249#58637#197;3#Smackover, Arkansas, United States#US#USAR#AR139#33.3648#-92.7249#58637#450;3#Smackover, Arkansas, United States#US#USAR#AR139#33.3648#-92.7249#58637#6520;3#Smackover, Arkansas, United States#US#USAR#AR139#33.3648#-92.7249#58637#6556;3#Smackover, Arkansas, United States#US#USAR#AR139#33.3648#-92.7249#58637#6638;3#Mount Vernon, Arkansas, United States#US#USAR#AR027#33.3296#-93.3802#57132#6194;3#Texarkana, Arkansas, United States#US#USAR#AR091#33.4418#-94.0377#78542#169					1.39130434782609,2.60869565217391,1.21739130434783,3.82608695652174,20.2608695652174,0.608695652173913,1050			https://bloximages.chicago2.vip.townnews.com/magnoliareporter.com/content/tncms/assets/v3/editorial/4/33/43398264-e95c-47c1-8b70-ce8db4f77058/6aa06a0763e16.image.png?crop=1458%2C765%2C0%2C73								<PAGE_PRECISEPUBTIMESTAMP>20260908200000</PAGE_PRECISEPUBTIMESTAMP><PAGE_TITLE>Smackover Lithium gets positive news about prospective East Texas production</PAGE_TITLE>
	20260908233000		pleasantonexpress.com	https://www.pleasantonexpress.com/public_notices/public-notices---09-09-2026/article_afc87c1a-0599-48ea-b878-695e9b95756a.html				TAX_FNCACT_COMMISSIONER,7713;TAX_FNCACT_COMMISSIONER,7950;TAX_FNCACT_COMMISSIONER,18537;TAX_FNCACT_COMMISSIONER,19542;TAX_FNCACT_COMMISSIONER,19652;TAX_FNCACT_COMMISSIONER,19719;TAX_FNCACT_COMMISSIONER,19829;TAX_FNCACT_COMMISSIONER,19896;TAX_FNCACT_COMMISSIONER,20006;TAX_FNCACT_COMMISSIONER,20073;TAX_FNCACT_COMMISSIONER,20183;AFFECT,3262;GOV_LOCALGOV,6983;GOV_LOCALGOV,7047;GOV_LOCALGOV,18770;WB_2142_LOCAL_GOVERNMENT,6983;WB_2142_LOCAL_GOVERNMENT,7047;WB_2142_LOCAL_GOVERNMENT,18770;WB_1502_EDUCATIONAL_DECENTRALIZATION,6983;WB_1502_EDUCATIONAL_DECENTRALIZATION,7047;WB_1502_EDUCATIONAL_DECENTRALIZATION,18770;WB_470_EDUCATION,6983;WB_470_EDUCATION,7047;WB_470_EDUCATION,18770;WB_1497_EDUCATION_MANAGEMENT_AND_ADMINISTRATION,6983;WB_1497_EDUCATION_MANAGEMENT_AND_ADMINISTRATION,7047;WB_1497_EDUCATION_MANAGEMENT_AND_ADMINISTRATION,18770;TAX_FNCACT_JUSTICE_OF_THE_PEACE,20819;TAX_FNCACT_JUSTICE_OF_THE_PEACE,20895;TAX_FNCACT_JUSTICE_OF_THE_PEACE,20970;TAX_FNCACT_JUSTICE_OF_THE_PEACE,21046;TAX_FNCACT_JUSTICE_OF_THE_PEACE,21121;TAX_FNCACT_JUSTICE_OF_THE_PEACE,21197;TAX_FNCACT_JUSTICE_OF_THE_PEACE,21272;TAX_FNCACT_JUSTICE_OF_THE_PEACE,21348;CRISISLEX_C03_WELLBEING_HEALTH,3480;WB_2048_COMPENSATION_CAREERS_AND_INCENTIVES,16561;WB_2048_COMPENSATION_CAREERS_AND_INCENTIVES,16679;WB_2048_COMPENSATION_CAREERS_AND_INCENTIVES,17003;WB_2048_COMPENSATION_CAREERS_AND_INCENTIVES,17527;WB_723_PUBLIC_ADMINISTRATION,16561;WB_723_PUBLIC_ADMINISTRATION,16679;WB_723_PUBLIC_ADMINISTRATION,17003;WB_723_PUBLIC_ADMINISTRATION,17527;WB_724_HUMAN_RESOURCES_FOR_PUBLIC_SECTOR,16561;WB_724_HUMAN_RESOURCES_FOR_PUBLIC_SECTOR,16679;WB_724_HUMAN_RESOURCES_FOR_PUBLIC_SECTOR,17003;WB_724_HUMAN_RESOURCES_FOR_PUBLIC_SECTOR,17527;GENERAL_HEALTH,1978;GENERAL_HEALTH,2051;GENERAL_HEALTH,2127;GENERAL_HEALTH,2270;GENERAL_HEALTH,3640;GENERAL_HEALTH,3865;GENERAL_HEALTH,3965;GENERAL_HEALTH,3999;GENERAL_HEALTH,16543;GENERAL_HEALTH,16661;GENERAL_HEALTH,16865;MEDICAL,1978;MEDICAL,2051;MEDICAL,2127;MEDICAL,2270;MEDICAL,3640;MEDICAL,3865;MEDICAL,3965;MEDICAL,3999;MEDICAL,16543;MEDICAL,16661;MEDICAL,16865;ECON_TAXATION,6947;ECON_TAXATION,7096;ECON_TAXATION,7126;ECON_TAXATION,7495;ECON_TAXATION,7898;ECON_TAXATION,7994;ECON_TAXATION,8019;ECON_TAXATION,8075;ECON_TAXATION,8133;ECON_TAXATION,8320;ECON_TAXATION,8376;ECON_TAXATION,8440;ECON_TAXATION,9228;ECON_TAXATION,9334;ECON_TAXATION,9503;ECON_TAXATION,9638;ECON_TAXATION,10083;ECON_TAXATION,10226;ECON_TAXATION,13066;ECON_TAXATION,13086;ECON_TAXATION,13131;ECON_TAXATION,13176;ECON_TAXATION,13223;ECON_TAXATION,13239;ECON_TAXATION,13258;ECON_TAXATION,13311;ECON_TAXATION,13397;ECON_TAXATION,13414;ECON_TAXATION,13444;ECON_TAXATION,13468;ECON_TAXATION,13602;ECON_TAXATION,13644;ECON_TAXATION,13751;ECON_TAXATION,13796;ECON_TAXATION,13979;ECON_TAXATION,14026;ECON_TAXATION,14166;ECON_TAXATION,14248;ECON_TAXATION,14447;ECON_TAXATION,14515;ECON_TAXATION,14528;ECON_TAXATION,14848;ECON_TAXATION,15197;ECON_TAXATION,15235;ECON_TAXATION,15268;ECON_TAXATION,15540;ECON_TAXATION,15771;ECON_TAXATION,16794;ECON_TAXATION,17442;ECON_TAXATION,17822;ECON_TAXATION,18012;ECON_TAXATION,18050;ECON_TAXATION,20605;ECON_TAXATION,20672;ECON_TAXATION,20738;ECON_TAXATION,22275;ECON_TAXATION,22292;ECON_TAXATION,22423;ECON_TAXATION,22468;ECON_TAXATION,22513;ECON_TAXATION,22597;ECON_TAXATION,22613;ECON_TAXATION,22632;ECON_TAXATION,22685;ECON_TAXATION,22778;ECON_TAXATION,22795;ECON_TAXATION,22825;ECON_TAXATION,22849;ECON_TAXATION,23071;ECON_TAXATION,23138;ECON_TAXATION,23180;ECON_TAXATION,23294;ECON_TAXATION,23339;ECON_TAXATION,23543;ECON_TAXATION,23590;ECON_TAXATION,23797;ECON_TAXATION,24034;ECON_TAXATION,24047;ECON_TAXATION,24151;ECON_TAXATION,24443;ECON_TAXATION,24793;ECON_TAXATION,24971;ECON_TAXATION,25074;ECON_TAXATION,25202;ECON_TAXATION,25271;EPU_POLICY_TAX,6947;EPU_POLICY_TAX,7096;EPU_POLICY_TAX,7126;EPU_POLICY_TAX,7495;EPU_POLICY_TAX,7898;EPU_POLICY_TAX,7994;EPU_POLICY_TAX,8019;EPU_POLICY_TAX,8075;EPU_POLICY_TAX,8133;EPU_POLICY_TAX,8320;EPU_POLICY_TAX,8376;EPU_POLICY_TAX,8440;EPU_POLICY_TAX,9228;EPU_POLICY_TAX,9334;EPU_POLICY_TAX,9503;EPU_POLICY_TAX,9638;EPU_POLICY_TAX,10083;EPU_POLICY_TAX,10226;EPU_POLICY_TAX,13066;EPU_POLICY_TAX,13086;EPU_POLICY_TAX,13131;EPU_POLICY_TAX,13176;EPU_POLICY_TAX,13223;EPU_POLICY_TAX,13239;EPU_POLICY_TAX,13258;EPU_POLICY_TAX,13311;EPU_POLICY_TAX,13397;EPU_POLICY_TAX,13414;EPU_POLICY_TAX,13444;EPU_POLICY_TAX,13468;EPU_POLICY_TAX,13602;EPU_POLICY_TAX,13644;EPU_POLICY_TAX,13751;EPU_POLICY_TAX,13796;EPU_POLICY_TAX,13979;EPU_POLICY_TAX,14026;EPU_POLICY_TAX,14166;EPU_POLICY_TAX,14248;EPU_POLICY_TAX,14447;EPU_POLICY_TAX,14515;EPU_POLICY_TAX,14528;EPU_POLICY_TAX,14848;EPU_POLICY_TAX,15197;EPU_POLICY_TAX,15235;EPU_POLICY_TAX,15268;EPU_POLICY_TAX,15540;EPU_POLICY_TAX,15771;EPU_POLICY_TAX,16794;EPU_POLICY_TAX,17442;EPU_POLICY_TAX,17822;EPU_POLICY_TAX,18012;EPU_POLICY_TAX,18050;EPU_POLICY_TAX,20605;EPU_POLICY_TAX,20672;EPU_POLICY_TAX,20738;EPU_POLICY_TAX,22275;EPU_POLICY_TAX,22292;EPU_POLICY_TAX,22423;EPU_POLICY_TAX,22468;EPU_POLICY_TAX,22513;EPU_POLICY_TAX,22597;EPU_POLICY_TAX,22613;EPU_POLICY_TAX,22632;EPU_POLICY_TAX,22685;EPU_POLICY_TAX,22778;EPU_POLICY_TAX,22795;EPU_POLICY_TAX,22825;EPU_POLICY_TAX,22849;EPU_POLICY_TAX,23071;EPU_POLICY_TAX,23138;EPU_POLICY_TAX,23180;EPU_POLICY_TAX,23294;EPU_POLICY_TAX,23339;EPU_POLICY_TAX,23543;EPU_POLICY_TAX,23590;EPU_POLICY_TAX,23797;EPU_POLICY_TAX,24034;EPU_POLICY_TAX,24047;EPU_POLICY_TAX,24151;EPU_POLICY_TAX,24443;EPU_POLICY_TAX,24793;EPU_POLICY_TAX,24971;EPU_POLICY_TAX,25074;EPU_POLICY_TAX,25202;EPU_POLICY_TAX,25271;EPU_CATS_TAXES,6947;EPU_CATS_TAXES,7096;EPU_CATS_TAXES,7126;EPU_CATS_TAXES,7495;EPU_CATS_TAXES,7898;EPU_CATS_TAXES,7994;EPU_CATS_TAXES,8019;EPU_CATS_TAXES,8075;EPU_CATS_TAXES,8133;EPU_CATS_TAXES,8320;EPU_CATS_TAXES,8376;EPU_CATS_TAXES,8440;EPU_CATS_TAXES,9228;EPU_CATS_TAXES,9334;EPU_CATS_TAXES,9503;EPU_CATS_TAXES,9638;EPU_CATS_TAXES,10083;EPU_CATS_TAXES,10226;EPU_CATS_TAXES,13066;EPU_CATS_TAXES,13086;EPU_CATS_TAXES,13131;EPU_CATS_TAXES,13176;EPU_CATS_TAXES,13223;EPU_CATS_TAXES,13239;EPU_CATS_TAXES,13258;EPU_CATS_TAXES,13311;EPU_CATS_TAXES,13397;EPU_CATS_TAXES,13414;EPU_CATS_TAXES,13444;EPU_CATS_TAXES,13468;EPU_CATS_TAXES,13602;EPU_CATS_TAXES,13644;EPU_CATS_TAXES,13751;EPU_CATS_TAXES,13796;EPU_CATS_TAXES,13979;EPU_CATS_TAXES,14026;EPU_CATS_TAXES,14166;EPU_CATS_TAXES,14248;EPU_CATS_TAXES,14447;EPU_CATS_TAXES,14515;EPU_CATS_TAXES,14528;EPU_CATS_TAXES,14848;EPU_CATS_TAXES,15197;EPU_CATS_TAXES,15235;EPU_CATS_TAXES,15268;EPU_CATS_TAXES,15540;EPU_CATS_TAXES,15771;EPU_CATS_TAXES,16794;EPU_CATS_TAXES,17442;EPU_CATS_TAXES,17822;EPU_CATS_TAXES,18012;EPU_CATS_TAXES,18050;EPU_CATS_TAXES,20605;EPU_CATS_TAXES,20672;EPU_CATS_TAXES,20738;EPU_CATS_TAXES,22275;EPU_CATS_TAXES,22292;EPU_CATS_TAXES,22423;EPU_CATS_TAXES,22468;EPU_CATS_TAXES,22513;EPU_CATS_TAXES,22597;EPU_CATS_TAXES,22613;EPU_CATS_TAXES,22632;EPU_CATS_TAXES,22685;EPU_CATS_TAXES,22778;EPU_CATS_TAXES,22795;EPU_CATS_TAXES,22825;EPU_CATS_TAXES,22849;EPU_CATS_TAXES,23071;EPU_CATS_TAXES,23138;EPU_CATS_TAXES,23180;EPU_CATS_TAXES,23294;EPU_CATS_TAXES,23339;EPU_CATS_TAXES,23543;EPU_CATS_TAXES,23590;EPU_CATS_TAXES,23797;EPU_CATS_TAXES,24034;EPU_CATS_TAXES,24047;EPU_CATS_TAXES,24151;EPU_CATS_TAXES,24443;EPU_CATS_TAXES,24793;EPU_CATS_TAXES,24971;EPU_CATS_TAXES,25074;EPU_CATS_TAXES,25202;EPU_CATS_TAXES,25271;CRISISLEX_CRISISLEXREC,15776;CRISISLEX_CRISISLEXREC,15803;CRISISLEX_CRISISLEXREC,15841;CRISISLEX_CRISISLEXREC,25079;SECURITY_SERVICES,21412;SECURITY_SERVICES,21477;SECURITY_SERVICES,21543;SECURITY_SERVICES,21611;SECURITY_SERVICES,21676;SECURITY_SERVICES,21742;SECURITY_SERVICES,21810;SECURITY_SERVICES,21875;SECURITY_SERVICES,21941;SECURITY_SERVICES,22009;SECURITY_SERVICES,22074;SECURITY_SERVICES,22140;TAX_FNCACT_CONSTABLE,21412;TAX_FNCACT_CONSTABLE,21477;TAX_FNCACT_CONSTABLE,21543;TAX_FNCACT_CONSTABLE,21611;TAX_FNCACT_CONSTABLE,21676;TAX_FNCACT_CONSTABLE,21742;TAX_FNCACT_CONSTABLE,21810;TAX_FNCACT_CONSTABLE,21875;TAX_FNCACT_CONSTABLE,21941;TAX_FNCACT_CONSTABLE,22009;TAX_FNCACT_CONSTABLE,22074;TAX_FNCACT_CONSTABLE,22140;WB_1014_CRIMINAL_JUSTICE,15993;WB_1014_CRIMINAL_JUSTICE,16260;TAX_FNCACT_JUDGE,14755;TAX_FNCACT_JUDGE,18882;TAX_FNCACT_JUDGE,18932;TAX_FNCACT_JUDGE,19086;TAX_FNCACT_AUDITOR,16058;GENERAL_GOVERNMENT,6983;GENERAL_GOVERNMENT,7047;GENERAL_GOVERNMENT,8801;GENERAL_GOVERNMENT,8843;GENERAL_GOVERNMENT,8943;GENERAL_GOVERNMENT,18770;EPU_POLICY_GOVERNMENT,6983;EPU_POLICY_GOVERNMENT,7047;EPU_POLICY_GOVERNMENT,8801;EPU_POLICY_GOVERNMENT,8843;EPU_POLICY_GOVERNMENT,8943;EPU_POLICY_GOVERNMENT,18770;TAX_MILITARY_TITLE_OFFICERS,18218;TAX_MILITARY_TITLE_OFFICERS,18661;TAX_MILITARY_TITLE_OFFICERS,18831;TAX_FNCACT_OFFICERS,18218;TAX_FNCACT_OFFICERS,18661;TAX_FNCACT_OFFICERS,18831;TAX_FNCACT_FATHER,4688;TAX_FNCACT_FATHER,5514;APPOINTMENT,5683;APPOINTMENT,17109;SOC_POINTSOFINTEREST_HOSPITAL,17655;SOC_POINTSOFINTEREST_HOSPITAL,17803;SOC_POINTSOFINTEREST_HOSPITAL,17893;TAX_FNCACT_CHILD,5820;TAX_FNCACT_CHILD,5896;TAX_FNCACT_CHILD,5950;TAX_FNCACT_CHILD,6133;TAX_FNCACT_CHILD,6348;WB_1291_PUBLIC_HEALTH_INSURANCE,3120;WB_625_HEALTH_ECONOMICS_AND_FINANCE,3120;WB_621_HEALTH_NUTRITION_AND_POPULATION,3120;WB_1287_HEALTH_INSURANCE,3120;EPU_CATS_ENTITLEMENT_PROGRAMS,3120;UNEMPLOYMENT,3164;WB_2745_JOB_QUALITY_AND_LABOR_MARKET_PERFORMANCE,3164;WB_2670_JOBS,3164;WB_2689_JOBS_DIAGNOSTICS,3164;WB_2747_UNEMPLOYMENT,3164;UNGP_JOB_OPPORTUNITIES_EMPLOYMENT,3164;TAX_FNCACT_ASSESSOR,18059;TAX_FNCACT_ASSESSOR,25280;RURAL,11742;TAX_FNCACT_PUBLIC_DEFENDER,17319;WB_942_ACCESS_TO_JUSTICE,17319;WB_549_OIL_AND_GAS_SYSTEMS,11725;WB_549_OIL_AND_GAS_SYSTEMS,12356;WB_1768_OIL_AND_GAS_PIPELINE,11725;WB_1768_OIL_AND_GAS_PIPELINE,12356;WB_615_GENDER,3924;TAX_FNCACT_CRIMINAL,3519;TAX_FNCACT_CRIMINAL,15985;TAX_FNCACT_CRIMINAL,16252;TAX_FNCACT_CRIMINAL,17154;TAX_FNCACT_CRIMINAL,17261;TAX_FNCACT_CRIMINAL,17366;TAX_WORLDMAMMALS_SEAL,6404;TAX_FNCACT_TREASURER,20373;TAX_FNCACT_TREASURER,20436;POVERTY,2463;POVERTY,4065;POVERTY,4561;WB_695_POVERTY,2463;WB_695_POVERTY,4065;WB_695_POVERTY,4561;EPU_CATS_MIGRATION_FEAR_FEAR,4714;TAX_WORLDMAMMALS_HUMAN,11492;ENV_NATURALGAS,10876;WB_2495_DETENTION_PRISON_AND_CORRECTIONS_REFORM,19039;WB_2495_DETENTION_PRISON_AND_CORRECTIONS_REFORM,19605;WB_2495_DETENTION_PRISON_AND_CORRECTIONS_REFORM,19782;WB_2495_DETENTION_PRISON_AND_CORRECTIONS_REFORM,19959;WB_2495_DETENTION_PRISON_AND_CORRECTIONS_REFORM,20136;WB_2470_PEACE_OPERATIONS_AND_CONFLICT_MANAGEMENT,19039;WB_2470_PEACE_OPERATIONS_AND_CONFLICT_MANAGEMENT,19605;WB_2470_PEACE_OPERATIONS_AND_CONFLICT_MANAGEMENT,19782;WB_2470_PEACE_OPERATIONS_AND_CONFLICT_MANAGEMENT,19959;WB_2470_PEACE_OPERATIONS_AND_CONFLICT_MANAGEMENT,20136;WB_2432_FRAGILITY_CONFLICT_AND_VIOLENCE,19039;WB_2432_FRAGILITY_CONFLICT_AND_VIOLENCE,19605;WB_2432_FRAGILITY_CONFLICT_AND_VIOLENCE,19782;WB_2432_FRAGILITY_CONFLICT_AND_VIOLENCE,19959;WB_2432_FRAGILITY_CONFLICT_AND_VIOLENCE,20136;WB_2490_NATIONAL_PROTECTION_AND_SECURITY,19039;WB_2490_NATIONAL_PROTECTION_AND_SECURITY,19605;WB_2490_NATIONAL_PROTECTION_AND_SECURITY,19782;WB_2490_NATIONAL_PROTECTION_AND_SECURITY,19959;WB_2490_NATIONAL_PROTECTION_AND_SECURITY,20136;TAX_FNCACT_CHILDREN,5635;TAX_FNCACT_CHILDREN,5735;TAX_FNCACT_CHILDREN,5905;TAX_FNCACT_CHILDREN,6142;TAX_FNCACT_CHILDREN,6357;TRIAL,903;TRIAL,1734;TRIAL,4813;TRIAL,4837;TRIAL,6493;TRIAL,19368;TRIAL,19421;TRIAL,19484;TAX_FNCACT_ATTORNEY,903;TAX_FNCACT_ATTORNEY,1734;TAX_FNCACT_ATTORNEY,4813;TAX_FNCACT_ATTORNEY,4837;TAX_FNCACT_ATTORNEY,6493;TAX_FNCACT_ATTORNEY,19368;TAX_FNCACT_ATTORNEY,19421;TAX_FNCACT_ATTORNEY,19484;WB_696_PUBLIC_SECTOR_MANAGEMENT,15993;WB_696_PUBLIC_SECTOR_MANAGEMENT,16260;WB_696_PUBLIC_SECTOR_MANAGEMENT,20806;WB_696_PUBLIC_SECTOR_MANAGEMENT,20882;WB_696_PUBLIC_SECTOR_MANAGEMENT,20957;WB_696_PUBLIC_SECTOR_MANAGEMENT,21033;WB_696_PUBLIC_SECTOR_MANAGEMENT,21108;WB_696_PUBLIC_SECTOR_MANAGEMENT,21184;WB_696_PUBLIC_SECTOR_MANAGEMENT,21259;WB_696_PUBLIC_SECTOR_MANAGEMENT,21335;WB_840_JUSTICE,15993;WB_840_JUSTICE,16260;WB_840_JUSTICE,20806;WB_840_JUSTICE,20882;WB_840_JUSTICE,20957;WB_840_JUSTICE,21033;WB_840_JUSTICE,21108;WB_840_JUSTICE,21184;WB_840_JUSTICE,21259;WB_840_JUSTICE,21335;TAX_FNCACT_CLERK,4881;TAX_FNCACT_CLERK,5122;TAX_FNCACT_CLERK,5305;TAX_FNCACT_CLERK,6623;TAX_FNCACT_CLERK,6679;TAX_FNCACT_CLERK,8544;TAX_FNCACT_CLERK,10433;TAX_FNCACT_CLERK,12158;TAX_FNCACT_CLERK,20252;TAX_FNCACT_CLERK,20313;TAX_FNCACT_CLERK,20492;TAX_FNCACT_CLERK,20551;USPEC_POLICY1,315;USPEC_POLICY1,6930;USPEC_POLICY1,7078;USPEC_POLICY1,7478;USPEC_POLICY1,7515;USPEC_POLICY1,7846;USPEC_POLICY1,8165;USPEC_POLICY1,8224;USPEC_POLICY1,8296;USPEC_POLICY1,8434;USPEC_POLICY1,9086;USPEC_POLICY1,9489;USPEC_POLICY1,9545;USPEC_POLICY1,9619;USPEC_POLICY1,9904;USPEC_POLICY1,10068;USPEC_POLICY1,10207;USPEC_POLICY1,10335;USPEC_POLICY1,18710;EPU_POLICY_BUDGET,315;EPU_POLICY_BUDGET,6930;EPU_POLICY_BUDGET,7078;EPU_POLICY_BUDGET,7478;EPU_POLICY_BUDGET,7515;EPU_POLICY_BUDGET,7846;EPU_POLICY_BUDGET,8165;EPU_POLICY_BUDGET,8224;EPU_POLICY_BUDGET,8296;EPU_POLICY_BUDGET,8434;EPU_POLICY_BUDGET,9086;EPU_POLICY_BUDGET,9489;EPU_POLICY_BUDGET,9545;EPU_POLICY_BUDGET,9619;EPU_POLICY_BUDGET,9904;EPU_POLICY_BUDGET,10068;EPU_POLICY_BUDGET,10207;EPU_POLICY_BUDGET,10335;EPU_POLICY_BUDGET,18710;TAX_FNCACT_TAX_ASSESSOR,18059;TAX_FNCACT_TAX_ASSESSOR,25280;EPU_CATS_HEALTHCARE,1983;EPU_CATS_HEALTHCARE,2056;EPU_CATS_HEALTHCARE,2132;EPU_CATS_HEALTHCARE,2275;EPU_CATS_HEALTHCARE,3645;EPU_CATS_HEALTHCARE,4004;EPU_CATS_HEALTHCARE,16548;EPU_CATS_HEALTHCARE,16666;EPU_CATS_HEALTHCARE,16870;TAX_FNCACT_COMMISSIONERS,7431;TAX_FNCACT_COMMISSIONERS,10142;TAX_FNCACT_COMMISSIONERS,10268;TAX_FNCACT_COMMISSIONERS,14300;TAX_ECON_PRICE,16187;WB_644_NUTRITION,18610;WB_644_NUTRITION,22216;WB_1441_SUPPLEMENTS,18610;WB_1441_SUPPLEMENTS,22216;ECON_WORLDCURRENCIES_DOLLARS,9244;ECON_WORLDCURRENCIES_DOLLARS,9350;LEADER,24304;LEADER,24340;TAX_FNCACT_MAYOR,24304;TAX_FNCACT_MAYOR,24340;MANMADE_DISASTER_IMPLIED,10606;MANMADE_DISASTER_IMPLIED,10810;MANMADE_DISASTER_IMPLIED,11066;MANMADE_DISASTER_IMPLIED,11196;MANMADE_DISASTER_IMPLIED,11527;MANMADE_DISASTER_IMPLIED,11655;MANMADE_DISASTER_IMPLIED,11725;MANMADE_DISASTER_IMPLIED,11808;MANMADE_DISASTER_IMPLIED,12356;WB_2299_PIPELINES,10606;WB_2299_PIPELINES,10810;WB_2299_PIPELINES,11066;WB_2299_PIPELINES,11196;WB_2299_PIPELINES,11527;WB_2299_PIPELINES,11655;WB_2299_PIPELINES,11725;WB_2299_PIPELINES,11808;WB_2299_PIPELINES,12356;WB_539_OIL_AND_GAS_POLICY_STRATEGY_AND_INSTITUTIONS,10606;WB_539_OIL_AND_GAS_POLICY_STRATEGY_AND_INSTITUTIONS,10810;WB_539_OIL_AND_GAS_POLICY_STRATEGY_AND_INSTITUTIONS,11066;WB_539_OIL_AND_GAS_POLICY_STRATEGY_AND_INSTITUTIONS,11196;WB_539_OIL_AND_GAS_POLICY_STRATEGY_AND_INSTITUTIONS,11527;WB_539_OIL_AND_GAS_POLICY_STRATEGY_AND_INSTITUTIONS,11655;WB_539_OIL_AND_GAS_POLICY_STRATEGY_AND_INSTITUTIONS,11725;WB_539_OIL_AND_GAS_POLICY_STRATEGY_AND_INSTITUTIONS,11808;WB_539_OIL_AND_GAS_POLICY_STRATEGY_AND_INSTITUTIONS,12356;WB_507_ENERGY_AND_EXTRACTIVES,10606;WB_507_ENERGY_AND_EXTRACTIVES,10810;WB_507_ENERGY_AND_EXTRACTIVES,11066;WB_507_ENERGY_AND_EXTRACTIVES,11196;WB_507_ENERGY_AND_EXTRACTIVES,11527;WB_507_ENERGY_AND_EXTRACTIVES,11655;WB_507_ENERGY_AND_EXTRACTIVES,11725;WB_507_ENERGY_AND_EXTRACTIVES,11808;WB_507_ENERGY_AND_EXTRACTIVES,12356;WB_548_PPP_IN_OIL_AND_GAS,10606;WB_548_PPP_IN_OIL_AND_GAS,10810;WB_548_PPP_IN_OIL_AND_GAS,11066;WB_548_PPP_IN_OIL_AND_GAS,11196;WB_548_PPP_IN_OIL_AND_GAS,11527;WB_548_PPP_IN_OIL_AND_GAS,11655;WB_548_PPP_IN_OIL_AND_GAS,11725;WB_548_PPP_IN_OIL_AND_GAS,11808;WB_548_PPP_IN_OIL_AND_GAS,12356;EPU_ECONOMY_HISTORIC,8975;TAX_FNCACT_CONSERVATOR,5719;TAX_FNCACT_CONSERVATOR,6309;PROTEST,12376;PROTEST,12513;PROTEST,12641;PROTEST,12803;WB_1921_PRIVATE_SECTOR_DEVELOPMENT,8481;WB_1921_PRIVATE_SECTOR_DEVELOPMENT,10370;WB_405_BUSINESS_CLIMATE,8481;WB_405_BUSINESS_CLIMATE,10370;WB_2531_INSPECTIONS_LICENSING_AND_PERMITS,8481;WB_2531_INSPECTIONS_LICENSING_AND_PERMITS,10370;WB_2530_BUSINESS_ENVIRONMENT,8481;WB_2530_BUSINESS_ENVIRONMENT,10370;ELECTION,8120;ELECTION,13163;ELECTION,13561;ELECTION,22500;ELECTION,22949;ELECTION,23699;LEGISLATION,775;LEGISLATION,1535;LEGISLATION,5424;LEGISLATION,6701;EPU_POLICY_LAW,775;EPU_POLICY_LAW,1535;EPU_POLICY_LAW,5424;EPU_POLICY_LAW,6701;UNGP_FORESTS_RIVERS_OCEANS,2401;UNGP_FORESTS_RIVERS_OCEANS,2526;UNGP_FORESTS_RIVERS_OCEANS,2880;UNGP_FORESTS_RIVERS_OCEANS,2994;WB_135_TRANSPORT,10744;WB_135_TRANSPORT,11902;WB_135_TRANSPORT,12571;WB_1803_TRANSPORT_INFRASTRUCTURE,10744;WB_1803_TRANSPORT_INFRASTRUCTURE,11902;WB_1803_TRANSPORT_INFRASTRUCTURE,12571;WB_166_RAILWAYS,10744;WB_166_RAILWAYS,11902;WB_166_RAILWAYS,12571;TAX_FNCACT_CITIZENS,7615;TAX_FNCACT_SHERIFF,16307;TAX_FNCACT_SHERIFF,19139;TAX_FNCACT_SHERIFF,19195;TAX_FNCACT_SHERIFF,19250;TAX_FNCACT_SHERIFF,19309;CRISISLEX_C07_SAFETY,16307;CRISISLEX_C07_SAFETY,19139;CRISISLEX_C07_SAFETY,19195;CRISISLEX_C07_SAFETY,19250;CRISISLEX_C07_SAFETY,19309;		1#Jordan#JO#JO##31#36#JO#5614;1#Jordan#JO#JO##31#36#JO#5979;3#City Of Pleasanton, Texas, United States#US#USTX#TX013#28.9638#-98.4937#2411442#82;3#Jourdanton, Texas, United States#US#USTX#TX013#28.918#-98.5464#1360436#3682;3#Jourdanton, Texas, United States#US#USTX#TX013#28.918#-98.5464#1360436#6432;3#Jourdanton, Texas, United States#US#USTX#TX013#28.918#-98.5464#1360436#7303;3#Jourdanton, Texas, United States#US#USTX#TX013#28.918#-98.5464#1360436#8596;3#Jourdanton, Texas, United States#US#USTX#TX013#28.918#-98.5464#1360436#10485;3#Jourdanton, Texas, United States#US#USTX#TX013#28.918#-98.5464#1360436#12218;3#Jourdanton, Texas, United States#US#USTX#TX013#28.918#-98.5464#1360436#13933;3#Jourdanton, Texas, United States#US#USTX#TX013#28.918#-98.5464#1360436#18457;3#Jourdanton, Texas, United States#US#USTX#TX013#28.918#-98.5464#1360436#22392;3#Jourdanton, Texas, United States#US#USTX#TX013#28.918#-98.5464#1360436#22720;3#Jourdanton, Texas, United States#US#USTX#TX013#28.918#-98.5464#1360436#22882;3#Jourdanton, Texas, United States#US#USTX#TX013#28.918#-98.5464#1360436#23026;3#Jourdanton, Texas, United States#US#USTX#TX013#28.918#-98.5464#1360436#23103;3#Jourdanton, Texas, United States#US#USTX#TX013#28.918#-98.5464#1360436#23225;3#Jourdanton, Texas, United States#US#USTX#TX013#28.918#-98.5464#1360436#23393;3#Jourdanton, Texas, United States#US#USTX#TX013#28.918#-98.5464#1360436#23492;3#Jourdanton, Texas, United States#US#USTX#TX013#28.918#-98.5464#1360436#23633;3#Jourdanton, Texas, United States#US#USTX#TX013#28.918#-98.5464#1360436#23874;3#Jourdanton, Texas, United States#US#USTX#TX013#28.918#-98.5464#1360436#24632;3#Jourdanton, Texas, United States#US#USTX#TX013#28.918#-98.5464#1360436#24754;3#Jourdanton, Texas, United States#US#USTX#TX013#28.918#-98.5464#1360436#25351;2#Texas, United States#US#USTX##31.106#-97.6475#TX#105;2#Texas, United States#US#USTX##31.106#-97.6475#TX#571;2#Texas, United States#US#USTX##31.106#-97.6475#TX#823;2#Texas, United States#US#USTX##31.106#-97.6475#TX#1312;2#Texas, United States#US#USTX##31.106#-97.6475#TX#1590;2#Texas, United States#US#USTX##31.106#-97.6475#TX#1656;2#Texas, United States#US#USTX##31.106#-97.6475#TX#2111;2#Texas, United States#US#USTX##31.106#-97.6475#TX#3172;2#Texas, United States#US#USTX##31.106#-97.6475#TX#4666;2#Texas, United States#US#USTX##31.106#-97.6475#TX#5466;2#Texas, United States#US#USTX##31.106#-97.6475#TX#6455;2#Texas, United States#US#USTX##31.106#-97.6475#TX#6742;2#Texas, United States#US#USTX##31.106#-97.6475#TX#7326;2#Texas, United States#US#USTX##31.106#-97.6475#TX#8619;2#Texas, United States#US#USTX##31.106#-97.6475#TX#8747;2#Texas, United States#US#USTX##31.106#-97.6475#TX#8790;2#Texas, United States#US#USTX##31.106#-97.6475#TX#8832;2#Texas, United States#US#USTX##31.106#-97.6475#TX#10508;2#Texas, United States#US#USTX##31.106#-97.6475#TX#10706;2#Texas, United States#US#USTX##31.106#-97.6475#TX#10764;2#Texas, United States#US#USTX##31.106#-97.6475#TX#10852;2#Texas, United States#US#USTX##31.106#-97.6475#TX#11240;2#Texas, United States#US#USTX##31.106#-97.6475#TX#11691;2#Texas, United States#US#USTX##31.106#-97.6475#TX#11922;2#Texas, United States#US#USTX##31.106#-97.6475#TX#12591;2#Texas, United States#US#USTX##31.106#-97.6475#TX#12977;2#Texas, United States#US#USTX##31.106#-97.6475#TX#14785;2#Texas, United States#US#USTX##31.106#-97.6475#TX#16229;2#Texas, United States#US#USTX##31.106#-97.6475#TX#18156;2#Texas, United States#US#USTX##31.106#-97.6475#TX#18260;2#Texas, United States#US#USTX##31.106#-97.6475#TX#18480;2#Texas, United States#US#USTX##31.106#-97.6475#TX#23515;2#Texas, United States#US#USTX##31.106#-97.6475#TX#24380;2#Texas, United States#US#USTX##31.106#-97.6475#TX#25374;2#Texas, United States#US#USTX##31.106#-97.6475#TX#25436;3#San Antonio, Texas, United States#US#USTX#TX029#29.4241#-98.4936#1380951#6589;3#San Antonio, Texas, United States#US#USTX#TX029#29.4241#-98.4936#1380951#10685;3#San Antonio, Texas, United States#US#USTX#TX029#29.4241#-98.4936#1380951#12954;3#Atascosa, Texas, United States#US#USTX#TX029#29.2669#-98.732#1379369#541;3#Atascosa, Texas, United States#US#USTX#TX029#29.2669#-98.732#1379369#1282;3#Atascosa, Texas, United States#US#USTX#TX029#29.2669#-98.732#1379369#1940;3#Atascosa, Texas, United States#US#USTX#TX029#29.2669#-98.732#1379369#2013;3#Atascosa, Texas, United States#US#USTX#TX029#29.2669#-98.732#1379369#2226;3#Atascosa, Texas, United States#US#USTX#TX029#29.2669#-98.732#1379369#3602;3#Atascosa, Texas, United States#US#USTX#TX029#29.2669#-98.732#1379369#3827;3#Atascosa, Texas, United States#US#USTX#TX029#29.2669#-98.732#1379369#5436;3#Atascosa, Texas, United States#US#USTX#TX029#29.2669#-98.732#1379369#6712;3#Atascosa, Texas, United States#US#USTX#TX029#29.2669#-98.732#1379369#6848;3#Atascosa, Texas, United States#US#USTX#TX029#29.2669#-98.732#1379369#6901;3#Atascosa, Texas, United States#US#USTX#TX029#29.2669#-98.732#1379369#7208;3#Atascosa, Texas, United States#US#USTX#TX029#29.2669#-98.732#1379369#7395;3#Atascosa, Texas, United States#US#USTX#TX029#29.2669#-98.732#1379369#7762;3#Atascosa, Texas, United States#US#USTX#TX029#29.2669#-98.732#1379369#7817;3#Atascosa, Texas, United States#US#USTX#TX029#29.2669#-98.732#1379369#7872;3#Atascosa, Texas, United States#US#USTX#TX029#29.2669#-98.732#1379369#7915;3#Atascosa, Texas, United States#US#USTX#TX029#29.2669#-98.732#1379369#8643;3#Atascosa, Texas, United States#US#USTX#TX029#29.2669#-98.732#1379369#8717;3#Atascosa, Texas, United States#US#USTX#TX029#29.2669#-98.732#1379369#9445;3#Atascosa, Texas, United States#US#USTX#TX029#29.2669#-98.732#1379369#9560;3#Atascosa, Texas, United States#US#USTX#TX029#29.2669#-98.732#1379369#9787;3#Atascosa, Texas, United States#US#USTX#TX029#29.2669#-98.732#1379369#10106;3#Atascosa, Texas, United States#US#USTX#TX029#29.2669#-98.732#1379369#10532;3#Atascosa, Texas, United States#US#USTX#TX029#29.2669#-98.732#1379369#10822;3#Atascosa, Texas, United States#US#USTX#TX029#29.2669#-98.732#1379369#11751;3#Atascosa, Texas, United States#US#USTX#TX029#29.2669#-98.732#1379369#12130;3#Atascosa, Texas, United States#US#USTX#TX029#29.2669#-98.732#1379369#13332;3#Atascosa, Texas, United States#US#USTX#TX029#29.2669#-98.732#1379369#13487;3#Atascosa, Texas, United States#US#USTX#TX029#29.2669#-98.732#1379369#13675;3#Atascosa, Texas, United States#US#USTX#TX029#29.2669#-98.732#1379369#13848;3#Atascosa, Texas, United States#US#USTX#TX029#29.2669#-98.732#1379369#14055;3#Atascosa, Texas, United States#US#USTX#TX029#29.2669#-98.732#1379369#14318;3#Atascosa, Texas, United States#US#USTX#TX029#29.2669#-98.732#1379369#15023;3#Atascosa, Texas, United States#US#USTX#TX029#29.2669#-98.732#1379369#15138;3#Atascosa, Texas, United States#US#USTX#TX029#29.2669#-98.732#1379369#16021;3#Atascosa, Texas, United States#US#USTX#TX029#29.2669#-98.732#1379369#16082;3#Atascosa, Texas, United States#US#USTX#TX029#29.2669#-98.732#1379369#16270;3#Atascosa, Texas, United States#US#USTX#TX029#29.2669#-98.732#1379369#16329;3#Atascosa, Texas, United States#US#USTX#TX029#29.2669#-98.732#1379369#16594;3#Atascosa, Texas, United States#US#USTX#TX029#29.2669#-98.732#1379369#17036;3#Atascosa, Texas, United States#US#USTX#TX029#29.2669#-98.732#1379369#17697;3#Atascosa, Texas, United States#US#USTX#TX029#29.2669#-98.732#1379369#18072;3#Atascosa, Texas, United States#US#USTX#TX029#29.2669#-98.732#1379369#18129;3#Atascosa, Texas, United States#US#USTX#TX029#29.2669#-98.732#1379369#18230;3#Atascosa, Texas, United States#US#USTX#TX029#29.2669#-98.732#1379369#18364;3#Atascosa, Texas, United States#US#USTX#TX029#29.2669#-98.732#1379369#18502;3#Atascosa, Texas, United States#US#USTX#TX029#29.2669#-98.732#1379369#18673;3#Atascosa, Texas, United States#US#USTX#TX029#29.2669#-98.732#1379369#25245;3#Atascosa, Texas, United States#US#USTX#TX029#29.2669#-98.732#1379369#25409					-1.82334833057068,2.41534454179493,4.23869287236562,6.65403741416055,20.9803457257874,0.260478332938669,3544			https://bloximages.chicago2.vip.townnews.com/pleasantonexpress.com/content/tncms/custom/image/a3bff248-a755-11ef-8535-8763ed47af2d.png								<PAGE_LINKS>http://atascosacounty.texas.gov;https://www.pleasantonexpress.com/public_notices/public-notices---09-09-2026/mailto:taxoffice@atascosacounty.texas.gov;https://www.rrc.texas.gov/</PAGE_LINKS><PAGE_PRECISEPUBTIMESTAMP>20260908211700</PAGE_PRECISEPUBTIMESTAMP><PAGE_TITLE>Public Notices - 09/09/2026</PAGE_TITLE>
	20260908233000		kunr.org	https://www.kunr.org/2026-09-08/colorado-river-negotiations-transparency				TAX_FNCACT_MAN,6509;AGRICULTURE,2674;TRANSPARENCY,4694;TRANSPARENCY,4847;TRANSPARENCY,7717;TAX_FNCACT_OFFICIALS,677;TAX_FNCACT_OFFICIALS,2549;TAX_FNCACT_OFFICIALS,3379;LEADER,2476;LEADER,5974;TAX_FNCACT_GOVERNOR,2476;TAX_FNCACT_GOVERNOR,5974;WATER_SECURITY,2660;UNGP_CLEAN_WATER_SANITATION,2660;SOVEREIGNTY,6282;TAX_FNCACT_FEDERAL_OFFICIALS,3379;SCIENCE,4157;TAX_FNCACT_RESEARCHER,4157;TAX_FNCACT_ENGINEERS,851;TAX_FNCACT_CHAIRMAN,797;NEGOTIATIONS,1918;NEGOTIATIONS,2073;NEGOTIATIONS,3157;CRISISLEX_T11_UPDATESSYMPATHY,5364;GENERAL_GOVERNMENT,3710;GENERAL_GOVERNMENT,4078;EPU_POLICY_GOVERNMENT,3710;EPU_POLICY_GOVERNMENT,4078;MEDIA_MSM,4135;TAX_FNCACT_REPORTER,4135;TRIAL,3785;TRIAL,4040;TAX_FNCACT_ARCHIVIST,183;TAX_FNCACT_ARCHIVIST,1420;TAX_FNCACT_ARCHIVIST,1664;TAX_FNCACT_CHAIRWOMAN,5739;EDUCATION,82;EDUCATION,201;EDUCATION,1395;EDUCATION,1639;EDUCATION,4175;EDUCATION,5663;SOC_POINTSOFINTEREST_UNIVERSITY,82;SOC_POINTSOFINTEREST_UNIVERSITY,201;SOC_POINTSOFINTEREST_UNIVERSITY,1395;SOC_POINTSOFINTEREST_UNIVERSITY,1639;SOC_POINTSOFINTEREST_UNIVERSITY,4175;SOC_POINTSOFINTEREST_UNIVERSITY,5663;TAX_FNCACT_ELECTED_OFFICIALS,2549;USPEC_UNCERTAINTY1,627;TAX_ETHNICITY_INDIAN,5768;TAX_FNCACT_LEADER,6008;TAX_FNCACT_NEGOTIATOR,6895;TAX_FNCACT_NEGOTIATOR,7245;WB_1199_WATER_SUPPLY_AND_SANITATION,1977;WB_138_WATER_SUPPLY,1977;UNGP_FORESTS_RIVERS_OCEANS,173;UNREST_BELLIGERENT,6254;TAX_FNCACT_REPRESENTATIVES,2492;TAX_FNCACT_REPRESENTATIVES,6586;TAX_FNCACT_REPRESENTATIVES,6825;WB_137_WATER,163;WB_137_WATER,615;WB_137_WATER,1578;WB_137_WATER,1822;WB_137_WATER,1977;WB_137_WATER,2660;WB_137_WATER,6666;TAX_FNCACT_COMMISSIONERS,730;TAX_FNCACT_LEADERS,867;APPOINTMENT,5984;CRISISLEX_C06_WATER_SANITATION,6666;WB_696_PUBLIC_SECTOR_MANAGEMENT,4121;WB_696_PUBLIC_SECTOR_MANAGEMENT,4882;WB_696_PUBLIC_SECTOR_MANAGEMENT,6621;WB_696_PUBLIC_SECTOR_MANAGEMENT,7024;WB_696_PUBLIC_SECTOR_MANAGEMENT,7341;WB_696_PUBLIC_SECTOR_MANAGEMENT,7622;WB_840_JUSTICE,4121;WB_840_JUSTICE,4882;WB_840_JUSTICE,6621;WB_840_JUSTICE,7024;WB_840_JUSTICE,7341;WB_840_JUSTICE,7622;WB_2473_DIPLOMACY_AND_NEGOTIATIONS,4121;WB_2473_DIPLOMACY_AND_NEGOTIATIONS,4882;WB_2473_DIPLOMACY_AND_NEGOTIATIONS,6621;WB_2473_DIPLOMACY_AND_NEGOTIATIONS,7024;WB_2473_DIPLOMACY_AND_NEGOTIATIONS,7341;WB_2473_DIPLOMACY_AND_NEGOTIATIONS,7622;WB_939_NEGOTIATION,4121;WB_939_NEGOTIATION,4882;WB_939_NEGOTIATION,6621;WB_939_NEGOTIATION,7024;WB_939_NEGOTIATION,7341;WB_939_NEGOTIATION,7622;WB_2470_PEACE_OPERATIONS_AND_CONFLICT_MANAGEMENT,4121;WB_2470_PEACE_OPERATIONS_AND_CONFLICT_MANAGEMENT,4882;WB_2470_PEACE_OPERATIONS_AND_CONFLICT_MANAGEMENT,6621;WB_2470_PEACE_OPERATIONS_AND_CONFLICT_MANAGEMENT,7024;WB_2470_PEACE_OPERATIONS_AND_CONFLICT_MANAGEMENT,7341;WB_2470_PEACE_OPERATIONS_AND_CONFLICT_MANAGEMENT,7622;WB_936_ALTERNATIVE_DISPUTE_RESOLUTION,4121;WB_936_ALTERNATIVE_DISPUTE_RESOLUTION,4882;WB_936_ALTERNATIVE_DISPUTE_RESOLUTION,6621;WB_936_ALTERNATIVE_DISPUTE_RESOLUTION,7024;WB_936_ALTERNATIVE_DISPUTE_RESOLUTION,7341;WB_936_ALTERNATIVE_DISPUTE_RESOLUTION,7622;WB_2432_FRAGILITY_CONFLICT_AND_VIOLENCE,4121;WB_2432_FRAGILITY_CONFLICT_AND_VIOLENCE,4882;WB_2432_FRAGILITY_CONFLICT_AND_VIOLENCE,6621;WB_2432_FRAGILITY_CONFLICT_AND_VIOLENCE,7024;WB_2432_FRAGILITY_CONFLICT_AND_VIOLENCE,7341;WB_2432_FRAGILITY_CONFLICT_AND_VIOLENCE,7622;WB_843_DISPUTE_RESOLUTION,4121;WB_843_DISPUTE_RESOLUTION,4882;WB_843_DISPUTE_RESOLUTION,6621;WB_843_DISPUTE_RESOLUTION,7024;WB_843_DISPUTE_RESOLUTION,7341;WB_843_DISPUTE_RESOLUTION,7622;WB_2471_PEACEKEEPING,4121;WB_2471_PEACEKEEPING,4882;WB_2471_PEACEKEEPING,6621;WB_2471_PEACEKEEPING,7024;WB_2471_PEACEKEEPING,7341;WB_2471_PEACEKEEPING,7622;MANMADE_DISASTER_IMPLIED,4995;		2#Nevada, United States#US#USNV##38.4199#-117.122#NV#3054;2#Nevada, United States#US#USNV##38.4199#-117.122#NV#3765;2#Nevada, United States#US#USNV##38.4199#-117.122#NV#4023;2#Colorado, United States#US#USCO##39.0646#-105.327#CO#65;2#Colorado, United States#US#USCO##39.0646#-105.327#CO#311;2#Colorado, United States#US#USCO##39.0646#-105.327#CO#526;2#Colorado, United States#US#USCO##39.0646#-105.327#CO#750;2#Colorado, United States#US#USCO##39.0646#-105.327#CO#1347;2#Colorado, United States#US#USCO##39.0646#-105.327#CO#1378;2#Colorado, United States#US#USCO##39.0646#-105.327#CO#1502;2#Colorado, United States#US#USCO##39.0646#-105.327#CO#1622;2#Colorado, United States#US#USCO##39.0646#-105.327#CO#1746;2#Colorado, United States#US#USCO##39.0646#-105.327#CO#2504;2#Colorado, United States#US#USCO##39.0646#-105.327#CO#2984;2#Colorado, United States#US#USCO##39.0646#-105.327#CO#3801;2#Colorado, United States#US#USCO##39.0646#-105.327#CO#3892;2#Colorado, United States#US#USCO##39.0646#-105.327#CO#4863;2#Colorado, United States#US#USCO##39.0646#-105.327#CO#5675;2#Colorado, United States#US#USCO##39.0646#-105.327#CO#5755;2#Colorado, United States#US#USCO##39.0646#-105.327#CO#5907;2#Colorado, United States#US#USCO##39.0646#-105.327#CO#6024;2#Colorado, United States#US#USCO##39.0646#-105.327#CO#6602;2#Colorado, United States#US#USCO##39.0646#-105.327#CO#6654;2#Colorado, United States#US#USCO##39.0646#-105.327#CO#6878;2#Colorado, United States#US#USCO##39.0646#-105.327#CO#7234;2#Wyoming, United States#US#USWY##42.7475#-107.209#WY#3064;2#New Mexico, United States#US#USNM##34.8375#-106.237#NM#2861;2#New Mexico, United States#US#USNM##34.8375#-106.237#NM#4189;3#University Of New Mexico, New Mexico, United States#US#USNM#NM055#36.5828#-105.594#911965#4189;2#California, United States#US#USCA##36.17#-119.746#CA#3045;2#California, United States#US#USCA##36.17#-119.746#CA#5965;3#Colorado State University, Colorado, United States#US#USCO#CO069#40.5672#-105.594#177310#82;3#Colorado State University, Colorado, United States#US#USCO#CO069#40.5672#-105.594#177310#1395;3#Colorado State University, Colorado, United States#US#USCO#CO069#40.5672#-105.594#177310#1639;2#Utah, United States#US#USUT##40.1135#-111.854#UT#2868;2#Arizona, United States#US#USAZ##33.7712#-111.388#AZ#2848;3#Grand County, Colorado, United States#US#USCO#CO049#40.0667#-106.084#198140#3834;3#Grand County, Colorado, United States#US#USCO#CO049#40.0667#-106.084#198140#3925					-1.20030007501875,1.27531882970743,2.47561890472618,3.75093773443361,20.2550637659415,0.900225056264066,1220			http://npr-brightspot.s3.amazonaws.com/8d/67/38b9fa45453c8fae5c3f83d5482d/55069491079-df44bed07f-o.jpg								<PAGE_LINKS>https://www.colorado.edu/center/gwc/2026/06/04/june-4-5-2026-conference-colorado-river;https://www.cpr.org/2025/10/31/colorado-river-negotiations-sticking-points-explained/;https://www.kunc.org/2026-07-31/three-states-could-have-to-cut-water-use-from-drought-stricken-colorado-river-under-new-federal-plan;https://www.kunc.org/environment/2022-11-23/the-colorado-river-compact-turns-100-years-old-is-it-still-working;https://www.kunc.org/news/2026-01-29/fiery-speeches-and-calls-for-compromise-what-colorado-river-negotiators-are-saying-on-eve-of-dc-summit;https://www.kunc.org/regional-news/2026-08-26/nevada-sues-trump-administration-over-cuts-to-colorado-river-allotment</PAGE_LINKS><PAGE_PRECISEPUBTIMESTAMP>20260908075400</PAGE_PRECISEPUBTIMESTAMP><PAGE_ALTURL_AMP>https://www.kunr.org/2026-09-08/colorado-river-negotiations-transparency?_amp=true</PAGE_ALTURL_AMP><PAGE_TITLE>Years of Colorado River talks failed to produce a deal. How much should the public see?</PAGE_TITLE>
	20260908233000		dailymail.com	https://www.dailymail.com/news/article-16115131/NEETS-Youth-problem-worse-thought.html				WB_470_EDUCATION,387;WB_470_EDUCATION,651;WB_470_EDUCATION,672;WB_470_EDUCATION,1146;WB_470_EDUCATION,1640;WB_470_EDUCATION,1670;WB_470_EDUCATION,1953;WB_470_EDUCATION,2404;WB_470_EDUCATION,2601;WB_470_EDUCATION,2866;WB_470_EDUCATION,2899;WB_470_EDUCATION,3271;WB_470_EDUCATION,3357;WB_470_EDUCATION,3698;WB_470_EDUCATION,3761;WB_470_EDUCATION,3889;WB_470_EDUCATION,4320;EPU_POLICY_REFORM,3332;TAX_FNCACT_SECRETARY,1246;TAX_FNCACT_SECRETARY,1680;TAX_FNCACT_SECRETARY,1963;TAX_FNCACT_SECRETARY,2909;TAX_FNCACT_SPOKESPERSON,3370;TAX_FNCACT_SPOKESPERSON,3711;TAX_FNCACT_STUDENTS,1120;TAX_FNCACT_STUDENTS,3868;SOC_POINTSOFINTEREST_COLLEGES,863;SOC_POINTSOFINTEREST_COLLEGES,1350;SOC_POINTSOFINTEREST_COLLEGES,4171;SOC_POINTSOFINTEREST_COLLEGES,4242;SOC_POINTSOFINTEREST_COLLEGES,4351;WB_1406_DISEASES,1582;WB_1406_DISEASES,2802;WB_1406_DISEASES,4216;WB_621_HEALTH_NUTRITION_AND_POPULATION,1582;WB_621_HEALTH_NUTRITION_AND_POPULATION,2802;WB_621_HEALTH_NUTRITION_AND_POPULATION,4216;WB_1430_MENTAL_HEALTH,1582;WB_1430_MENTAL_HEALTH,2802;WB_1430_MENTAL_HEALTH,4216;WB_1427_NON_COMMUNICABLE_DISEASE_AND_INJURY,1582;WB_1427_NON_COMMUNICABLE_DISEASE_AND_INJURY,2802;WB_1427_NON_COMMUNICABLE_DISEASE_AND_INJURY,4216;WB_696_PUBLIC_SECTOR_MANAGEMENT,1925;WB_696_PUBLIC_SECTOR_MANAGEMENT,2208;WB_696_PUBLIC_SECTOR_MANAGEMENT,3154;WB_2048_COMPENSATION_CAREERS_AND_INCENTIVES,1925;WB_2048_COMPENSATION_CAREERS_AND_INCENTIVES,2208;WB_2048_COMPENSATION_CAREERS_AND_INCENTIVES,3154;WB_723_PUBLIC_ADMINISTRATION,1925;WB_723_PUBLIC_ADMINISTRATION,2208;WB_723_PUBLIC_ADMINISTRATION,3154;WB_724_HUMAN_RESOURCES_FOR_PUBLIC_SECTOR,1925;WB_724_HUMAN_RESOURCES_FOR_PUBLIC_SECTOR,2208;WB_724_HUMAN_RESOURCES_FOR_PUBLIC_SECTOR,3154;TAX_WORLDMAMMALS_MOUSE,3477;UNGP_FORESTS_RIVERS_OCEANS,3821;TAX_ETHNICITY_ENGLISH,4012;TAX_WORLDLANGUAGES_ENGLISH,4012;TAX_ECON_PRICE,1899;TAX_ECON_PRICE,2182;TAX_ECON_PRICE,3128;TAX_FNCACT_OFFICIAL,121;TAX_FNCACT_OFFICIAL,334;TAX_FNCACT_OFFICIAL,1176;TAX_FNCACT_YOUNGSTERS,177;TAX_FNCACT_STUDENT,4413;EDUCATION,268;EDUCATION,792;EDUCATION,1060;SOC_POINTSOFINTEREST_COLLEGE,268;SOC_POINTSOFINTEREST_COLLEGE,792;SOC_POINTSOFINTEREST_COLLEGE,1060;DELAY,3634;USPEC_UNCERTAINTY1,3634;CRISISLEX_C04_LOGISTICS_TRANSPORT,3634;AFFECT,107;CRISISLEX_CRISISLEXREC,20;CRISISLEX_CRISISLEXREC,1318;CRISISLEX_CRISISLEXREC,3799;TAX_FNCACT_CHILDREN,552;TAX_FNCACT_CHILDREN,712;TAX_FNCACT_CHILDREN,1486;TAX_FNCACT_CHILDREN,2360;TAX_FNCACT_CHILDREN,2702;TRANSPARENCY,1470;ECON_TAXATION,1787;ECON_TAXATION,2070;ECON_TAXATION,3016;USPEC_POLICY1,1787;USPEC_POLICY1,2070;USPEC_POLICY1,3016;EPU_POLICY_TAX,1787;EPU_POLICY_TAX,2070;EPU_POLICY_TAX,3016;EPU_CATS_TAXES,1787;EPU_CATS_TAXES,2070;EPU_CATS_TAXES,3016;GENERAL_HEALTH,1236;GENERAL_HEALTH,1582;GENERAL_HEALTH,2802;GENERAL_HEALTH,4216;MEDICAL,1236;MEDICAL,1582;MEDICAL,2802;MEDICAL,4216;WB_1467_EDUCATION_FOR_ALL,3508;WB_1467_EDUCATION_FOR_ALL,4101;WB_2131_EMPLOYABILITY_SKILLS_AND_JOBS,3508;WB_2131_EMPLOYABILITY_SKILLS_AND_JOBS,4101;WB_1484_EDUCATION_SKILLS_DEVELOPMENT_AND_LABOR_MARKET,3508;WB_1484_EDUCATION_SKILLS_DEVELOPMENT_AND_LABOR_MARKET,4101;EPU_CATS_MIGRATION_FEAR_FEAR,2334;SOC_POINTSOFINTEREST_SCHOOLS,590;SOC_POINTSOFINTEREST_SCHOOLS,4266;WB_2745_JOB_QUALITY_AND_LABOR_MARKET_PERFORMANCE,375;WB_2745_JOB_QUALITY_AND_LABOR_MARKET_PERFORMANCE,1653;WB_2745_JOB_QUALITY_AND_LABOR_MARKET_PERFORMANCE,2589;WB_2745_JOB_QUALITY_AND_LABOR_MARKET_PERFORMANCE,2879;WB_2745_JOB_QUALITY_AND_LABOR_MARKET_PERFORMANCE,3259;WB_2670_JOBS,375;WB_2670_JOBS,1653;WB_2670_JOBS,2589;WB_2670_JOBS,2879;WB_2670_JOBS,3259;WB_2689_JOBS_DIAGNOSTICS,375;WB_2689_JOBS_DIAGNOSTICS,1653;WB_2689_JOBS_DIAGNOSTICS,2589;WB_2689_JOBS_DIAGNOSTICS,2879;WB_2689_JOBS_DIAGNOSTICS,3259;WB_2748_EMPLOYMENT,375;WB_2748_EMPLOYMENT,1653;WB_2748_EMPLOYMENT,2589;WB_2748_EMPLOYMENT,2879;WB_2748_EMPLOYMENT,3259;TAX_FNCACT_COMMISSIONER,565;TAX_FNCACT_COMMISSIONER,725;TAX_FNCACT_COMMISSIONER,1499;TAX_FNCACT_COMMISSIONER,2715;		1#Britain#UK#UK##54#-4#UK#7;1#United Kingdom#UK#UK##54#-4#UK#3347					-2.2911051212938,2.15633423180593,4.44743935309973,6.60377358490566,22.7762803234501,0.673854447439353,675			https://i.dailymail.com/1s/2026/09/08/17/111122459-0-image-m-16_1788886154093.jpg								<PAGE_AUTHORS>Sophie Church;SOPHIE CHURCH - POLITICAL REPORTER</PAGE_AUTHORS><PAGE_PRECISEPUBTIMESTAMP>20260908230100</PAGE_PRECISEPUBTIMESTAMP><PAGE_ALTURL_AMP>https://www.dailymail.com/news/article-16115131/amp/NEETS-Youth-problem-worse-thought.html</PAGE_ALTURL_AMP><PAGE_TITLE>40,000 hidden NEETS: Youth problem worse than thought as Children's Commissioner finds tens of thousands enrolled in college but hardly attending</PAGE_TITLE>
	20260908233000		wpbf.com	https://www.wpbf.com/article/supreme-court-rejects-missouri-request-congressional-map/73645758				CRISISLEX_CRISISLEXREC,1408;USPEC_POLICY1,4317;EPU_POLICY_LEGISLATION,4317;WB_696_PUBLIC_SECTOR_MANAGEMENT,1747;WB_840_JUSTICE,1747;TAX_ETHNICITY_AMERICAN,3361;UNGP_FORESTS_RIVERS_OCEANS,483;ARMEDCONFLICT,435;ARMEDCONFLICT,516;ARMEDCONFLICT,1987;ARMEDCONFLICT,5115;TAX_FNCACT_CITIZENS,759;TAX_FNCACT_SECRETARY,3449;LEGISLATION,3896;EPU_POLICY_LAW,3896;RURAL,3073;TAX_POLITICAL_PARTY_DEMOCRATS,2527;TAX_POLITICAL_PARTY_DEMOCRATS,4696;ELECTION,338;ELECTION,742;ELECTION,1280;ELECTION,1361;ELECTION,1626;TAX_POLITICAL_PARTY_REPUBLICAN,919;TAX_POLITICAL_PARTY_REPUBLICAN,2229;TAX_POLITICAL_PARTY_REPUBLICAN,2576;TAX_POLITICAL_PARTY_REPUBLICAN,3084;TAX_POLITICAL_PARTY_REPUBLICAN,3185;TAX_POLITICAL_PARTY_REPUBLICAN,3439;TAX_POLITICAL_PARTY_REPUBLICAN,5070;TAX_FNCACT_CITIZEN,1863;TAX_FNCACT_SECRETARY_OF_STATE,3458;TAX_WORLDLANGUAGES_KANSAS,2905;TAX_WORLDLANGUAGES_KANSAS,2944;BAN,1096;TAX_POLITICAL_PARTY_REPUBLICANS,1176;TAX_POLITICAL_PARTY_REPUBLICANS,1653;TAX_POLITICAL_PARTY_REPUBLICANS,1950;TAX_POLITICAL_PARTY_REPUBLICANS,2016;TAX_POLITICAL_PARTY_REPUBLICANS,2513;TAX_POLITICAL_PARTY_REPUBLICANS,3003;TAX_POLITICAL_PARTY_REPUBLICANS,4504;TAX_POLITICAL_PARTY_REPUBLICANS,4914;TAX_FNCACT_OFFICIALS,1290;TAX_FNCACT_OFFICIALS,1522;TAX_FNCACT_OFFICIALS,2592;WB_678_DIGITAL_GOVERNMENT,2340;WB_2943_SWITCHES,2340;WB_667_ICT_INFRASTRUCTURE,2340;WB_672_NETWORK_MANAGEMENT,2340;WB_133_INFORMATION_AND_COMMUNICATION_TECHNOLOGIES,2340;LEADER,704;LEADER,1588;LEADER,4929;TAX_FNCACT_PRESIDENT,704;TAX_FNCACT_PRESIDENT,1588;TAX_FNCACT_PRESIDENT,4929;TAX_FNCACT_CANDIDATES,5081;CONSTITUTIONAL,3608;CONSTITUTIONAL,4066;USPEC_POLITICS_GENERAL1,303;USPEC_POLITICS_GENERAL1,1558;USPEC_POLITICS_GENERAL1,2735;USPEC_POLITICS_GENERAL1,2835;USPEC_POLITICS_GENERAL1,3651;USPEC_POLITICS_GENERAL1,4140;USPEC_POLITICS_GENERAL1,4291;USPEC_POLITICS_GENERAL1,4439;USPEC_POLITICS_GENERAL1,4971;EPU_POLICY_CONGRESSIONAL,303;EPU_POLICY_CONGRESSIONAL,1558;EPU_POLICY_CONGRESSIONAL,2735;EPU_POLICY_CONGRESSIONAL,2835;EPU_POLICY_CONGRESSIONAL,3651;EPU_POLICY_CONGRESSIONAL,4140;EPU_POLICY_CONGRESSIONAL,4291;EPU_POLICY_CONGRESSIONAL,4439;EPU_POLICY_CONGRESSIONAL,4971;TAX_FNCACT_JUDGE,13;TAX_FNCACT_JUDGE,217;TAX_FNCACT_JUDGE,1033;TRIAL,928;TRIAL,2244;TAX_FNCACT_ATTORNEY,928;TAX_FNCACT_ATTORNEY,2244;CRISISLEX_C04_LOGISTICS_TRANSPORT,1850;		1#American#US#US##39.828175#-98.5795#US#3361;2#Texas, United States#US#USTX##31.106#-97.6475#TX#4378;2#Texas, United States#US#USTX##31.106#-97.6475#TX#4606;2#Louisiana, United States#US#USLA##31.1801#-91.8749#LA#4675;2#Alabama, United States#US#USAL##32.799#-86.8073#AL#4685;2#California, United States#US#USCA##36.17#-119.746#CA#4822;2#Utah, United States#US#USUT##40.1135#-111.854#UT#4829;2#Ohio, United States#US#USOH##40.3736#-82.7755#OH#4641;2#Florida, United States#US#USFL##27.8333#-81.717#FL#4651;2#North Carolina, United States#US#USNC##35.6411#-79.8431#NC#4634;2#Tennessee, United States#US#USTN##35.7449#-86.7489#TN#4663;2#Missouri, United States#US#USMO##38.4623#-92.302#MO#41;2#Missouri, United States#US#USMO##38.4623#-92.302#MO#229;2#Missouri, United States#US#USMO##38.4623#-92.302#MO#495;2#Missouri, United States#US#USMO##38.4623#-92.302#MO#623;2#Missouri, United States#US#USMO##38.4623#-92.302#MO#908;2#Missouri, United States#US#USMO##38.4623#-92.302#MO#984;2#Missouri, United States#US#USMO##38.4623#-92.302#MO#1105;2#Missouri, United States#US#USMO##38.4623#-92.302#MO#1512;2#Missouri, United States#US#USMO##38.4623#-92.302#MO#1780;2#Missouri, United States#US#USMO##38.4623#-92.302#MO#2048;2#Missouri, United States#US#USMO##38.4623#-92.302#MO#2112;2#Missouri, United States#US#USMO##38.4623#-92.302#MO#2453;2#Missouri, United States#US#USMO##38.4623#-92.302#MO#2639;2#Missouri, United States#US#USMO##38.4623#-92.302#MO#3595;2#Missouri, United States#US#USMO##38.4623#-92.302#MO#4053;2#Missouri, United States#US#USMO##38.4623#-92.302#MO#4329;2#Missouri, United States#US#USMO##38.4623#-92.302#MO#4617					-1.09622411693057,2.67965895249695,3.77588306942753,6.45554202192448,23.3861144945189,0,755			https://kubrick.htvapps.com/htv-prod/images/89761133-cbeb-46d5-bda9-4908d852a2d5.jpg?crop=1.00xw%3A0.846xh%3B0%2C0.0865xh								<PAGE_TITLE>SCOTUS rejects Missouri's request to use congressional map with extra GOP seat</PAGE_TITLE>
	20260908233000		abcnews.com	https://abcnews.com/GMA/Culture/emmys-2026-what-to-know/story?id=136285636				TAX_FNCACT_VICTIMS,647;							7.69230769230769,9.03010033444816,1.33779264214047,10.3678929765886,21.5719063545151,0,536			https://i.abcnewsfe.com/a/b2a035e3-91e8-470b-989e-5144b77c65aa/Emmy-statue-gty-sn-260908_1788904209418_hpMain_16x9.jpg								<PAGE_LINKS>https://www.goodmorningamerica.com/culture/story/2026-emmy-nominations-snubs-surprises-134589259;https://www.goodmorningamerica.com/culture/story/mariska-hargitay-ice-step-law-order-svu-25th-106452460;https://www.goodmorningamerica.com/culture/story/primetime-emmy-nominees-2026-134552957;https://www.goodmorningamerica.com/culture/story/rob-reiner-receives-posthumous-emmy-nomination-134589770;https://www.goodmorningamerica.com/video/136252994</PAGE_LINKS><PAGE_AUTHORS>ABC News</PAGE_AUTHORS><PAGE_ALTURL_AMP>https://abcnews.com/amp/GMA/Culture/emmys-2026-what-to-know/story?id=136285636</PAGE_ALTURL_AMP><PAGE_TITLE>2026 Emmys: When is the ceremony, how to watch, what to know about nominees</PAGE_TITLE>
	20260908233000		lbc.co.uk	https://www.lbc.co.uk/article/hot-drinks-throat-cancer-risk-study-5Hjdh9Q_2/				TAX_FNCACT_CHIEF_EXECUTIVE,1427;TAX_FNCACT_CHIEF,1417;AFFECT,3266;TAX_FNCACT_EXECUTIVE,1427;TAX_FNCACT_WOMEN,3132;TAX_FNCACT_EPIDEMIOLOGIST,3603;GENERAL_HEALTH,2268;GENERAL_HEALTH,2965;GENERAL_HEALTH,3631;SCIENCE,189;TAX_FNCACT_VOLUNTEERS,1374;TAX_DISEASE_CANCER,30;TAX_DISEASE_CANCER,127;TAX_DISEASE_CANCER,286;TAX_DISEASE_CANCER,389;TAX_DISEASE_CANCER,526;TAX_DISEASE_CANCER,636;TAX_DISEASE_CANCER,856;TAX_DISEASE_CANCER,1008;TAX_DISEASE_CANCER,1544;TAX_DISEASE_CANCER,1730;TAX_DISEASE_CANCER,1934;TAX_DISEASE_CANCER,2290;TAX_DISEASE_CANCER,2374;TAX_DISEASE_CANCER,2725;TAX_DISEASE_CANCER,2893;TAX_DISEASE_CANCER,3180;TAX_DISEASE_CANCER,3407;WB_1406_DISEASES,30;WB_1406_DISEASES,127;WB_1406_DISEASES,286;WB_1406_DISEASES,389;WB_1406_DISEASES,526;WB_1406_DISEASES,636;WB_1406_DISEASES,856;WB_1406_DISEASES,1008;WB_1406_DISEASES,1544;WB_1406_DISEASES,1730;WB_1406_DISEASES,1934;WB_1406_DISEASES,2290;WB_1406_DISEASES,2374;WB_1406_DISEASES,2725;WB_1406_DISEASES,2893;WB_1406_DISEASES,3180;WB_1406_DISEASES,3407;WB_1431_CANCER,30;WB_1431_CANCER,127;WB_1431_CANCER,286;WB_1431_CANCER,389;WB_1431_CANCER,526;WB_1431_CANCER,636;WB_1431_CANCER,856;WB_1431_CANCER,1008;WB_1431_CANCER,1544;WB_1431_CANCER,1730;WB_1431_CANCER,1934;WB_1431_CANCER,2290;WB_1431_CANCER,2374;WB_1431_CANCER,2725;WB_1431_CANCER,2893;WB_1431_CANCER,3180;WB_1431_CANCER,3407;WB_621_HEALTH_NUTRITION_AND_POPULATION,30;WB_621_HEALTH_NUTRITION_AND_POPULATION,127;WB_621_HEALTH_NUTRITION_AND_POPULATION,286;WB_621_HEALTH_NUTRITION_AND_POPULATION,389;WB_621_HEALTH_NUTRITION_AND_POPULATION,526;WB_621_HEALTH_NUTRITION_AND_POPULATION,636;WB_621_HEALTH_NUTRITION_AND_POPULATION,856;WB_621_HEALTH_NUTRITION_AND_POPULATION,1008;WB_621_HEALTH_NUTRITION_AND_POPULATION,1544;WB_621_HEALTH_NUTRITION_AND_POPULATION,1730;WB_621_HEALTH_NUTRITION_AND_POPULATION,1934;WB_621_HEALTH_NUTRITION_AND_POPULATION,2290;WB_621_HEALTH_NUTRITION_AND_POPULATION,2374;WB_621_HEALTH_NUTRITION_AND_POPULATION,2725;WB_621_HEALTH_NUTRITION_AND_POPULATION,2893;WB_621_HEALTH_NUTRITION_AND_POPULATION,3180;WB_621_HEALTH_NUTRITION_AND_POPULATION,3407;WB_1427_NON_COMMUNICABLE_DISEASE_AND_INJURY,30;WB_1427_NON_COMMUNICABLE_DISEASE_AND_INJURY,127;WB_1427_NON_COMMUNICABLE_DISEASE_AND_INJURY,286;WB_1427_NON_COMMUNICABLE_DISEASE_AND_INJURY,389;WB_1427_NON_COMMUNICABLE_DISEASE_AND_INJURY,526;WB_1427_NON_COMMUNICABLE_DISEASE_AND_INJURY,636;WB_1427_NON_COMMUNICABLE_DISEASE_AND_INJURY,856;WB_1427_NON_COMMUNICABLE_DISEASE_AND_INJURY,1008;WB_1427_NON_COMMUNICABLE_DISEASE_AND_INJURY,1544;WB_1427_NON_COMMUNICABLE_DISEASE_AND_INJURY,1730;WB_1427_NON_COMMUNICABLE_DISEASE_AND_INJURY,1934;WB_1427_NON_COMMUNICABLE_DISEASE_AND_INJURY,2290;WB_1427_NON_COMMUNICABLE_DISEASE_AND_INJURY,2374;WB_1427_NON_COMMUNICABLE_DISEASE_AND_INJURY,2725;WB_1427_NON_COMMUNICABLE_DISEASE_AND_INJURY,2893;WB_1427_NON_COMMUNICABLE_DISEASE_AND_INJURY,3180;WB_1427_NON_COMMUNICABLE_DISEASE_AND_INJURY,3407;EDUCATION,2983;SOC_POINTSOFINTEREST_UNIVERSITY,2983;UNGP_FORESTS_RIVERS_OCEANS,2686;CRISISLEX_CRISISLEXREC,2817;TAX_FNCACT_CHILDREN,1279;TAX_DISEASE_SQUAMOUS_CELL_CARCINOMA,2553;TAX_DISEASE_SQUAMOUS_CELL_CARCINOMA,3225;TAX_DISEASE_SQUAMOUS_CELL_CARCINOMA,4239;CRISISLEX_C03_WELLBEING_HEALTH,1260;TAX_FNCACT_RESEARCHER,3567;TAX_DISEASE_ADENOCARCINOMA,3199;TAX_DISEASE_ADENOCARCINOMA,3336;TAX_FOODSTAPLES_MILK,2072;TAX_DISEASE_CARCINOMA,2553;TAX_DISEASE_CARCINOMA,3225;TAX_DISEASE_CARCINOMA,4239;MEDICAL,1287;TAX_FNCACT_SURGEON,1287;		1#United Kingdom#UK#UK##54#-4#UK#660;1#United Kingdom#UK#UK##54#-4#UK#708;1#United Kingdom#UK#UK##54#-4#UK#2314;1#United Kingdom#UK#UK##54#-4#UK#2419;1#United Kingdom#UK#UK##54#-4#UK#3073;1#United Kingdom#UK#UK##54#-4#UK#3104;1#United Kingdom#UK#UK##54#-4#UK#3429;1#United Kingdom#UK#UK##54#-4#UK#3472;1#United Kingdom#UK#UK##54#-4#UK#4058;1#America#US#US##39.828175#-98.5795#US#3780					-6.27674750356633,1.14122681883024,7.41797432239658,8.55920114122682,25.1069900142653,0,672			https://images.globalplayer.com/images/840560?crop=16_9&signature=3sTvMBT4fqvlsJDVBRGshqp8HKI=								<PAGE_LINKS>https://www.alamy.com/stock-photo-close-up-o-599862541.html;https://www.alamy.com/stock-photo-hot-drinks-355295474.html;https://www.lbc.co.uk/article/abuse-of-rnli-staff-and-volunteers-is-wholly-unacceptable-the-charitys-chief-exe-5Hjdh9C_2/;https://www.lbc.co.uk/article/over-200-patients-harmed-by-childrens-surgeon-according-to-mistakenly-shared-upd-5Hjdh96_2/</PAGE_LINKS><PAGE_AUTHORS>Chay Quinn</PAGE_AUTHORS><PAGE_PRECISEPUBTIMESTAMP>20260908230500</PAGE_PRECISEPUBTIMESTAMP><PAGE_TITLE>Hot drinks cause throat cancer, new study suggests</PAGE_TITLE>
	20260908233000		celebdirtylaundry.com	https://www.celebdirtylaundry.com/2026/beyond-the-gates-spoilers-wednesday-september-9-heather-and-nicole-lock-horns-dupree-girls-strategize/				TAX_FNCACT_WOMEN,625;TAX_FNCACT_WOMEN,2226;SCANDAL,2016;TAX_FNCACT_GUARD,923;EDUCATION,1421;EDUCATION,1551;SOC_POINTSOFINTEREST_COLLEGE,1421;SOC_POINTSOFINTEREST_COLLEGE,1551;USPEC_POLITICS_GENERAL1,1434;TAX_FNCACT_FATHER,1761;TAX_FNCACT_WOMAN,783;							-0.246913580246913,3.45679012345679,3.7037037037037,7.16049382716049,22.4691358024691,0.246913580246914,368			https://www.celebdirtylaundry.com/wp-content/uploads/Beyond-the-Gates-Spoilers-Wednesday-September-9-Heather-and-Nicole-Lock-Horns-%E2%80%93-Dupree-Girls-Strategize.jpg								<PAGE_LINKS>https://www.celebdirtylaundry.com/2026/beyond-the-gates-spoilers-week-of-september-7-its-over-for-hayley-ted-bombs-nicole-lashes-at-heather/;https://www.celebdirtylaundry.com/category/soap-opera/beyond-the-gates/</PAGE_LINKS><PAGE_AUTHORS>Dorathy Gass</PAGE_AUTHORS><PAGE_PRECISEPUBTIMESTAMP>20260908200600</PAGE_PRECISEPUBTIMESTAMP><PAGE_ALTURL_AMP>https://www.celebdirtylaundry.com/2026/beyond-the-gates-spoilers-wednesday-september-9-heather-and-nicole-lock-horns-dupree-girls-strategize/amp/</PAGE_ALTURL_AMP><PAGE_TITLE>Beyond the Gates Spoilers Wednesday, September 9: Heather and Nicole Lock Horns &#x2013; Dupree Girls Strategize</PAGE_TITLE>
	20260908233000		pqbnews.com	https://pqbnews.com/2026/09/08/woolly-dog-pelt-on-loan-to-b-c-museum-from-the-smithsonian/				EDUCATION,144;EDUCATION,1514;EDUCATION,2350;		1#Jordan#JO#JO##31#36#JO#2498;4#Chilliwack, British Columbia, Canada#CA#CA02#12550#49.1667#-121.95#-562560#1268					0.860585197934596,1.89328743545611,1.03270223752151,2.92598967297762,19.9655765920826,0.344234079173838,513			https://pqbnews.com/wp-content/uploads/sites/11/2026/09/260908-BPD-woolly-dog-MOA.jpg								<PAGE_LINKS>https://trinityaudio.ai</PAGE_LINKS><PAGE_AUTHORS>none</PAGE_AUTHORS><PAGE_PRECISEPUBTIMESTAMP>20260908230700</PAGE_PRECISEPUBTIMESTAMP><PAGE_TITLE>Woolly dog pelt on loan to B.C. museum from the Smithsonian | Parksville Qualicum News</PAGE_TITLE>
	20260908233000		iheart.com	https://1053thefox.iheart.com/content/2026-09-08-iowa-band-member-taken-off-life-support/				EDUCATION,43;EDUCATION,527;EDUCATION,810;EDUCATION,1079;EDUCATION,1199;EDUCATION,1497;		2#Iowa, United States#US#USIA##42.0046#-93.214#IA#51;2#Iowa, United States#US#USIA##42.0046#-93.214#IA#272;2#Iowa, United States#US#USIA##42.0046#-93.214#IA#535;2#Iowa, United States#US#USIA##42.0046#-93.214#IA#710;2#Iowa, United States#US#USIA##42.0046#-93.214#IA#818;2#Iowa, United States#US#USIA##42.0046#-93.214#IA#1505;3#University Of Iowa, Iowa, United States#US#USIA#IA103#41.6617#-91.5363#462484#51;3#University Of Iowa, Iowa, United States#US#USIA#IA103#41.6617#-91.5363#462484#535;3#University Of Iowa, Iowa, United States#US#USIA#IA103#41.6617#-91.5363#462484#818;3#University Of Iowa, Iowa, United States#US#USIA#IA103#41.6617#-91.5363#462484#1505;2#Illinois, United States#US#USIL##40.3363#-89.0022#IL#290					0,4.41767068273092,4.41767068273092,8.83534136546185,20.0803212851406,0,235			https://i.iheart.com/v3/re/assets.getty/6aa0561dd1d22d56eb61d8e5?ops=gravity(%22north%22),fit(1200,675),quality(65)								<PAGE_LINKS>https://www.instagram.com/p/DdA1AGoPAJA/;https://www.kcrg.com/2026/09/06/heat-causes-iowa-marching-band-pull-out-halftime-performance/</PAGE_LINKS><PAGE_TITLE>Iowa Band Member Taken Off Life Support</PAGE_TITLE>
	20260908233000		scmp.com	https://www.scmp.com/special-reports/article/3366771/hong-kongs-belt-and-road-cultural-exchange-builds-ties-beyond-railways-and-ports				TAX_RELIGION_BUDDHIST,2044;TAX_ETHNICITY_BUDDHIST,2044;TAX_ETHNICITY_CHINESE,330;TAX_ETHNICITY_CHINESE,2178;TAX_ETHNICITY_CHINESE,2331;TAX_WORLDLANGUAGES_CHINESE,330;TAX_WORLDLANGUAGES_CHINESE,2178;TAX_WORLDLANGUAGES_CHINESE,2331;KILL,1646;WB_135_TRANSPORT,1150;WB_1803_TRANSPORT_INFRASTRUCTURE,1150;WB_167_PORTS,1150;TAX_RELIGION_ISLAMIC,1937;TAX_FNCACT_DIRECTOR,1756;SOC_POINTSOFINTEREST_UNIVERSITY,809;SOC_POINTSOFINTEREST_UNIVERSITY,1392;PROPAGANDA,1503;TAX_ETHNICITY_ASIAN,2129;EDUCATION,239;TAX_FNCACT_PROFESSOR,1293;WB_2601_TRADE_LINKAGES_SPILLOVERS_AND_CONNECTIVITY,182;WB_772_TRADE_FACILITATION_AND_LOGISTICS,182;WB_699_URBAN_DEVELOPMENT,182;WB_866_CONNECTIVITY_AND_LAGGING_REGIONS,182;WB_698_TRADE,182;WB_797_NATIONAL_URBAN_POLICIES,182;		4#University Of Hong Kong, Hong Kong (General), Hong Kong#HK#HK00#13031#22.2833#114.133#-1353150#1405;4#Zitong, Zhejiang, China#CH#CH02#13319#29.6015#118.755#-1904609#552;1#Hong Kong#HK#HK##22.25#114.166667#HK#148;1#Hong Kong#HK#HK##22.25#114.166667#HK#269;1#Hong Kong#HK#HK##22.25#114.166667#HK#497;1#Hong Kong#HK#HK##22.25#114.166667#HK#786;1#Hong Kong#HK#HK##22.25#114.166667#HK#1405;1#Hong Kong#HK#HK##22.25#114.166667#HK#1416;1#Hong Kong#HK#HK##22.25#114.166667#HK#1773;4#Doha, Ad Daw?Ah, Qatar#QA#QA01#25307#25.2867#51.5333#-785169#1949;1#Egypt#EG#EG##27#30#EG#368;1#Egypt#EG#EG##27#30#EG#1882;1#Chinese#CH#CH##35#105#CH#330;1#Chinese#CH#CH##35#105#CH#2178;1#Chinese#CH#CH##35#105#CH#2331;1#Egyptian#EG#EG##27#30#EG#403;4#Paris, France (General), France#FR#FR00#16282#48.8667#2.33333#-1456928#2143;1#China#CH#CH##35#105#CH#559;1#China#CH#CH##35#105#CH#1984					2.83505154639175,4.38144329896907,1.54639175257732,5.92783505154639,17.0103092783505,1.03092783505155,347			https://cdn.i-scmp.com/sites/default/files/styles/og_image_scmp_generic/public/d8/images/canvas/2026/09/08/fa98f01e-6cb9-4f65-a6ba-1d099f8e613c_922cedc8.jpg?itok=Xbxzb20a&v=1788858559								<PAGE_ALTURL_AMP>https://amp.scmp.com/special-reports/article/3366771/hong-kongs-belt-and-road-cultural-exchange-builds-ties-beyond-railways-and-ports</PAGE_ALTURL_AMP><PAGE_TITLE>Hong Kong's Belt and Road cultural exchange builds ties beyond railways and ports</PAGE_TITLE>
	20260908233000		bernews.com	https://bernews.com/2026/09/ministry-advises-three-semaglutide-recalls/				TAX_FNCACT_MINISTER,2760;AFFECT,1206;AFFECT,1227;AFFECT,1466;AFFECT,1612;AFFECT,1739;AFFECT,2079;AFFECT,2199;AFFECT,2494;AFFECT,2748;AFFECT,3092;TAX_FNCACT_SPOKESPERSON,183;TAX_FNCACT_SPOKESPERSON,3267;EPU_POLICY_REGULATORY,3376;TAX_FNCACT_MANUFACTURER,901;TAX_FNCACT_MANUFACTURER,2917;LEADER,2763;TAX_FNCACT_PHARMACIST,3132;GENERAL_GOVERNMENT,170;GENERAL_GOVERNMENT,3254;EPU_POLICY_GOVERNMENT,170;EPU_POLICY_GOVERNMENT,3254;CRISISLEX_C03_WELLBEING_HEALTH,307;CRISISLEX_C03_WELLBEING_HEALTH,1418;CRISISLEX_C03_WELLBEING_HEALTH,1999;CRISISLEX_C03_WELLBEING_HEALTH,2053;CRISISLEX_C03_WELLBEING_HEALTH,2539;CRISISLEX_C03_WELLBEING_HEALTH,2990;CRISISLEX_C03_WELLBEING_HEALTH,3199;GENERAL_HEALTH,25;GENERAL_HEALTH,2770;GENERAL_HEALTH,3297;MEDICAL,25;MEDICAL,2770;MEDICAL,3297;		1#Canada#CA#CA##60#-96#CA#658;1#Canada#CA#CA##60#-96#CA#923;1#Canada#CA#CA##60#-96#CA#1097;1#Bermuda#BD#BD##32.333333#-64.75#BD#148;1#Bermuda#BD#BD##32.333333#-64.75#BD#386					-2.48091603053435,2.86259541984733,5.34351145038168,8.20610687022901,26.1450381679389,1.14503816793893,444			https://cloudfront.bernews.com/wp-content/uploads/2026/09/product-recall-generic-BB-234213423-MBB-1.jpg								<PAGE_LINKS>https://bernews.com/category/all/;https://bernews.com/category/bermuda-news/</PAGE_LINKS><PAGE_AUTHORS>Name ( required )</PAGE_AUTHORS><PAGE_PRECISEPUBTIMESTAMP>20260908200700</PAGE_PRECISEPUBTIMESTAMP><PAGE_TITLE>Multiple Semaglutide Products Recalled</PAGE_TITLE>
	20260908233000		themountainpress.com	https://www.themountainpress.com/obituaries/vivian-carol-stanbery-thomas/article_eee30061-8b0f-55d9-8012-59d93cd82e0e.html				TAX_FNCACT_BACHELOR,483;SOC_POINTSOFINTEREST_UNIVERSITY,534;SOC_POINTSOFINTEREST_SCHOOLS,835;SOC_POINTSOFINTEREST_HIGH_SCHOOL,318;SCIENCE,494;CRISISLEX_CRISISLEXREC,1695;TAX_FNCACT_STUDENTS,765;TAX_FNCACT_STUDENTS,1111;TAX_RELIGION_METHODIST,989;TAX_RELIGION_METHODIST,1036;TAX_RELIGION_METHODIST,2515;TAX_RELIGION_METHODIST,2748;TAX_RELIGION_CHURCH,996;TAX_RELIGION_CHURCH,1043;TAX_RELIGION_CHURCH,1120;TAX_RELIGION_CHURCH,1233;TAX_RELIGION_CHURCH,2522;TAX_RELIGION_CHURCH,2755;TAX_FNCACT_CHILDREN,625;SOC_POINTSOFINTEREST_COLLEGE,389;SOC_POINTSOFINTEREST_SCHOOL,318;SOC_POINTSOFINTEREST_SCHOOL,781;TAX_WORLDLANGUAGES_TERRI,2306;WB_2670_JOBS,603;WB_2670_JOBS,860;WB_696_PUBLIC_SECTOR_MANAGEMENT,603;WB_696_PUBLIC_SECTOR_MANAGEMENT,860;WB_2048_COMPENSATION_CAREERS_AND_INCENTIVES,603;WB_2048_COMPENSATION_CAREERS_AND_INCENTIVES,860;WB_723_PUBLIC_ADMINISTRATION,603;WB_723_PUBLIC_ADMINISTRATION,860;WB_724_HUMAN_RESOURCES_FOR_PUBLIC_SECTOR,603;WB_724_HUMAN_RESOURCES_FOR_PUBLIC_SECTOR,860;EDUCATION,164;EDUCATION,359;EDUCATION,514;EDUCATION,730;WB_470_EDUCATION,164;WB_470_EDUCATION,359;WB_470_EDUCATION,514;WB_470_EDUCATION,730;		3#Oak Grove Cemetery, Tennessee, United States#US#USTN#TN109#34.9968#-88.6703#1296065#2670;1#United States#US#US##39.828175#-98.5795#US#404;1#United States#US#US##39.828175#-98.5795#US#562;1#United States#US#US##39.828175#-98.5795#US#657;1#United States#US#US##39.828175#-98.5795#US#711;1#United States#US#US##39.828175#-98.5795#US#827;1#United States#US#US##39.828175#-98.5795#US#1011;1#United States#US#US##39.828175#-98.5795#US#1556;1#United States#US#US##39.828175#-98.5795#US#2685;3#University Of Tennessee, Tennessee, United States#US#USTN#TN093#35.9543#-83.9307#1304269#547;3#Maryville, Tennessee, United States#US#USTN#TN009#35.7565#-83.9705#1292868#245;3#Sevier County, Tennessee, United States#US#USTN#TN155#35.7668#-83.5166#1639789#642;3#Sevier County, Tennessee, United States#US#USTN#TN155#35.7668#-83.5166#1639789#696;3#Sevier County, Tennessee, United States#US#USTN#TN155#35.7668#-83.5166#1639789#812;3#Oak Grove United Methodist Church, Tennessee, United States#US#USTN#TN043#36.007#-87.4806#1324156#996;2#Tennessee, United States#US#USTN##35.7449#-86.7489#TN#56;2#Tennessee, United States#US#USTN##35.7449#-86.7489#TN#220;2#Tennessee, United States#US#USTN##35.7449#-86.7489#TN#372;2#Tennessee, United States#US#USTN##35.7449#-86.7489#TN#547;2#Tennessee, United States#US#USTN##35.7449#-86.7489#TN#1423;1#Canada#CA#CA##60#-96#CA#1565;3#Tennessee Wesleyan College, Tennessee, United States#US#USTN#TN107#35.4451#-84.5919#1304047#389					4.14847161572052,4.80349344978166,0.655021834061135,5.45851528384279,17.9039301310044,0,388			https://bloximages.newyork1.vip.townnews.com/themountainpress.com/content/tncms/assets/v3/editorial/4/31/43171a57-87e4-5031-aed8-b6e55d72ad14/6aa0708f4d3ba.image.jpg?crop=1181%2C620%2C0%2C343								<PAGE_LINKS>http://www.atchleyfuneralhome.com</PAGE_LINKS><PAGE_PRECISEPUBTIMESTAMP>20260908202300</PAGE_PRECISEPUBTIMESTAMP><PAGE_TITLE>Vivian Carol Stanbery Thomas</PAGE_TITLE>
	20260908233000		republikein.com.na	https://www.republikein.com.na/mw-b7-main/the-cost-curve-doesnt-lie-NMH017690-4018-21803				ENV_GREEN,70;		1#Namibia#WA#WA##-22#17#WA#16					3.125,3.125,0,3.125,21.875,0,25			https://cdn.nmh.com.na/S3Server/Corridors/Images/2026/9/8/ab64d3_639244599705456508.png								<PAGE_AUTHORS>Marco Raffinetti</PAGE_AUTHORS><PAGE_PRECISEPUBTIMESTAMP>20260908220500</PAGE_PRECISEPUBTIMESTAMP><PAGE_ALTURL_AMP>/mw-b7-main/the-cost-curve-doesnt-lie-NMH017690-4018-21803/amp</PAGE_ALTURL_AMP><PAGE_TITLE>The cost curve doesn't lie - Republikein - Jou Land, Jou Taal, Jou Nuus</PAGE_TITLE>
	20260908233000		biometricupdate.com	https://www.biometricupdate.com/202609/touch-biometrix-tft-technology-reaches-market-with-lakota-fap60-scanner				TAX_WORLDLANGUAGES_LAKOTA,55;TAX_WORLDLANGUAGES_LAKOTA,292;TAX_WORLDLANGUAGES_LAKOTA,760;TAX_WORLDLANGUAGES_LAKOTA,1193;TAX_WORLDLANGUAGES_LAKOTA,1967;TAX_WORLDLANGUAGES_LAKOTA,2169;WB_2670_JOBS,1115;WB_2769_JOBS_STRATEGIES,1115;WB_2840_INTEGRATION,1115;WB_2836_MIGRATION_POLICIES_AND_JOBS,1115;TAX_FNCACT_DEVELOPER,446;EPU_ECONOMY_HISTORIC,177;MEDIA_SOCIAL,149;MEDIA_SOCIAL,1599;		1#America#US#US##39.828175#-98.5795#US#342					1.44927536231884,1.73913043478261,0.289855072463768,2.02898550724638,23.4782608695652,0.289855072463768,308			https://d1sr9z1pdl3mb7.cloudfront.net/wp-content/uploads/2022/05/03150458/biometric-data-privacy-scaled.jpg								<PAGE_LINKS>https://lakotasoftware.com/;https://www.biometricupdate.com/202311/touch-biometrix-launches-largest-ever-tft-capacitive-fingerprint-sensor;https://www.biometricupdate.com/companies/touch-biometrix-ltd;https://www.biometricupdate.com/tag/biometrics;https://www.biometricupdate.com/tag/fingerprint-biometrics;https://www.biometricupdate.com/tag/fingerprint-scanners;https://www.biometricupdate.com/tag/lakota-software-solutions;https://www.biometricupdate.com/tag/thin-film-transistor-tft;https://www.biometricupdate.com/tag/touch-biometrix;https://www.linkedin.com/posts/aaron-wilson-825401a_phantomf60-lakota-fap60-activity-7501648089313783809-ohz1/;https://www.linkedin.com/posts/touch-biometrix_phantomf60-lakota-fap60-activity-7501667155856441344-nF30/</PAGE_LINKS><PAGE_AUTHORS>Chris Burt</PAGE_AUTHORS><PAGE_TITLE>Touch Biometrix' TFT technology reaches market with Lakota FAP60 scanner</PAGE_TITLE>
	20260908233000		surreycomet.co.uk	https://www.surreycomet.co.uk/news/national/26533682.celebrity-traitors-clarksons-farm-win-top-prizes-national-tv-awards/				AGRICULTURE,1337;AGRICULTURE,1612;AGRICULTURE,2375;AGRICULTURE,2949;AGRICULTURE,3062;CRISISLEX_T11_UPDATESSYMPATHY,1924;CRISISLEX_T11_UPDATESSYMPATHY,2970;CRISISLEX_T11_UPDATESSYMPATHY,4662;TAX_WORLDMAMMALS_CAT,4267;TAX_WORLDMAMMALS_CAT,4640;TAX_ETHNICITY_BLACK,757;CRISISLEX_C07_SAFETY,2935;CRISISLEX_C07_SAFETY,3111;CRISISLEX_C07_SAFETY,3267;TAX_FNCACT_MAN,961;ENV_CLIMATECHANGE,5445;WB_567_CLIMATE_CHANGE,5445;UNGP_CLIMATE_CHANGE_ACTION,5445;SOC_GENERALCRIME,804;SOC_GENERALCRIME,3993;UNGP_FORESTS_RIVERS_OCEANS,5438;TAX_WORLDMAMMALS_HUMAN,5630;TAX_FNCACT_WOMEN,4585;ECON_WORKINGCLASS,6247;TAX_FNCACT_FARMERS,1915;TAX_FNCACT_FARMERS,3424;TAX_FNCACT_FARMERS,3548;LEGISLATION,3833;LEGISLATION,3972;EPU_POLICY_LAW,3833;EPU_POLICY_LAW,3972;TAX_FNCACT_COMEDIAN,100;MEDIA_MSM,452;MEDIA_MSM,1252;MEDIA_MSM,1992;MEDIA_MSM,2658;MEDIA_MSM,3324;MEDIA_MSM,4192;MEDIA_MSM,5008;MEDIA_MSM,5513;TAX_WORLDMAMMALS_SHEEP,2909;TAX_WORLDMAMMALS_SHEEP,3255;TAX_RELIGION_CHURCH,217;TAX_RELIGION_CHURCH,700;TAX_DISEASE_PROSTATE_CANCER,2304;SECURITY_SERVICES,4126;TAX_FNCACT_POLICE,4126;RATIFY,1860;RATIFY,1907;CRISISLEX_CRISISLEXREC,797;TAX_DISEASE_CANCER,2304;TAX_DISEASE_CANCER,2448;TAX_DISEASE_CANCER,2515;WB_1406_DISEASES,2304;WB_1406_DISEASES,2448;WB_1406_DISEASES,2515;WB_1431_CANCER,2304;WB_1431_CANCER,2448;WB_1431_CANCER,2515;WB_621_HEALTH_NUTRITION_AND_POPULATION,2304;WB_621_HEALTH_NUTRITION_AND_POPULATION,2448;WB_621_HEALTH_NUTRITION_AND_POPULATION,2515;WB_1427_NON_COMMUNICABLE_DISEASE_AND_INJURY,2304;WB_1427_NON_COMMUNICABLE_DISEASE_AND_INJURY,2448;WB_1427_NON_COMMUNICABLE_DISEASE_AND_INJURY,2515;TAX_FNCACT_MIDWIFE,5186;WB_641_REPRODUCTIVE_AND_MATERNAL_HEALTH,5186;WB_639_REPRODUCTIVE_MATERNAL_AND_CHILD_HEALTH,5186;WB_1455_MIDWIVES,5186;TAX_DISEASE_REMISSION,2469;GENERAL_HEALTH,2568;MEDICAL,2568;TAX_FNCACT_DOCTORS,2568;CRISISLEX_C03_WELLBEING_HEALTH,2568;TAX_ETHNICITY_MEND,2577;ARREST,4134;TAX_FNCACT_PRESENTER,5272;TAX_WORLDLANGUAGES_OLUSOGA,374;TAX_WORLDLANGUAGES_OLUSOGA,710;		4#London, London, City Of, United Kingdom#UK#UKH9#40110#51.5#-0.116667#-2601889#476;4#London, London, City Of, United Kingdom#UK#UKH9#40110#51.5#-0.116667#-2601889#1276;4#London, London, City Of, United Kingdom#UK#UKH9#40110#51.5#-0.116667#-2601889#2016;4#London, London, City Of, United Kingdom#UK#UKH9#40110#51.5#-0.116667#-2601889#2682;4#London, London, City Of, United Kingdom#UK#UKH9#40110#51.5#-0.116667#-2601889#3348;4#London, London, City Of, United Kingdom#UK#UKH9#40110#51.5#-0.116667#-2601889#4216;4#London, London, City Of, United Kingdom#UK#UKH9#40110#51.5#-0.116667#-2601889#5032;4#Southport, Sefton, United Kingdom#UK#UKL8#40121#53.6667#-3#-2608309#6011;1#Britain#UK#UK##54#-4#UK#3599;1#Britain#UK#UK##54#-4#UK#4539;1#British#UK#UK##54#-4#UK#3900;1#British#UK#UK##54#-4#UK#3952					2.72727272727273,6.72727272727273,4,10.7272727272727,23.9090909090909,1.45454545454545,1006			https://www.surreycomet.co.uk/resources/images/21428031.jpg?type=og-image								<PAGE_PRECISEPUBTIMESTAMP>20260908230200</PAGE_PRECISEPUBTIMESTAMP><PAGE_TITLE>Celebrity Traitors and Clarkson's Farm win top prizes at National TV Awards</PAGE_TITLE>
	20260908233000		local21news.com	https://local21news.com/news/nation-world/gop-worried-that-georgia-senate-candidate-mike-collins-will-drag-ticket-down-report-republicans-jon-ossoff				TAX_POLITICAL_PARTY_REPUBLICANS,50;TAX_POLITICAL_PARTY_REPUBLICANS,914;USPEC_POLITICS_GENERAL1,50;USPEC_POLITICS_GENERAL1,914;DEMOCRACY,241;DEMOCRACY,779;TAX_FNCACT_CANDIDATE,88;TAX_FNCACT_POLITICOS,673;CRISISLEX_CRISISLEXREC,894;CRISISLEX_T01_CAUTION_ADVICE,894;ELECTION,655;		2#Georgia, United States#US#USGA##32.9866#-83.6487#GA#192;2#Georgia, United States#US#USGA##32.9866#-83.6487#GA#648;3#Washington, Washington, United States#US#USDC#DC001#38.8951#-77.0364#531871#10					-2,2.66666666666667,4.66666666666667,7.33333333333333,24.6666666666667,0,142			https://local21news.com/resources/media2/16x9/5397/1320/0x283/90/966e1a25-10de-486d-8449-614fc9939ce1-GettyImages2281370551.jpg								<PAGE_LINKS>https://thenationaldesk.com/news/americas-news-now/goergia-democratic-senator-jon-ossoff-denies-potential-presidential-future-zero-interest-2028-election;https://thenationaldesk.com/news/americas-news-now/white-house-escalates-fight-with-senator-ossoff-over-president-trump-aide-natalie-harp-jon-jackoff;https://www.dailymail.com/news/us-politics/article-16114643/trump-mike-collins-senate-bid-republicans-fear.html</PAGE_LINKS><PAGE_PRECISEPUBTIMESTAMP>20260908204000</PAGE_PRECISEPUBTIMESTAMP><PAGE_TITLE>GOP worried that Georgia Senate candidate Mike Collins will drag ticket down: report</PAGE_TITLE>
	20260908233000		riotimesonline.com	https://www.riotimesonline.com/libya-alipay-china-payments-2026/				WB_698_TRADE,926;WB_698_TRADE,2635;WB_698_TRADE,4281;WB_698_TRADE,4375;WB_698_TRADE,6830;WB_698_TRADE,7366;SANCTIONS,6853;TAX_FNCACT_MINISTER,4290;TAX_FNCACT_GENERAL_MANAGER,2398;ECON_STOCKMARKET,3299;WB_1236_COMMERCIAL_BANKING,498;WB_1236_COMMERCIAL_BANKING,1222;WB_1236_COMMERCIAL_BANKING,1435;WB_1236_COMMERCIAL_BANKING,2917;WB_1236_COMMERCIAL_BANKING,7816;EPU_POLICY_POLITICAL,5598;BAN,917;TAX_FNCACT_MOVERS,8565;EPU_POLICY_PEOPLE_BANK_OF_CHINA,456;EPU_POLICY_PEOPLE_BANK_OF_CHINA,2836;EPU_POLICY_PEOPLE_BANK_OF_CHINA,7774;ECON_WORLDCURRENCIES_YUAN,635;ECON_WORLDCURRENCIES_YUAN,3052;ECON_WORLDCURRENCIES_YUAN,4960;ECON_WORLDCURRENCIES_YUAN,5687;ECON_WORLDCURRENCIES_YUAN,7897;WB_678_DIGITAL_GOVERNMENT,2061;WB_652_ICT_APPLICATIONS,2061;WB_2363_MOBILE_APPLICATIONS,2061;WB_658_ENTERPRISE_APPLICATIONS,2061;WB_133_INFORMATION_AND_COMMUNICATION_TECHNOLOGIES,2061;LEADER,384;LEADER,428;TAX_FNCACT_GOVERNOR,384;TAX_FNCACT_GOVERNOR,428;ECON_CENTRALBANK,404;ECON_CENTRALBANK,2800;ECON_CENTRALBANK,7738;WB_1235_CENTRAL_BANKS,404;WB_1235_CENTRAL_BANKS,2800;WB_1235_CENTRAL_BANKS,7738;WB_318_FINANCIAL_ARCHITECTURE_AND_BANKING,404;WB_318_FINANCIAL_ARCHITECTURE_AND_BANKING,2800;WB_318_FINANCIAL_ARCHITECTURE_AND_BANKING,7738;WB_1234_BANKING_INSTITUTIONS,404;WB_1234_BANKING_INSTITUTIONS,2800;WB_1234_BANKING_INSTITUTIONS,7738;USPEC_POLICY1,404;USPEC_POLICY1,2800;USPEC_POLICY1,7738;EPU_POLICY_CENTRAL_BANK,404;EPU_POLICY_CENTRAL_BANK,2800;EPU_POLICY_CENTRAL_BANK,7738;EPU_CATS_MONETARY_POLICY,404;EPU_CATS_MONETARY_POLICY,2800;EPU_CATS_MONETARY_POLICY,7738;TAX_FNCACT_MANAGER,2398;ECON_WORLDCURRENCIES_DINAR,7309;WB_350_FINANCIAL_INFRASTRUCTURE_AND_REMITTANCES,160;WB_350_FINANCIAL_INFRASTRUCTURE_AND_REMITTANCES,7589;WB_828_ELECTRONIC_PAYMENTS,160;WB_828_ELECTRONIC_PAYMENTS,7589;WB_1920_FINANCIAL_SECTOR_DEVELOPMENT,160;WB_1920_FINANCIAL_SECTOR_DEVELOPMENT,7589;WB_358_RETAIL_PAYMENTS,160;WB_358_RETAIL_PAYMENTS,7589;CORRUPTION,3943;CORRUPTION,6311;WB_2019_ANTI_CORRUPTION_LEGISLATION,3943;WB_2019_ANTI_CORRUPTION_LEGISLATION,6311;WB_696_PUBLIC_SECTOR_MANAGEMENT,3943;WB_696_PUBLIC_SECTOR_MANAGEMENT,6311;WB_831_GOVERNANCE,3943;WB_831_GOVERNANCE,6311;WB_832_ANTI_CORRUPTION,3943;WB_832_ANTI_CORRUPTION,6311;WB_2020_BRIBERY_FRAUD_AND_COLLUSION,3943;WB_2020_BRIBERY_FRAUD_AND_COLLUSION,6311;WB_353_PAYMENT_SYSTEMS,551;WB_353_PAYMENT_SYSTEMS,7863;WB_351_PAYMENT_AND_MARKET_INFRASTRUCTURE,551;WB_351_PAYMENT_AND_MARKET_INFRASTRUCTURE,7863;DELAY,2321;USPEC_UNCERTAINTY1,2321;TAX_FNCACT_GOVERNORS,2780;TAX_FNCACT_OFFICIAL,959;TAX_FNCACT_OFFICIAL,4392;TAX_ECON_PRICE,5940;TAX_FNCACT_LEADERS,8584;ECON_WORLDCURRENCIES_DOLLARS,3158;TAX_FNCACT_JOINER,5059;TAX_WORLDLANGUAGES_LATIN,1528;TAX_WORLDLANGUAGES_LATIN,1665;TAX_WORLDLANGUAGES_LATIN,1737;TAX_WORLDLANGUAGES_LATIN,8602;TAX_FNCACT_REGULATORS,6337;TAX_FNCACT_CORRESPONDENT,333;TAX_FNCACT_CORRESPONDENT,808;TAX_FNCACT_CORRESPONDENT,2276;TAX_FNCACT_CORRESPONDENT,5380;TAX_FNCACT_CORRESPONDENT,6400;TAX_FNCACT_CORRESPONDENT,6540;TAX_FNCACT_CORRESPONDENT,6775;TAX_FNCACT_CORRESPONDENT,8002;ECON_CURRENCY_EXCHANGE_RATE,855;ECON_CURRENCY_EXCHANGE_RATE,3974;ECON_CURRENCY_EXCHANGE_RATE,8049;EPU_CATS_SOVEREIGN_DEBT_CURRENCY_CRISES,855;EPU_CATS_SOVEREIGN_DEBT_CURRENCY_CRISES,3974;EPU_CATS_SOVEREIGN_DEBT_CURRENCY_CRISES,8049;URBAN,2131;TAX_ETHNICITY_AMERICAN,1674;TAX_ETHNICITY_AMERICAN,1746;ECON_WORLDCURRENCIES_DOLLAR,700;ECON_WORLDCURRENCIES_DOLLAR,3013;ECON_WORLDCURRENCIES_DOLLAR,4713;ECON_WORLDCURRENCIES_DOLLAR,8136;ECON_WORLDCURRENCIES_DOLLAR,8204;TAX_FNCACT_TRADER,2160;TAX_FNCACT_TRADER,5096;TAX_FNCACT_REPRESENTATIVES,2440;TAX_ETHNICITY_CHINESE,257;TAX_ETHNICITY_CHINESE,2016;TAX_ETHNICITY_CHINESE,2226;TAX_ETHNICITY_CHINESE,3095;TAX_ETHNICITY_CHINESE,3287;TAX_ETHNICITY_CHINESE,3318;TAX_ETHNICITY_CHINESE,4012;TAX_ETHNICITY_CHINESE,4124;TAX_ETHNICITY_CHINESE,7646;TAX_ETHNICITY_CHINESE,8094;TAX_WORLDLANGUAGES_CHINESE,257;TAX_WORLDLANGUAGES_CHINESE,2016;TAX_WORLDLANGUAGES_CHINESE,2226;TAX_WORLDLANGUAGES_CHINESE,3095;TAX_WORLDLANGUAGES_CHINESE,3287;TAX_WORLDLANGUAGES_CHINESE,3318;TAX_WORLDLANGUAGES_CHINESE,4012;TAX_WORLDLANGUAGES_CHINESE,4124;TAX_WORLDLANGUAGES_CHINESE,7646;TAX_WORLDLANGUAGES_CHINESE,8094;EPU_ECONOMY,4273;EPU_ECONOMY_HISTORIC,4273;		1#Egypt#EG#EG##27#30#EG#4901;1#Egypt#EG#EG##27#30#EG#5672;1#American#US#US##39.828175#-98.5795#US#1674;1#American#US#US##39.828175#-98.5795#US#1746;4#Beijing, Beijing, China#CH#CH22#13001#39.9289#116.388#-1898541#2942;4#Beijing, Beijing, China#CH#CH22#13001#39.9289#116.388#-1898541#3197;4#Beijing, Beijing, China#CH#CH22#13001#39.9289#116.388#-1898541#4846;4#Beijing, Beijing, China#CH#CH22#13001#39.9289#116.388#-1898541#5746;1#Libya#LY#LY##25#17#LY#5;1#Libya#LY#LY##25#17#LY#413;1#Libya#LY#LY##25#17#LY#734;1#Libya#LY#LY##25#17#LY#1002;1#Libya#LY#LY##25#17#LY#1272;1#Libya#LY#LY##25#17#LY#1323;1#Libya#LY#LY##25#17#LY#1348;1#Libya#LY#LY##25#17#LY#1404;1#Libya#LY#LY##25#17#LY#1418;1#Libya#LY#LY##25#17#LY#1871;1#Libya#LY#LY##25#17#LY#2458;1#Libya#LY#LY##25#17#LY#2623;1#Libya#LY#LY##25#17#LY#2809;1#Libya#LY#LY##25#17#LY#3539;1#Libya#LY#LY##25#17#LY#3611;1#Libya#LY#LY##25#17#LY#3761;1#Libya#LY#LY##25#17#LY#3783;1#Libya#LY#LY##25#17#LY#4065;1#Libya#LY#LY##25#17#LY#5855;1#Libya#LY#LY##25#17#LY#6245;1#Libya#LY#LY##25#17#LY#6792;1#Libya#LY#LY##25#17#LY#7474;1#Libya#LY#LY##25#17#LY#7747;1#Libya#LY#LY##25#17#LY#7915;1#Nigeria#NI#NI##10#8#NI#4911;1#Nigeria#NI#NI##10#8#NI#5783;1#Libyan#LY#LY##25#17#LY#100;1#Libyan#LY#LY##25#17#LY#481;1#Libyan#LY#LY##25#17#LY#1039;1#Libyan#LY#LY##25#17#LY#1205;1#Libyan#LY#LY##25#17#LY#1944;1#Libyan#LY#LY##25#17#LY#2153;1#Libyan#LY#LY##25#17#LY#2900;1#Libyan#LY#LY##25#17#LY#3062;1#Libyan#LY#LY##25#17#LY#3239;1#Libyan#LY#LY##25#17#LY#3310;1#Libyan#LY#LY##25#17#LY#3388;1#Libyan#LY#LY##25#17#LY#5231;1#Libyan#LY#LY##25#17#LY#5324;1#Libyan#LY#LY##25#17#LY#6208;1#Libyan#LY#LY##25#17#LY#6686;1#Libyan#LY#LY##25#17#LY#6932;1#Libyan#LY#LY##25#17#LY#7226;1#Libyan#LY#LY##25#17#LY#7537;1#Libyan#LY#LY##25#17#LY#7799;1#Libyan#LY#LY##25#17#LY#7933;1#China#CH#CH##35#105#CH#169;1#China#CH#CH##35#105#CH#456;1#China#CH#CH##35#105#CH#514;1#China#CH#CH##35#105#CH#1162;1#China#CH#CH##35#105#CH#1231;1#China#CH#CH##35#105#CH#2137;1#China#CH#CH##35#105#CH#2629;1#China#CH#CH##35#105#CH#2836;1#China#CH#CH##35#105#CH#2949;1#China#CH#CH##35#105#CH#3204;1#China#CH#CH##35#105#CH#4853;1#China#CH#CH##35#105#CH#5753;1#China#CH#CH##35#105#CH#6479;1#China#CH#CH##35#105#CH#7598;1#China#CH#CH##35#105#CH#7774;1#China#CH#CH##35#105#CH#7825;4#Tripoli, Tarabulus, Libya#LY#LY61#19101#32.8925#13.18#-3178767#1316;4#Tripoli, Tarabulus, Libya#LY#LY61#19101#32.8925#13.18#-3178767#1397;4#Tripoli, Tarabulus, Libya#LY#LY61#19101#32.8925#13.18#-3178767#2451;1#America#US#US##39.828175#-98.5795#US#1536;1#America#US#US##39.828175#-98.5795#US#8610;1#Chinese#CH#CH##35#105#CH#257;1#Chinese#CH#CH##35#105#CH#2016;1#Chinese#CH#CH##35#105#CH#2226;1#Chinese#CH#CH##35#105#CH#3095;1#Chinese#CH#CH##35#105#CH#3287;1#Chinese#CH#CH##35#105#CH#3318;1#Chinese#CH#CH##35#105#CH#4012;1#Chinese#CH#CH##35#105#CH#4124;1#Chinese#CH#CH##35#105#CH#7646;1#Chinese#CH#CH##35#105#CH#8094;3#Washington, Washington, United States#US#USDC#DC001#38.8951#-77.0364#531871#6084					-0.718390804597701,1.72413793103448,2.44252873563218,4.16666666666667,22.8448275862069,0.0718390804597701,1275			https://www.riotimesonline.com/wp-content/uploads/2026/09/TRIPOLI.TRABLUS_CITY_-_panoramio-scaled.jpg								<PAGE_LINKS>https://www.riotimesonline.com/corrections/;https://www.riotimesonline.com/how-we-use-ai/;https://www.riotimesonline.com/latam-markets/</PAGE_LINKS><PAGE_AUTHORS>Amina Diarra</PAGE_AUTHORS><PAGE_PRECISEPUBTIMESTAMP>20260908211000</PAGE_PRECISEPUBTIMESTAMP><PAGE_TITLE>Libya Alipay Link Opens a Direct Payment Rail to China</PAGE_TITLE>
	20260908233000		funkytaurusmedia.com	https://www.funkytaurusmedia.com/product_info.php?info=p83_hawking-tribute---by--funky-taurus---george-clinton-on-keys--amp-fiddler.html&XTCsid=rkvs39n8nqun43n6dm9kppm994				SCIENCE,28;SCIENCE,77;SCIENCE,123;MOVEMENT_GENERAL,132;TAX_FNCACT_FIDDLER,217;TAX_WORLDFISH_BASS,203;							-2.63157894736842,0,2.63157894736842,2.63157894736842,13.1578947368421,0,36											<PAGE_TITLE>Funky Taurus Media  - Music Photo Agency  &  Products - HAWKING TRIBUTE   by  Funky Taurus & George Clinton on keys: AMP Fiddler</PAGE_TITLE>
	20260908233000		aol.com	https://www.aol.com/articles/im-27-ive-already-written-230423000.html				WB_1104_MACROECONOMIC_VULNERABILITY_AND_DEBT,3138;WB_450_DEBT,3138;MANMADE_DISASTER_IMPLIED,604;MANMADE_DISASTER_IMPLIED,1092;TAX_FNCACT_VOLUNTEER,4554;TAX_FNCACT_FOUNDER,1460;MEDIA_SOCIAL,1768;WB_652_ICT_APPLICATIONS,1768;WB_662_SOCIAL_MEDIA,1768;WB_658_ENTERPRISE_APPLICATIONS,1768;WB_2936_GOLD,634;WB_2936_GOLD,1115;WB_507_ENERGY_AND_EXTRACTIVES,634;WB_507_ENERGY_AND_EXTRACTIVES,1115;WB_895_MINING_SYSTEMS,634;WB_895_MINING_SYSTEMS,1115;WB_1699_METAL_ORE_MINING,634;WB_1699_METAL_ORE_MINING,1115;TAX_FNCACT_CHILDREN,4832;WB_678_DIGITAL_GOVERNMENT,1768;WB_694_BROADCAST_AND_MEDIA,1768;WB_133_INFORMATION_AND_COMMUNICATION_TECHNOLOGIES,1768;TAX_DISEASE_ENDOMETRIOSIS,828;EDUCATION,331;SOC_POINTSOFINTEREST_UNIVERSITY,331;UNGP_FORESTS_RIVERS_OCEANS,1055;KILL,2068;CRISISLEX_T03_DEAD,2068;DELAY,5426;USPEC_UNCERTAINTY1,5426;TAX_ECON_PRICE,4475;TAX_FNCACT_SOLICITOR,3433;TAX_FNCACT_SOLICITOR,4637;TAX_FNCACT_SOLICITOR,5021;		4#London, London, City Of, United Kingdom#UK#UKH9#40110#51.5#-0.116667#-2601889#304;4#Bristol, Bristol, City Of, United Kingdom#UK#UKB7#40094#51.45#-2.58333#-2590919#367					-0.196078431372549,1.86274509803922,2.05882352941176,3.92156862745098,25.4901960784314,2.15686274509804,924			https://hermes.media.static.aol.com/media/2026/09/08/d4cd95a5-ff3c-3491-97c1-27396c906c31/3ee74b6b-8419-44d1-8ae6-2259d151c66a.jpg								<PAGE_LINKS>https://www.willaid.org.uk/</PAGE_LINKS><PAGE_AUTHORS>AOL</PAGE_AUTHORS><PAGE_PRECISEPUBTIMESTAMP>20260908230400</PAGE_PRECISEPUBTIMESTAMP><PAGE_TITLE>I'm 27 and I've already written my will - here's why</PAGE_TITLE>
	20260908233000		scmp.com	https://www.scmp.com/business/article/3366825/macau-kingpins-former-love-nest-finally-sells-hk81m-cut-price-deal				TAX_ECON_PRICE,378;TAX_ECON_PRICE,820;TAX_ECON_PRICE,906;TAX_ECON_PRICE,1159;TAX_ECON_PRICE,1345;TAX_FNCACT_KING,703;TAX_FNCACT_MISTRESS,78;WB_336_NON_BANK_FINANCIAL_INSTITUTIONS,944;WB_1920_FINANCIAL_SECTOR_DEVELOPMENT,944;WB_612_HOUSING_FINANCE,944;WB_332_CAPITAL_MARKETS,944;TAX_DISEASE_GAMBLING,96;WB_678_DIGITAL_GOVERNMENT,636;WB_694_BROADCAST_AND_MEDIA,636;WB_133_INFORMATION_AND_COMMUNICATION_TECHNOLOGIES,636;APPOINTMENT,1066;		1#Hong Kong#HK#HK##22.25#114.166667#HK#20;1#Hong Kong#HK#HK##22.25#114.166667#HK#304;1#Hong Kong#HK#HK##22.25#114.166667#HK#1266;1#Macau#MC#MC##22.157778#113.559722#MC#87;1#Macau#MC#MC##22.157778#113.559722#MC#691;1#Macau#MC#MC##22.157778#113.559722#MC#1040;4#Victoria Harbour, Hong Kong (General), Hong Kong#HK#HK00#13031#22.2833#114.167#-1354489#1255					-2.24719101123595,1.12359550561798,3.37078651685393,4.49438202247191,19.4756554307116,0.374531835205993,246			https://cdn.i-scmp.com/sites/default/files/styles/og_image_scmp_generic/public/d8/images/canvas/2026/09/08/a670c0af-d7e2-4ed6-94dd-f2f7775ea34a_ef36f364.jpg?itok=EbkxYEeb&v=1788881281								<PAGE_LINKS>https://www.scmp.com/news/hong-kong/law-and-crime/article/3160718/melco-resorts-sues-former-mistress-jailed-macau-junket;https://www.scmp.com/news/hong-kong/law-and-crime/article/3207267/macau-junket-king-alvin-chau-jailed-18-years-charges-fraud-illegal-gambling-and-criminal-association</PAGE_LINKS><PAGE_ALTURL_AMP>https://amp.scmp.com/business/article/3366825/macau-kingpins-former-love-nest-finally-sells-hk81m-cut-price-deal</PAGE_ALTURL_AMP><PAGE_TITLE>Macau kingpin's former 'love nest' finally sells for HK$81m in cut-price deal</PAGE_TITLE>
	20260908233000		newrepublic.com	https://newrepublic.com/post/215171/donald-trump-sec-make-easier-bribe-public-officials				CRISISLEX_CRISISLEXREC,319;CRISISLEX_CRISISLEXREC,1044;CRISISLEX_CRISISLEXREC,3221;SURVEILLANCE,3631;CRIME_ILLEGAL_DRUGS,1337;CRIME_ILLEGAL_DRUGS,1585;DRUG_TRADE,1337;DRUG_TRADE,1585;WB_2453_ORGANIZED_CRIME,1337;WB_2453_ORGANIZED_CRIME,1585;WB_2433_CONFLICT_AND_VIOLENCE,1337;WB_2433_CONFLICT_AND_VIOLENCE,1585;WB_2432_FRAGILITY_CONFLICT_AND_VIOLENCE,1337;WB_2432_FRAGILITY_CONFLICT_AND_VIOLENCE,1585;WB_2456_DRUGS_AND_NARCOTICS,1337;WB_2456_DRUGS_AND_NARCOTICS,1585;BORDER,812;BORDER,887;BORDER,1470;BORDER,1953;BORDER,2016;BORDER,2051;BORDER,2458;BORDER,2659;TRAFFIC,787;ENV_OIL,1725;WB_168_ROADS_AND_HIGHWAYS,1403;WB_168_ROADS_AND_HIGHWAYS,1648;WB_135_TRANSPORT,1403;WB_135_TRANSPORT,1648;WB_1809_HIGHWAYS,1403;WB_1809_HIGHWAYS,1648;WB_1803_TRANSPORT_INFRASTRUCTURE,1403;WB_1803_TRANSPORT_INFRASTRUCTURE,1648;WB_678_DIGITAL_GOVERNMENT,197;WB_678_DIGITAL_GOVERNMENT,698;WB_678_DIGITAL_GOVERNMENT,2298;WB_678_DIGITAL_GOVERNMENT,2630;WB_694_BROADCAST_AND_MEDIA,197;WB_694_BROADCAST_AND_MEDIA,698;WB_694_BROADCAST_AND_MEDIA,2298;WB_694_BROADCAST_AND_MEDIA,2630;WB_133_INFORMATION_AND_COMMUNICATION_TECHNOLOGIES,197;WB_133_INFORMATION_AND_COMMUNICATION_TECHNOLOGIES,698;WB_133_INFORMATION_AND_COMMUNICATION_TECHNOLOGIES,2298;WB_133_INFORMATION_AND_COMMUNICATION_TECHNOLOGIES,2630;TAX_FNCACT_AGENT,825;WB_696_PUBLIC_SECTOR_MANAGEMENT,319;WB_696_PUBLIC_SECTOR_MANAGEMENT,1044;WB_696_PUBLIC_SECTOR_MANAGEMENT,3221;WB_840_JUSTICE,319;WB_840_JUSTICE,1044;WB_840_JUSTICE,3221;WB_1920_FINANCIAL_SECTOR_DEVELOPMENT,319;WB_1920_FINANCIAL_SECTOR_DEVELOPMENT,1044;WB_1920_FINANCIAL_SECTOR_DEVELOPMENT,3221;WB_328_FINANCIAL_INTEGRITY,319;WB_328_FINANCIAL_INTEGRITY,1044;WB_328_FINANCIAL_INTEGRITY,3221;WB_1014_CRIMINAL_JUSTICE,319;WB_1014_CRIMINAL_JUSTICE,1044;WB_1014_CRIMINAL_JUSTICE,3221;WB_2082_LAW_ENFORCEMENT,319;WB_2082_LAW_ENFORCEMENT,1044;WB_2082_LAW_ENFORCEMENT,3221;CONSTITUTIONAL,3594;GENERAL_GOVERNMENT,1149;GENERAL_GOVERNMENT,2367;EPU_POLICY_GOVERNMENT,1149;EPU_POLICY_GOVERNMENT,2367;AGRICULTURE,1777;TAX_FNCACT_BORDER_PATROL_AGENT,825;SOC_USSECURITYAGENCIES,35;WB_667_ICT_INFRASTRUCTURE,1072;WB_669_SOFTWARE_INFRASTRUCTURE,1072;WB_2945_DATABASE,1072;WB_2470_PEACE_OPERATIONS_AND_CONFLICT_MANAGEMENT,2741;WB_2490_NATIONAL_PROTECTION_AND_SECURITY,2741;EPU_CATS_NATIONAL_SECURITY,2741;TAX_FNCACT_ANALYST,1495;WB_1921_PRIVATE_SECTOR_DEVELOPMENT,555;WB_1921_PRIVATE_SECTOR_DEVELOPMENT,2119;WB_405_BUSINESS_CLIMATE,555;WB_405_BUSINESS_CLIMATE,2119;WB_2531_INSPECTIONS_LICENSING_AND_PERMITS,555;WB_2531_INSPECTIONS_LICENSING_AND_PERMITS,2119;WB_2530_BUSINESS_ENVIRONMENT,555;WB_2530_BUSINESS_ENVIRONMENT,2119;WB_831_GOVERNANCE,2944;WB_838_PUBLIC_ACCOUNTABILITY_MECHANISMS,2944;TAX_MILITARY_TITLE_SERGEANT,1614;TAX_FNCACT_SERGEANT,1614;SECURITY_SERVICES,55;SECURITY_SERVICES,184;SECURITY_SERVICES,514;SECURITY_SERVICES,1176;TAX_FNCACT_POLICE,55;TAX_FNCACT_POLICE,184;TAX_FNCACT_POLICE,514;TAX_FNCACT_POLICE,1176;CRISISLEX_C07_SAFETY,35;CRISISLEX_C07_SAFETY,2741;CRISISLEX_C07_SAFETY,2985;TAX_ETHNICITY_AMERICAN,79;TAX_FNCACT_AGENTS,3293;WB_2024_ANTI_CORRUPTION_AUTHORITIES,3249;WB_2025_INVESTIGATION,3249;WB_832_ANTI_CORRUPTION,3249;TAX_WORLDLANGUAGES_SPOKANE,873;TAX_WORLDLANGUAGES_SPOKANE,1890;TAX_FNCACT_SPOKESPERSON,2615;TRIAL,603;SOC_GENERALCRIME,603;UNGP_CRIME_VIOLENCE,2839;LEGISLATION,307;LEGISLATION,1032;LEGISLATION,1226;LEGISLATION,2899;LEGISLATION,3209;EPU_POLICY_LAW,307;EPU_POLICY_LAW,1032;EPU_POLICY_LAW,1226;EPU_POLICY_LAW,2899;EPU_POLICY_LAW,3209;UNGP_FORESTS_RIVERS_OCEANS,2773;		1#Mexico#MX#MX##23#-102#MX#2028;3#Washington, Washington, United States#US#USDC#DC001#38.8951#-77.0364#531871#1903;2#Montana, United States#US#USMT##46.9048#-110.326#MT#500;2#Montana, United States#US#USMT##46.9048#-110.326#MT#1395;2#Montana, United States#US#USMT##46.9048#-110.326#MT#1640;2#California, United States#US#USCA##36.17#-119.746#CA#1791;2#Wisconsin, United States#US#USWI##44.2563#-89.6385#WI#1844;1#American#US#US##39.828175#-98.5795#US#79;2#Texas, United States#US#USTX##31.106#-97.6475#TX#1998					-3.14685314685315,1.92307692307692,5.06993006993007,6.99300699300699,22.5524475524476,0.34965034965035,529			https://images.newrepublic.com/3b4d7061cb2e8605f9419162ec77f1e7b166e0fc.jpeg?&crop=faces&fit=crop&fm=jpg								<PAGE_LINKS>https://newrepublic.com/post/215116/leaked-video-flock-cops-no-kings-protesters;https://www.404media.co/a-secretive-dhs-predictive-policing-unit-is-analyzing-americans-financial-habits-and-pulling-them-over/</PAGE_LINKS><PAGE_AUTHORS>Edith Olmsted</PAGE_AUTHORS><PAGE_TITLE>Trump Wants to Make It Easier to Bribe Public Officials</PAGE_TITLE>
	20260908233000		wpbf.com	https://www.wpbf.com/article/spencer-korwin-drowning-shelter-island-triathlete/73645776				TAX_FNCACT_CHILDREN,1727;TAX_FNCACT_OFFICIALS,608;AFFECT,406;TAX_FNCACT_MANAGER,185;GOV_LOCALGOV,595;EDUCATION,1744;WB_470_EDUCATION,1744;TAX_FNCACT_MEDICAL_EXAMINER,731;TAX_FNCACT_SWIMMER,956;TAX_FNCACT_OFFICIAL,675;MEDIA_MSM,1229;TAX_FNCACT_REPORTER,1229;WB_137_WATER,1024;WB_137_WATER,1128;KILL,273;KILL,383;CRISISLEX_CRISISLEXREC,273;CRISISLEX_CRISISLEXREC,383;CRISISLEX_T02_INJURED,273;CRISISLEX_T02_INJURED,383;CRISISLEX_T03_DEAD,273;CRISISLEX_T03_DEAD,383;TAX_FNCACT_FATHER,361;TAX_FNCACT_FATHER,1481;NATURAL_DISASTER_DROWNED,1324;GENERAL_HEALTH,722;MEDICAL,722;CRISISLEX_C03_WELLBEING_HEALTH,722;TAX_FNCACT_EXAMINER,731;TAX_FNCACT_AUTHORITIES,595;EPU_POLICY_AUTHORITIES,595;NATURAL_DISASTER_DROWNING,62;NATURAL_DISASTER_DROWNING,652;NATURAL_DISASTER_DROWNING,1264;		1#United States#US#US##39.828175#-98.5795#US#25;1#United States#US#US##39.828175#-98.5795#US#247;1#United States#US#US##39.828175#-98.5795#US#859;1#New Zealand#NZ#NZ##-42#174#NZ#923;1#New Zealand#NZ#NZ##-42#174#NZ#937;5#Auckland, Auckland, New Zealand#NZ#NZE7#22379#-36.75#174.583#11483124#910					-3.40136054421769,2.04081632653061,5.4421768707483,7.48299319727891,23.1292517006803,0.340136054421769,260			https://kubrick.htvapps.com/htv-prod/images/ac20e8fd-accd-4b1d-b692-88d49eb383fd.jpg?crop=1.00xw%3A0.978xh%3B0%2C0								<PAGE_LINKS>https://pelhamexaminer.com/82796/schools/timothy-magambo-graduate-of-pmhs-class-of-2025-dies-in-apparent-drowning-accident-off-shelter-island/;https://shelterislandreporter.timesreview.com/2026/09/04/pridwin-drowning-victim-was-ex-team-usa-triathlete-tragedy-sparks-labor-day-water-safety-warning/;https://www.facebook.com/p/Southold-Town-Police-Department-61570204924494/;https://www.gofundme.com/f/in-memory-of-spencer-korwin</PAGE_LINKS><PAGE_AUTHORS>Brian Wiechert</PAGE_AUTHORS><PAGE_TITLE>Former Team USA triathlete dies in apparent drowning on family vacation</PAGE_TITLE>
	20260908233000		yanksgoyard.com	https://yanksgoyard.com/fernando-cruz-daring-decision-could-reshape-yankees-playoff-bullpen-again						2#New York, United States#US#USNY##42.1497#-74.9384#NY#424					-1.81818181818182,1.61616161616162,3.43434343434343,5.05050505050505,23.6363636363636,0.202020202020202,448			https://images2.minutemediacdn.com/image/upload/c_crop,x_0,y_189,w_4661,h_2621/c_fill,w_1440,ar_1440:810,f_auto,q_auto,g_auto/images/GettyImages/mmsport/43/01m219w22x8g7d1xt273.jpg								<PAGE_LINKS>https://www.mlb.com/news/yankees-magazine-fernando-cruz;https://yanksgoyard.com/depressing-fernando-cruz-injury-spiral-has-yankees-standout-staring-at-a-bleak-future;https://yanksgoyard.com/michael-fulmer-signing-has-quickly-turned-into-unsavory-yankees-experience-we-all-expected;https://yanksgoyard.com/ryan-weathers-injury-update-gives-yankees-fans-nestor-cortes-world-series-ptsd;https://yanksgoyard.com/yankees-injury-update-aaron-judge-progress-trent-grisham-status-ryan-weathers</PAGE_LINKS><PAGE_PRECISEPUBTIMESTAMP>20260908205700</PAGE_PRECISEPUBTIMESTAMP><PAGE_TITLE>Fernando Cruz's daring decision could reshape Yankees' playoff bullpen again</PAGE_TITLE>
	20260908233000		kissrocks.com	https://www.kissrocks.com/news/best-dallas-cowboys/XWFV2QXKEE6RZGMVQCKYUSU3I4/						3#Dallas, Texas, United States#US#USTX#TX113#32.7831#-96.8067#1380944#420					-2.45447347585115,0.475059382422803,2.92953285827395,3.40459224069675,17.735550277118,0,864			https://cmg-cmg-rd-20091-prod.cdn.arcpublishing.com/resizer/v2/https%3A%2F%2Fcloudfront-us-east-1.images.arcpublishing.com%2Fcmg%2FNLJRLMX2O4ZHREOQ45QELDYH2U.jpg?auth=9c173b249c69a25fa9228b016ebb893fa1eccfaf0495c325d05dc657054471ed&smart=true								<PAGE_LINKS>https://www.sports-reference.com/stathead/football/player-game-finder.cgi%240;https://www.stacker.com/texas</PAGE_LINKS><PAGE_PRECISEPUBTIMESTAMP>20260908204300</PAGE_PRECISEPUBTIMESTAMP><PAGE_ALTURL_AMP>https://www.kissrocks.com/news/best-dallas-cowboys/XWFV2QXKEE6RZGMVQCKYUSU3I4/?outputType=amp</PAGE_ALTURL_AMP><PAGE_TITLE>Best Dallas Cowboys fantasy performances of the last decade</PAGE_TITLE>
	20260908233000		miragenews.com	https://www.miragenews.com/orgaicat-boosts-reaction-efficiency-with-ai-1740768/				SCIENCE,1998;SCIENCE,8993;SCIENCE,10294;TAX_ETHNICITY_LUO,335;SOC_POINTSOFINTEREST_UNIVERSITY,388;UNGP_FORESTS_RIVERS_OCEANS,1409;USPEC_UNCERTAINTY1,11375;TAX_FNCACT_AUTHOR,11923;TAX_FNCACT_AUTHOR,12149;DRUG_TRADE,1441;WB_1331_HEALTH_TECHNOLOGIES,1441;WB_2453_ORGANIZED_CRIME,1441;WB_1350_PHARMACEUTICALS,1441;WB_2433_CONFLICT_AND_VIOLENCE,1441;WB_621_HEALTH_NUTRITION_AND_POPULATION,1441;WB_2432_FRAGILITY_CONFLICT_AND_VIOLENCE,1441;WB_2456_DRUGS_AND_NARCOTICS,1441;MANMADE_DISASTER_IMPLIED,1957;MANMADE_DISASTER_IMPLIED,2200;MANMADE_DISASTER_IMPLIED,4083;MANMADE_DISASTER_IMPLIED,8979;TAX_FNCACT_CHEMIST,1708;TAX_FNCACT_WOMAN,11768;TAX_FNCACT_GUIDE,296;TAX_FNCACT_GUIDE,1149;EDUCATION,331;TAX_FNCACT_PROFESSOR,331;TAX_FNCACT_CANDIDATE,5676;TAX_FNCACT_CANDIDATE,8320;TAX_FNCACT_CANDIDATE,8463;TAX_FNCACT_CANDIDATE,10329;USPEC_POLITICS_GENERAL1,11746;TAX_ECON_PRICE,4849;TAX_ETHNICITY_ENGLISH,10645;TAX_WORLDLANGUAGES_ENGLISH,10645;WB_678_DIGITAL_GOVERNMENT,2236;WB_667_ICT_INFRASTRUCTURE,2236;WB_669_SOFTWARE_INFRASTRUCTURE,2236;WB_2945_DATABASE,2236;WB_133_INFORMATION_AND_COMMUNICATION_TECHNOLOGIES,2236;WB_470_EDUCATION,11500;TAX_ETHNICITY_CHINESE,1325;TAX_ETHNICITY_CHINESE,10497;TAX_ETHNICITY_CHINESE,10952;TAX_ETHNICITY_CHINESE,10983;TAX_ETHNICITY_CHINESE,11050;TAX_ETHNICITY_CHINESE,11115;TAX_WORLDLANGUAGES_CHINESE,1325;TAX_WORLDLANGUAGES_CHINESE,10497;TAX_WORLDLANGUAGES_CHINESE,10952;TAX_WORLDLANGUAGES_CHINESE,10983;TAX_WORLDLANGUAGES_CHINESE,11050;TAX_WORLDLANGUAGES_CHINESE,11115;TAX_FNCACT_CANDIDATES,8759;AFFECT,2510;		1#Chinese#CH#CH##35#105#CH#1325;1#Chinese#CH#CH##35#105#CH#10497;1#Chinese#CH#CH##35#105#CH#10952;1#Chinese#CH#CH##35#105#CH#10983;1#Chinese#CH#CH##35#105#CH#11050;1#Chinese#CH#CH##35#105#CH#11115;4#Nanjing, Jiangsu, China#CH#CH04#13144#32.0617#118.778#-1919548#11262;1#China#CH#CH##35#105#CH#10627;1#China#CH#CH##35#105#CH#11190;1#China#CH#CH##35#105#CH#11269					2.76992651215376,4.18315432447711,1.41322781232335,5.59638213680045,16.3369135104579,0,1577			https://cdn1.miragenews.com/tmp_cache?cdn=images.unsplash.com%2Fphoto-1512314889357-e157c22f938d%3Fixid%3DMnwxMjA3fDB8MHxwaG90by1wYWdlfHx8fGVufDB8fHx8%26amp%3Bixlib%3Drb-1.2.1%26amp%3Bauto%3Dformat%26amp%3Bfit%3Dcrop%26amp%3Bw%3D1351%26amp%3Bq%3D80								<PAGE_LINKS>https://www.chinesechemsoc.org/;https://www.chinesechemsoc.org/journal/ccschem;https://www.miragenews.com/orgaicat-boosts-reaction-efficiency-with-ai-1740768/</PAGE_LINKS><PAGE_TITLE>OrgAIcat Boosts Reaction Efficiency with AI Prediction</PAGE_TITLE>
	20260908233000		cbs58.com	https://www.cbs58.com/news/as-police-agencies-drop-flock-kaul-calls-for-state-law-regulating-automatic-license-plate-readers				MEDIA_MSM,2294;TAX_FNCACT_SPOKESPERSON,2035;WB_1245_FINANCIAL_VULNERABILITY_AND_RISKS,3843;WB_318_FINANCIAL_ARCHITECTURE_AND_BANKING,3843;WB_327_VULNERABILITY_AND_RISK_ASSESSMENTS,3843;TAX_FNCACT_CRIMINALS,3419;WB_2024_ANTI_CORRUPTION_AUTHORITIES,3279;WB_2024_ANTI_CORRUPTION_AUTHORITIES,3519;WB_2025_INVESTIGATION,3279;WB_2025_INVESTIGATION,3519;WB_831_GOVERNANCE,3279;WB_831_GOVERNANCE,3519;WB_832_ANTI_CORRUPTION,3279;WB_832_ANTI_CORRUPTION,3519;ARMEDCONFLICT,286;EPU_CATS_NATIONAL_SECURITY,286;TAX_POLITICAL_PARTY_DEMOCRAT,2248;USPEC_POLITICS_GENERAL1,2248;TAX_ETHNICITY_AMERICAN,133;TAX_ETHNICITY_AMERICAN,3724;TAX_FNCACT_DRIVER,3924;LEGISLATION,49;LEGISLATION,373;LEGISLATION,979;LEGISLATION,2427;LEGISLATION,2950;LEGISLATION,4016;EPU_POLICY_LAW,49;EPU_POLICY_LAW,373;EPU_POLICY_LAW,979;EPU_POLICY_LAW,2427;EPU_POLICY_LAW,2950;EPU_POLICY_LAW,4016;TAX_FNCACT_SHERIFF,1065;TAX_FNCACT_SHERIFF,1186;TAX_FNCACT_SHERIFF,1756;TAX_FNCACT_SHERIFF,2995;CRISISLEX_C07_SAFETY,1065;CRISISLEX_C07_SAFETY,1186;CRISISLEX_C07_SAFETY,1756;CRISISLEX_C07_SAFETY,2995;TAX_FNCACT_VICTIMS,3544;CRISISLEX_T08_MISSINGFOUNDTRAPPEDPEOPLE,3544;URBAN,304;TAX_FNCACT_VENDOR,501;TAX_FNCACT_VENDOR,1966;TAX_FNCACT_OFFICIAL,70;TAX_FNCACT_CHILD,1015;TAX_FNCACT_POLICE,2057;TAX_FNCACT_VICTIM,3288;TAX_FNCACT_CONTRACTOR,4267;WB_1921_PRIVATE_SECTOR_DEVELOPMENT,223;WB_1921_PRIVATE_SECTOR_DEVELOPMENT,942;WB_405_BUSINESS_CLIMATE,223;WB_405_BUSINESS_CLIMATE,942;WB_2531_INSPECTIONS_LICENSING_AND_PERMITS,223;WB_2531_INSPECTIONS_LICENSING_AND_PERMITS,942;WB_2530_BUSINESS_ENVIRONMENT,223;WB_2530_BUSINESS_ENVIRONMENT,942;SOC_GENERALCRIME,1850;SECURITY_SERVICES,61;SECURITY_SERVICES,385;SECURITY_SERVICES,991;SECURITY_SERVICES,2962;WB_696_PUBLIC_SECTOR_MANAGEMENT,61;WB_696_PUBLIC_SECTOR_MANAGEMENT,385;WB_696_PUBLIC_SECTOR_MANAGEMENT,991;WB_696_PUBLIC_SECTOR_MANAGEMENT,2962;WB_840_JUSTICE,61;WB_840_JUSTICE,385;WB_840_JUSTICE,991;WB_840_JUSTICE,2962;WB_1920_FINANCIAL_SECTOR_DEVELOPMENT,61;WB_1920_FINANCIAL_SECTOR_DEVELOPMENT,385;WB_1920_FINANCIAL_SECTOR_DEVELOPMENT,991;WB_1920_FINANCIAL_SECTOR_DEVELOPMENT,2962;WB_328_FINANCIAL_INTEGRITY,61;WB_328_FINANCIAL_INTEGRITY,385;WB_328_FINANCIAL_INTEGRITY,991;WB_328_FINANCIAL_INTEGRITY,2962;WB_1014_CRIMINAL_JUSTICE,61;WB_1014_CRIMINAL_JUSTICE,385;WB_1014_CRIMINAL_JUSTICE,991;WB_1014_CRIMINAL_JUSTICE,2962;WB_2082_LAW_ENFORCEMENT,61;WB_2082_LAW_ENFORCEMENT,385;WB_2082_LAW_ENFORCEMENT,991;WB_2082_LAW_ENFORCEMENT,2962;TAX_FNCACT_DISTRICT_ATTORNEY,2817;AFFECT,912;AFFECT,1009;AFFECT,1830;TAX_FNCACT_CHILDREN,1839;MOVEMENT_GENERAL,3933;TRIAL,158;TRIAL,2817;TAX_FNCACT_ATTORNEY,158;TAX_FNCACT_ATTORNEY,2817;SLFID_CIVIL_LIBERTIES,3740;GENERAL_GOVERNMENT,4360;EPU_POLICY_GOVERNMENT,4360;CRISISLEX_T11_UPDATESSYMPATHY,4279;TAX_POLITICAL_PARTY_REPUBLICAN,2846;CRISISLEX_CRISISLEXREC,61;CRISISLEX_CRISISLEXREC,385;CRISISLEX_CRISISLEXREC,991;CRISISLEX_CRISISLEXREC,2962;ELECTION,2888;SURVEILLANCE,691;SURVEILLANCE,787;SURVEILLANCE,855;TAX_FNCACT_AUTHORITIES,1388;EPU_POLICY_AUTHORITIES,1388;		1#American#US#US##39.828175#-98.5795#US#133;1#American#US#US##39.828175#-98.5795#US#3724;2#Wisconsin, United States#US#USWI##44.2563#-89.6385#WI#41;2#Wisconsin, United States#US#USWI##44.2563#-89.6385#WI#369;2#Wisconsin, United States#US#USWI##44.2563#-89.6385#WI#2383;2#Wisconsin, United States#US#USWI##44.2563#-89.6385#WI#2481;3#Fond Du Lac County, Wisconsin, United States#US#USWI#WI039#43.7505#-88.4668#1581079#2784;3#Fond Du Lac County, Wisconsin, United States#US#USWI#WI039#43.7505#-88.4668#1581079#2931;3#Milwaukee, Wisconsin, United States#US#USWI#WI079#43.0389#-87.9065#1577901#9;3#Racine County, Wisconsin, United States#US#USWI#WI101#42.7495#-88.0751#1581111#1042;3#Racine County, Wisconsin, United States#US#USWI#WI101#42.7495#-88.0751#1581111#1348					-2.4390243902439,2.30352303523035,4.74254742547426,7.04607046070461,22.6287262872629,1.3550135501355,687			https://newscdn2.weigelbroadcasting.com/j5vNy-1788903207-324279-blog-Kaul%20at%20rotary.png								<PAGE_LINKS>https://www.cbs58.com/news/dominoes-fall-more-than-a-dozen-wisconsin-communities-have-dropped-flock-cameras-amid-concerns-with-privacy-and-data-sharing;https://www.cbs58.com/news/flock-failed-the-public-racine-county-sheriff-orders-immediate-removal-of-flock-cameras</PAGE_LINKS><PAGE_TITLE>As police agencies drop Flock, Kaul calls for state law regulating automatic license plate readers</PAGE_TITLE>
	20260908233000		iheart.com	https://1015.iheart.com/content/2026-09-08-iowa-band-member-taken-off-life-support/				EDUCATION,43;EDUCATION,527;EDUCATION,810;EDUCATION,1079;EDUCATION,1199;EDUCATION,1497;		2#Illinois, United States#US#USIL##40.3363#-89.0022#IL#290;3#University Of Iowa, Iowa, United States#US#USIA#IA103#41.6617#-91.5363#462484#51;3#University Of Iowa, Iowa, United States#US#USIA#IA103#41.6617#-91.5363#462484#535;3#University Of Iowa, Iowa, United States#US#USIA#IA103#41.6617#-91.5363#462484#818;3#University Of Iowa, Iowa, United States#US#USIA#IA103#41.6617#-91.5363#462484#1505;2#Iowa, United States#US#USIA##42.0046#-93.214#IA#51;2#Iowa, United States#US#USIA##42.0046#-93.214#IA#272;2#Iowa, United States#US#USIA##42.0046#-93.214#IA#535;2#Iowa, United States#US#USIA##42.0046#-93.214#IA#710;2#Iowa, United States#US#USIA##42.0046#-93.214#IA#818;2#Iowa, United States#US#USIA##42.0046#-93.214#IA#1505					0,4.41767068273092,4.41767068273092,8.83534136546185,20.0803212851406,0,235			https://i.iheart.com/v3/re/assets.getty/6aa0561dd1d22d56eb61d8e5?ops=gravity(%22north%22),fit(1200,675),quality(65)								<PAGE_LINKS>https://www.instagram.com/p/DdA1AGoPAJA/;https://www.kcrg.com/2026/09/06/heat-causes-iowa-marching-band-pull-out-halftime-performance/</PAGE_LINKS><PAGE_TITLE>Iowa Band Member Taken Off Life Support</PAGE_TITLE>
	20260908233000		gdnonline.com	https://www.gdnonline.com:443/Details/1405788				TAX_ETHNICITY_VENEZUELAN,3477;EPU_ECONOMY_HISTORIC,3549;TAX_FNCACT_PRIME_MINISTER,276;TAX_FNCACT_PRIME_MINISTER,1800;TAX_FNCACT_PRIME_MINISTER,2797;MARITIME_INCIDENT,3600;MARITIME,3600;MANMADE_DISASTER_IMPLIED,3600;TAX_ETHNICITY_CANADIAN,2782;ARREST,3466;SOC_GENERALCRIME,3466;CRISISLEX_C07_SAFETY,3466;TAX_FNCACT_AMBASSADOR,1313;USPEC_POLICY1,3101;EPU_POLICY_POLICY,3101;TAX_FNCACT_MINISTER,276;TAX_FNCACT_MINISTER,1236;TAX_FNCACT_MINISTER,1800;TAX_FNCACT_MINISTER,1982;TAX_FNCACT_MINISTER,2797;GENERAL_GOVERNMENT,1870;GENERAL_GOVERNMENT,3734;EPU_POLICY_GOVERNMENT,1870;EPU_POLICY_GOVERNMENT,3734;UNGP_FORESTS_RIVERS_OCEANS,3744;SOVEREIGNTY,591;SOVEREIGNTY,1192;EPU_ECONOMY,3663;WB_2433_CONFLICT_AND_VIOLENCE,3385;WB_2432_FRAGILITY_CONFLICT_AND_VIOLENCE,3385;WB_2462_POLITICAL_VIOLENCE_AND_WAR,3385;WB_678_DIGITAL_GOVERNMENT,2927;WB_678_DIGITAL_GOVERNMENT,3037;WB_694_BROADCAST_AND_MEDIA,2927;WB_694_BROADCAST_AND_MEDIA,3037;WB_133_INFORMATION_AND_COMMUNICATION_TECHNOLOGIES,2927;WB_133_INFORMATION_AND_COMMUNICATION_TECHNOLOGIES,3037;TAX_FNCACT_OFFICIALS,768;TAX_FNCACT_OFFICIALS,1107;ENV_OIL,3540;LEADER,219;LEADER,735;LEADER,1145;LEADER,1560;LEADER,2082;LEADER,2754;LEADER,2866;TAX_FNCACT_PRESIDENT,219;TAX_FNCACT_PRESIDENT,735;TAX_FNCACT_PRESIDENT,1145;TAX_FNCACT_PRESIDENT,1560;TAX_FNCACT_PRESIDENT,2082;TAX_FNCACT_PRESIDENT,2754;TAX_FNCACT_PRESIDENT,2866;USPEC_POLITICS_GENERAL1,219;USPEC_POLITICS_GENERAL1,735;USPEC_POLITICS_GENERAL1,1145;USPEC_POLITICS_GENERAL1,1560;USPEC_POLITICS_GENERAL1,2082;USPEC_POLITICS_GENERAL1,2754;USPEC_POLITICS_GENERAL1,2866;KILL,3558;CRISISLEX_T03_DEAD,3558;MEDIA_SOCIAL,2927;MEDIA_SOCIAL,3037;WB_652_ICT_APPLICATIONS,2927;WB_652_ICT_APPLICATIONS,3037;WB_662_SOCIAL_MEDIA,2927;WB_662_SOCIAL_MEDIA,3037;WB_658_ENTERPRISE_APPLICATIONS,2927;WB_658_ENTERPRISE_APPLICATIONS,3037;TAX_FNCACT_FOREIGN_MINISTER,1236;TAX_FNCACT_FOREIGN_MINISTER,1982;TAX_WORLDLANGUAGES_GREENLANDIC,1859;TAX_WORLDLANGUAGES_GREENLANDIC,1888;TAX_FNCACT_COMMUNIST,3723;TAX_WORLDLANGUAGES_DANISH,1785;TAX_WORLDLANGUAGES_DANISH,1965;TAX_WORLDLANGUAGES_DANISH,3926;WB_698_TRADE,3402;TAX_ETHNICITY_AMERICAN,956;TAX_ETHNICITY_AMERICAN,1488;TAX_ETHNICITY_AMERICAN,1956;ARMEDCONFLICT,3341;EPU_CATS_NATIONAL_SECURITY,3341;TAX_FNCACT_AIDES,2876;TAX_FNCACT_LEADER,3484;MEDIA_MSM,1838;		1#Venezuelan#VE#VE##8#-66#VE#3477;1#Mexico#MX#MX##23#-102#MX#1028;1#Mexico#MX#MX##23#-102#MX#1127;1#Mexico#MX#MX##23#-102#MX#2420;1#Mexico#MX#MX##23#-102#MX#2681;1#Iceland#IC#IC##65#-18#IC#261;1#Iceland#IC#IC##65#-18#IC#1050;1#Iceland#IC#IC##65#-18#IC#1219;1#Iceland#IC#IC##65#-18#IC#1694;1#Iceland#IC#IC##65#-18#IC#3877;1#Canada#CA#CA##60#-96#CA#1019;2#New Jersey, United States#US#USNJ##40.314#-74.5089#NJ#3015;1#Cuba#CU#CU##22#-79.5#CU#3680;1#Iran#IR#IR##32#53#IR#3351;1#Denmark#DA#DA##56#10#DA#1118;1#Greenland#GL#GL##72#-40#GL#1040;1#Greenland#GL#GL##72#-40#GL#3263;1#Greenland#GL#GL##72#-40#GL#3829;2#New Mexico, United States#US#USNM##34.8375#-106.237#NM#2681;1#America#US#US##39.828175#-98.5795#US#82;1#America#US#US##39.828175#-98.5795#US#2704;1#America#US#US##39.828175#-98.5795#US#3169;1#American#US#US##39.828175#-98.5795#US#956;1#American#US#US##39.828175#-98.5795#US#1488;1#American#US#US##39.828175#-98.5795#US#1956;1#Danish#DA#DA##56#10#DA#1785;1#Danish#DA#DA##56#10#DA#1965;1#Danish#DA#DA##56#10#DA#3926;1#Canadian#CA#CA##60#-96#CA#2782					-1.06060606060606,2.42424242424242,3.48484848484849,5.90909090909091,21.0606060606061,2.57575757575758,602			https://www.gdnonline.com/gdnimages/20260909%5C20260909004104Two.jpg								<PAGE_TITLE>World News: Trump's flag map sparks outrage</PAGE_TITLE>
	20260908233000		mynbc5.com	https://www.mynbc5.com/article/diaz-bennington-vermont-drug-sentencing/73645172				ARREST,403;CRIME_ILLEGAL_DRUGS,193;CRIME_ILLEGAL_DRUGS,841;SOC_POINTSOFINTEREST_PRISON,1060;WB_2495_DETENTION_PRISON_AND_CORRECTIONS_REFORM,1060;WB_2470_PEACE_OPERATIONS_AND_CONFLICT_MANAGEMENT,1060;WB_2490_NATIONAL_PROTECTION_AND_SECURITY,1060;SECURITY_SERVICES,810;TAX_FNCACT_POLICE,810;WB_698_TRADE,936;TAX_WEAPONS_FIREARMS,46;TAX_WEAPONS_FIREARMS,204;CRIME_CARTELS,601;CRIME_CARTELS,654;TAX_FNCACT_PROSECUTORS,884;SOC_GENERALCRIME,774;CRISISLEX_C07_SAFETY,774;DRUG_TRADE,35;DRUG_TRADE,589;DRUG_TRADE,642;WB_1331_HEALTH_TECHNOLOGIES,35;WB_1331_HEALTH_TECHNOLOGIES,589;WB_1331_HEALTH_TECHNOLOGIES,642;WB_2453_ORGANIZED_CRIME,35;WB_2453_ORGANIZED_CRIME,589;WB_2453_ORGANIZED_CRIME,642;WB_1350_PHARMACEUTICALS,35;WB_1350_PHARMACEUTICALS,589;WB_1350_PHARMACEUTICALS,642;WB_2433_CONFLICT_AND_VIOLENCE,35;WB_2433_CONFLICT_AND_VIOLENCE,589;WB_2433_CONFLICT_AND_VIOLENCE,642;WB_621_HEALTH_NUTRITION_AND_POPULATION,35;WB_621_HEALTH_NUTRITION_AND_POPULATION,589;WB_621_HEALTH_NUTRITION_AND_POPULATION,642;WB_2432_FRAGILITY_CONFLICT_AND_VIOLENCE,35;WB_2432_FRAGILITY_CONFLICT_AND_VIOLENCE,589;WB_2432_FRAGILITY_CONFLICT_AND_VIOLENCE,642;WB_2456_DRUGS_AND_NARCOTICS,35;WB_2456_DRUGS_AND_NARCOTICS,589;WB_2456_DRUGS_AND_NARCOTICS,642;TAX_WEAPONS_GUNS,915;TRIAL,245;TAX_FNCACT_ATTORNEY,245;TAX_WEAPONS_GUN,577;TAX_WEAPONS_GUN,942;TAX_WORLDLANGUAGES_MASSACHUSETTS,13;TAX_WORLDLANGUAGES_MASSACHUSETTS,119;TAX_WORLDLANGUAGES_MASSACHUSETTS,358;TAX_FNCACT_MAN,17;TAX_FNCACT_MAN,123;SEIZE,817;		3#Springfield, Massachusetts, United States#US#USMA#MA013#42.1015#-72.5898#609092#327;2#Massachusetts, United States#US#USMA##42.2373#-71.5314#MA#13;2#Massachusetts, United States#US#USMA##42.2373#-71.5314#MA#119;2#Massachusetts, United States#US#USMA##42.2373#-71.5314#MA#358;2#Vermont, United States#US#USVT##44.0407#-72.7093#VT#77;2#Vermont, United States#US#USVT##44.0407#-72.7093#VT#224;2#Vermont, United States#US#USVT##44.0407#-72.7093#VT#280;2#Vermont, United States#US#USVT##44.0407#-72.7093#VT#455;3#Pownal, Vermont, United States#US#USVT#VT003#42.7656#-73.2359#1461291#784					-12,0,12,12,21.7142857142857,0,148			https://kubrick.htvapps.com/htv-prod-media.s3.amazonaws.com/images/gettyimages-142763943-6451568683b06.jpg?crop=1.00xw%3A0.708xh%3B0%2C0.0184xh								<PAGE_AUTHORS>Michael Cusanelli</PAGE_AUTHORS><PAGE_TITLE>Massachusetts man sentenced on drug and firearms trafficking charges in Vermont</PAGE_TITLE>
	20260908233000		freepressjournal.in	https://www.freepressjournal.in/mumbai/maharashtra-cabinet-allots-koradi-temple-land-on-1-lease-for-30-years-to-boost-pilgrimage-development				MOVEMENT_GENERAL,1036;WB_368_LEASING,251;WB_368_LEASING,781;WB_368_LEASING,1127;WB_368_LEASING,1227;GENERAL_GOVERNMENT,87;GENERAL_GOVERNMENT,316;GENERAL_GOVERNMENT,581;GENERAL_GOVERNMENT,724;GENERAL_GOVERNMENT,811;GENERAL_GOVERNMENT,1348;EPU_POLICY_GOVERNMENT,87;EPU_POLICY_GOVERNMENT,316;EPU_POLICY_GOVERNMENT,581;EPU_POLICY_GOVERNMENT,724;EPU_POLICY_GOVERNMENT,811;EPU_POLICY_GOVERNMENT,1348;WB_566_ENVIRONMENT_AND_NATURAL_RESOURCES,1056;WB_2084_BIODIVERSITY,1056;WB_1786_ENVIRONMENTAL_SUSTAINABILITY,1056;UNGP_FORESTS_RIVERS_OCEANS,1056;TAX_WORLDLANGUAGES_MAHARASHTRA,31;TAX_WORLDLANGUAGES_MAHARASHTRA,650;TAX_FNCACT_MINISTER,419;TAX_FNCACT_CHIEF,410;		4#Nagpur, Maharashtra, India#IN#IN16#17784#21.15#79.1#-2105396#209;4#Nagpur, Maharashtra, India#IN#IN16#17784#21.15#79.1#-2105396#1175;4#Koradi, Maharashtra, India#IN#IN16#17784#21.25#79.1#-2101423#192;4#Koradi, Maharashtra, India#IN#IN16#17784#21.25#79.1#-2101423#935;4#Koradi, Maharashtra, India#IN#IN16#17784#21.25#79.1#-2101423#1450;4#Mumbai, Maharashtra, India#IN#IN16#70184#18.975#72.8258#-2092174#6;4#Mumbai, Maharashtra, India#IN#IN16#70184#18.975#72.8258#-2092174#471;4#Mumbai, Maharashtra, India#IN#IN16#70184#18.975#72.8258#-2092174#1000					2.5531914893617,4.25531914893617,1.70212765957447,5.95744680851064,20.4255319148936,0,225			https://media.assettype.com/freepressjournal/2026-09-08/3foqgz22/ChatGPT-Image-Sep-9-2026-041301-AM.png								<PAGE_PRECISEPUBTIMESTAMP>20260908224500</PAGE_PRECISEPUBTIMESTAMP><PAGE_ALTURL_AMP>https://www.freepressjournal.in/amp/mumbai/maharashtra-cabinet-allots-koradi-temple-land-on-1-lease-for-30-years-to-boost-pilgrimage-development</PAGE_ALTURL_AMP><PAGE_TITLE>Maharashtra Cabinet Allots Koradi Temple Land On &#x20B9;1 Lease For 30 Years To Boost Pilgrimage Development</PAGE_TITLE>
	20260908233000		dailypost.vu	https://www.dailypost.vu/news/vanuatu-joins-landmark-international-coastal-connectivity-project/article_1991a850-3dff-5e4e-b2b7-dc3ec54786d7.html				GENERAL_HEALTH,1217;MEDICAL,1217;TAX_FNCACT_DIRECTOR,3023;SCIENCE,2171;WB_135_TRANSPORT,1029;WB_1174_WAREHOUSING_AND_STORAGE,1029;WB_793_TRANSPORT_AND_LOGISTICS_SERVICES,1029;TAX_ETHNICITY_INDIGENOUS,2505;ETH_INDIGINOUS,2505;WB_566_ENVIRONMENT_AND_NATURAL_RESOURCES,266;WB_1777_FORESTS,266;WB_590_ECOSYSTEMS,266;UNGP_FORESTS_RIVERS_OCEANS,266;ENV_CARBONCAPTURE,3547;WB_1851_BIOCARBON,3547;WB_436_FORESTRY,3547;WB_1979_NATURAL_RESOURCE_MANAGEMENT,3547;WB_1757_REDUCED_EMISSIONS_FROM_DEFORESTATION_AND_DEGRADATION,3547;GENERAL_GOVERNMENT,1657;EPU_POLICY_GOVERNMENT,1657;WB_471_ECONOMIC_GROWTH,1456;WB_1078_DETERMINANTS_OF_GROWTH,1456;WB_1081_FINANCE_AND_GROWTH,1456;WB_863_FDI_SPILLOVERS,1456;USPEC_POLICY1,495;EPU_POLICY_BUDGET,495;WB_596_COASTAL_AND_MARINE_ECOSYSTEMS,744;WB_596_COASTAL_AND_MARINE_ECOSYSTEMS,3821;WB_596_COASTAL_AND_MARINE_ECOSYSTEMS,4162;ENV_FISHERY,334;ENV_FISHERY,948;ENV_FISHERY,1885;ENV_FISHERY,3524;WB_598_ENVIRONMENTAL_MANAGEMENT,4002;EPU_ECONOMY,705;EPU_ECONOMY_HISTORIC,705;SOC_INNOVATION,3345;TAX_FNCACT_MANAGER,2001;WB_435_AGRICULTURE_AND_FOOD_SECURITY,2031;WB_1050_AQUACULTURE,2031;WB_1949_CLIMATE_SMART_AGRICULTURE,2031;WB_2084_BIODIVERSITY,976;WB_2084_BIODIVERSITY,3512;WB_1786_ENVIRONMENTAL_SUSTAINABILITY,976;WB_1786_ENVIRONMENTAL_SUSTAINABILITY,3512;WB_597_ECOSYSTEM_SERVICES,926;EDUCATION,1681;SOC_POINTSOFINTEREST_UNIVERSITIES,1681;CRISISLEX_C07_SAFETY,3839;TAX_FNCACT_OFFICIAL,2973;WB_2601_TRADE_LINKAGES_SPILLOVERS_AND_CONNECTIVITY,3467;WB_772_TRADE_FACILITATION_AND_LOGISTICS,3467;WB_699_URBAN_DEVELOPMENT,3467;WB_866_CONNECTIVITY_AND_LAGGING_REGIONS,3467;WB_698_TRADE,3467;WB_797_NATIONAL_URBAN_POLICIES,3467;FOOD_SECURITY,3839;WB_199_FOOD_SECURITY,3839;WB_1967_AGRICULTURAL_RISK_AND_SECURITY,3839;UNGP_AFFORDABLE_NUTRITIOUS_FOOD,3839;MARITIME,1905;WB_747_SOCIAL_RESILIENCE_AND_CLIMATE_CHANGE,1052;WB_134_SOCIAL_DEVELOPMENT,1052;UNGP_CLIMATE_CHANGE_ACTION,1052;WB_2960_INDIGENOUS_PEOPLES,2513;WB_421_SOCIAL_INCLUSION,2513;WB_899_SOCIAL_SAFEGUARDS,2513;WB_749_INDIGENOUS_PEOPLES,2513;WB_933_ETHNIC_RELIGIOUS_AND_OTHER_MINORITIES,2513;MARITIME_PIRACY,1315;MARITIME_PIRACY,1604;MARITIME_PIRACY,3238;MARITIME_PIRACY,3982;TAX_WORLDFISH_FISH,1306;		1#Germany#GM#GM##51.5#10.5#GM#1628;1#Vanuatu#NH#NH##-16#167#NH#7;1#Vanuatu#NH#NH##-16#167#NH#324;1#Vanuatu#NH#NH##-16#167#NH#1821;1#Vanuatu#NH#NH##-16#167#NH#1935;1#Vanuatu#NH#NH##-16#167#NH#2240;1#Vanuatu#NH#NH##-16#167#NH#2933;1#Vanuatu#NH#NH##-16#167#NH#3072;1#Vanuatu#NH#NH##-16#167#NH#3752					6.17495711835334,6.17495711835334,0,6.17495711835334,19.0394511149228,0,517			https://bloximages.chicago2.vip.townnews.com/dailypost.vu/content/tncms/assets/v3/editorial/0/33/033092f3-213b-5a93-9524-f8d2eab02205/6aa09007d14f4.image.jpg?crop=1600%2C840%2C0%2C180								<PAGE_PRECISEPUBTIMESTAMP>20260908203000</PAGE_PRECISEPUBTIMESTAMP><PAGE_TITLE>Vanuatu joins landmark international coastal connectivity project</PAGE_TITLE>
	20260908233000		dailypolitical.com	https://www.dailypolitical.com/2026/09/08/carmignac-gestion-has-7-45-million-stake-in-biontech-se-sponsored-adr-bntx.html				TAX_FNCACT_CHIEF_EXECUTIVE,4237;EPU_ECONOMY_HISTORIC,1897;EPU_ECONOMY_HISTORIC,2314;TAX_FNCACT_CHIEF,4227;EPU_CATS_REGULATION,367;EPU_CATS_REGULATION,4444;EPU_CATS_FINANCIAL_REGULATION,367;EPU_CATS_FINANCIAL_REGULATION,4444;TAX_FNCACT_RESEARCH_ANALYST,3698;TAX_FNCACT_ANALYST,2263;TAX_FNCACT_ANALYST,2383;TAX_FNCACT_ANALYST,2786;TAX_FNCACT_ANALYST,3698;TAX_FNCACT_ANALYST,5829;TAX_DISEASE_CANCER,5335;WB_1431_CANCER,5335;WB_698_TRADE,1545;WB_698_TRADE,5041;TAX_FNCACT_INSIDERS,3975;TAX_FNCACT_INSIDERS,4612;TAX_FNCACT_MESSENGER,4806;TAX_ECON_PRICE,1926;TAX_ECON_PRICE,1962;TAX_ECON_PRICE,2994;TAX_ECON_PRICE,3112;TAX_ECON_PRICE,3265;TAX_ECON_PRICE,3487;TAX_ECON_PRICE,3953;TAX_ECON_PRICE,4145;WB_1614_NUTRITIONAL_PROGRAMS,4942;WB_1614_NUTRITIONAL_PROGRAMS,5421;WB_1609_FOOD_AND_IN_KIND_TRANSFERS,4942;WB_1609_FOOD_AND_IN_KIND_TRANSFERS,5421;WB_1615_THERAPEUTIC,4942;WB_1615_THERAPEUTIC,5421;WB_1466_SOCIAL_ASSISTANCE,4942;WB_1466_SOCIAL_ASSISTANCE,5421;WB_697_SOCIAL_PROTECTION_AND_LABOR,4942;WB_697_SOCIAL_PROTECTION_AND_LABOR,5421;WB_1415_COMMUNICABLE_DISEASE,4980;TAX_DISEASE_COVID_19,5158;TAX_DISEASE_INFECTIOUS,4971;TAX_FNCACT_EXECUTIVE,4237;WB_1921_PRIVATE_SECTOR_DEVELOPMENT,4929;WB_346_COMPETITIVE_INDUSTRIES,4929;WB_818_INDUSTRY_POLICY_AND_REAL_SECTORS,4929;WB_1281_MANUFACTURING,4929;TAX_FNCACT_CEO,4016;TAX_FNCACT_EXECUTIVE_OFFICER,4245;TAX_FNCACT_CHIEF_EXECUTIVE_OFFICER,4245;GENERAL_HEALTH,4980;TAX_DISEASE_DISEASES,4980;UNGP_HEALTHCARE,4980;HEALTH_VACCINATION,5166;WB_642_CHILD_HEALTH,5166;WB_1459_IMMUNIZATIONS,5166;WB_639_REPRODUCTIVE_MATERNAL_AND_CHILD_HEALTH,5166;AFFECT,2255;WB_439_MACROECONOMIC_AND_STRUCTURAL_POLICIES,858;WB_439_MACROECONOMIC_AND_STRUCTURAL_POLICIES,962;WB_829_FISCAL_DECENTRALIZATION,858;WB_829_FISCAL_DECENTRALIZATION,962;WB_874_LOCAL_FINANCE,858;WB_874_LOCAL_FINANCE,962;WB_877_ASSET_MANAGEMENT,858;WB_877_ASSET_MANAGEMENT,962;WB_445_FISCAL_POLICY,858;WB_445_FISCAL_POLICY,962;CORRUPTION,5560;KILL,4518;TAX_MILITARY_TITLE_OFFICER,4245;TAX_FNCACT_OFFICER,4245;TAX_DISEASE_OVERWEIGHT,3329;WB_1406_DISEASES,3329;WB_1435_OBESITY,3329;WB_621_HEALTH_NUTRITION_AND_POPULATION,3329;WB_1427_NON_COMMUNICABLE_DISEASE_AND_INJURY,3329;TAX_FNCACT_ANALYSTS,2673;TAX_FNCACT_ANALYSTS,2845;WB_1920_FINANCIAL_SECTOR_DEVELOPMENT,2906;WB_332_CAPITAL_MARKETS,2906;TAX_FNCACT_INSIDER,5553;MEDICAL,5313;WB_1331_HEALTH_TECHNOLOGIES,5313;WB_1350_PHARMACEUTICALS,5313;							0.856327307326356,2.1883920076118,1.33206470028544,3.52045670789724,21.7887725975262,0,961											<PAGE_LINKS>http://www.holdingschannel.com/;https://weissratings.com/;https://www.dailypolitical.com/daily-email-updates-basic/;https://www.holdingschannel.com/hedge-funds/holding-bntx/;https://www.marketbeat.com/arnreports/ReportTickerOptin.aspx;https://www.marketbeat.com/stocks/NASDAQ/BNTX/;https://www.sec.gov/Archives/edgar/data/1776985/000212397526000008/xslF345X06/wk-form4_1788898236.xml</PAGE_LINKS><PAGE_AUTHORS>Trevor Kearing</PAGE_AUTHORS><PAGE_TITLE>Carmignac Gestion Has $7.45 Million Stake in BioNTech SE Sponsored ADR $BNTX</PAGE_TITLE>
	20260908233000		wapt.com	https://www.wapt.com/article/iowa-child-abducted-found-safe-mississippi/73645422				TAX_FNCACT_OFFICIALS,743;ARREST,83;ARREST,811;SOC_POINTSOFINTEREST_JAIL,686;TAX_FNCACT_MANAGER,185;KIDNAP,14;KIDNAP,251;TRIAL,723;TAX_FNCACT_AUTHORITIES,656;CRISISLEX_CRISISLEXREC,656;EPU_POLICY_AUTHORITIES,656;TAX_FNCACT_MARSHALS,353;TAX_FNCACT_MARSHALS,472;TAX_FNCACT_CHILD,5;TAX_FNCACT_CHILD,242;TAX_FNCACT_CHILD,368;TAX_FNCACT_CHILD,403;TAX_FNCACT_CHILD,629;TAX_FNCACT_CHILD,769;TAX_FNCACT_CHILD,824;		2#Mississippi, United States#US#USMS##32.7673#-89.6812#MS#50;2#Mississippi, United States#US#USMS##32.7673#-89.6812#MS#336;2#Mississippi, United States#US#USMS##32.7673#-89.6812#MS#591;2#Mississippi, United States#US#USMS##32.7673#-89.6812#MS#701;2#Mississippi, United States#US#USMS##32.7673#-89.6812#MS#763;2#Iowa, United States#US#USIA##42.0046#-93.214#IA#24;2#Iowa, United States#US#USIA##42.0046#-93.214#IA#224;2#Iowa, United States#US#USIA##42.0046#-93.214#IA#293;2#Iowa, United States#US#USIA##42.0046#-93.214#IA#444;2#Iowa, United States#US#USIA##42.0046#-93.214#IA#491;2#Iowa, United States#US#USIA##42.0046#-93.214#IA#731;3#Council Bluffs, Iowa, United States#US#USIA#IA155#41.2619#-95.8608#455672#202;3#Council Bluffs, Iowa, United States#US#USIA#IA155#41.2619#-95.8608#455672#271					-3.87596899224806,3.10077519379845,6.97674418604651,10.077519379845,20.1550387596899,0,112			https://kubrick.htvapps.com/htv-prod/images/b94a9784-dbd9-4bec-b7a0-b870c32dfc8a.jpg?crop=1.00xw%3A1.00xh%3B0%2C0								<PAGE_AUTHORS>Jake Anderson</PAGE_AUTHORS><PAGE_TITLE>Abducted Iowa child found safe in Mississippi</PAGE_TITLE>
	20260908233000		ncpa.org	https://ncpa.org/newsroom/qam/2026/09/09/happening-today-grow-your-services-through-compounded-bhrt				CRISISLEX_C03_WELLBEING_HEALTH,130;GENERAL_HEALTH,161;							-1.51515151515152,3.03030303030303,4.54545454545455,7.57575757575758,15.1515151515152,6.06060606060606,60			https://ncpa.org/sites/default/files/2020-03/ncpa-fi.png								<PAGE_LINKS>https://ncpa.org/webinars</PAGE_LINKS><PAGE_AUTHORS>NCPA</PAGE_AUTHORS><PAGE_TITLE>Happening today: Grow your services through compounded BHRT</PAGE_TITLE>
	20260908233000		hrw.org	https://www.hrw.org/report/2026/09/08/too-old-and-a-woman/systemic-age-and-gender-discrimination-against-women-at-work				WB_2725_CATEGORIES_OF_WORKERS,20100;WB_2725_CATEGORIES_OF_WORKERS,33700;WB_2725_CATEGORIES_OF_WORKERS,38017;WB_2725_CATEGORIES_OF_WORKERS,39742;WB_2725_CATEGORIES_OF_WORKERS,40096;EDUCATION,106;EDUCATION,1827;EDUCATION,2307;EDUCATION,5955;EDUCATION,14617;EDUCATION,15266;EDUCATION,31860;EDUCATION,34579;EDUCATION,43404;EDUCATION,43529;EDUCATION,43787;EDUCATION,44462;EDUCATION,45808;EDUCATION,47088;EDUCATION,49572;EDUCATION,49677;EDUCATION,57833;EDUCATION,71596;EDUCATION,72050;EDUCATION,72226;EDUCATION,74956;EDUCATION,91741;EDUCATION,92145;EDUCATION,92592;EDUCATION,93791;EDUCATION,97937;EDUCATION,98996;EDUCATION,99836;WB_470_EDUCATION,106;WB_470_EDUCATION,1827;WB_470_EDUCATION,2307;WB_470_EDUCATION,5955;WB_470_EDUCATION,14617;WB_470_EDUCATION,15266;WB_470_EDUCATION,31860;WB_470_EDUCATION,34579;WB_470_EDUCATION,43404;WB_470_EDUCATION,43529;WB_470_EDUCATION,43787;WB_470_EDUCATION,44462;WB_470_EDUCATION,45808;WB_470_EDUCATION,47088;WB_470_EDUCATION,49572;WB_470_EDUCATION,49677;WB_470_EDUCATION,57833;WB_470_EDUCATION,71596;WB_470_EDUCATION,72050;WB_470_EDUCATION,72226;WB_470_EDUCATION,74956;WB_470_EDUCATION,91741;WB_470_EDUCATION,92145;WB_470_EDUCATION,92592;WB_470_EDUCATION,93791;WB_470_EDUCATION,97937;WB_470_EDUCATION,98996;WB_470_EDUCATION,99836;LEADER,42182;WB_135_TRANSPORT,8145;WB_135_TRANSPORT,11962;WB_135_TRANSPORT,32847;WB_135_TRANSPORT,62949;WB_135_TRANSPORT,64311;WB_135_TRANSPORT,65190;WB_135_TRANSPORT,85684;WB_135_TRANSPORT,86743;WB_135_TRANSPORT,104096;WB_135_TRANSPORT,120608;TAX_FNCACT_WORKER,8152;TAX_FNCACT_WORKER,9435;TAX_FNCACT_WORKER,10488;TAX_FNCACT_WORKER,11505;TAX_FNCACT_WORKER,11797;TAX_FNCACT_WORKER,15742;TAX_FNCACT_WORKER,38301;TAX_FNCACT_WORKER,38992;TAX_FNCACT_WORKER,39573;TAX_FNCACT_WORKER,47037;TAX_FNCACT_WORKER,54561;TAX_FNCACT_WORKER,62956;TAX_FNCACT_WORKER,63624;TAX_FNCACT_WORKER,65197;TAX_FNCACT_WORKER,67144;TAX_FNCACT_WORKER,81211;TAX_FNCACT_WORKER,85691;TAX_FNCACT_WORKER,88336;TAX_FNCACT_WORKER,88689;TAX_FNCACT_WORKER,89558;TAX_FNCACT_WORKER,90633;TAX_FNCACT_WORKER,92397;TAX_FNCACT_WORKER,94048;TAX_FNCACT_WORKER,94872;TAX_FNCACT_WORKER,100737;TAX_FNCACT_WORKER,101305;TAX_FNCACT_WORKER,106286;TAX_FNCACT_WORKER,107718;TAX_FNCACT_WORKER,109493;TAX_FNCACT_WORKER,116503;TAX_FNCACT_WORKER,117241;TAX_FNCACT_WORKER,117419;TAX_FNCACT_WORKER,117487;TAX_FNCACT_WORKER,117635;TAX_FNCACT_WORKER,118281;TAX_FNCACT_WORKER,119428;TAX_FNCACT_EMPLOYERS,11041;TAX_FNCACT_EMPLOYERS,11780;TAX_FNCACT_EMPLOYERS,14920;TAX_FNCACT_EMPLOYERS,16792;TAX_FNCACT_EMPLOYERS,17991;TAX_FNCACT_EMPLOYERS,20035;TAX_FNCACT_EMPLOYERS,20942;TAX_FNCACT_EMPLOYERS,21419;TAX_FNCACT_EMPLOYERS,22111;TAX_FNCACT_EMPLOYERS,22618;TAX_FNCACT_EMPLOYERS,22655;TAX_FNCACT_EMPLOYERS,22831;TAX_FNCACT_EMPLOYERS,22898;TAX_FNCACT_EMPLOYERS,28112;TAX_FNCACT_EMPLOYERS,34489;TAX_FNCACT_EMPLOYERS,36327;TAX_FNCACT_EMPLOYERS,36489;TAX_FNCACT_EMPLOYERS,37618;TAX_FNCACT_EMPLOYERS,38278;TAX_FNCACT_EMPLOYERS,38529;TAX_FNCACT_EMPLOYERS,41446;TAX_FNCACT_EMPLOYERS,46480;TAX_FNCACT_EMPLOYERS,72476;TAX_FNCACT_EMPLOYERS,96508;TAX_FNCACT_EMPLOYERS,97812;TAX_FNCACT_EMPLOYERS,114888;TAX_FNCACT_EMPLOYERS,117429;TAX_FNCACT_EMPLOYERS,118747;TAX_FNCACT_EMPLOYERS,125220;TAX_FNCACT_GOLF_CADDIES,5503;TAX_FNCACT_GOLF_CADDIES,67196;TAX_FNCACT_BREADWINNERS,4688;TAX_FNCACT_BREADWINNERS,32307;TAX_FNCACT_BREADWINNERS,59693;TAX_FNCACT_BREADWINNERS,59866;WB_1406_DISEASES,9857;WB_1406_DISEASES,89459;WB_1406_DISEASES,89572;WB_1406_DISEASES,115223;TAX_FNCACT_CHILD,6546;TAX_FNCACT_CHILD,6626;TAX_FNCACT_CHILD,18462;TAX_FNCACT_CHILD,18666;TAX_FNCACT_CHILD,78274;TAX_FNCACT_CHILD,78429;TAX_FNCACT_CHILD,78533;TAX_FNCACT_CHILD,78683;CRISISLEX_C07_SAFETY,9371;CRISISLEX_C07_SAFETY,15183;CRISISLEX_C07_SAFETY,15817;CRISISLEX_C07_SAFETY,23449;CRISISLEX_C07_SAFETY,32566;CRISISLEX_C07_SAFETY,51791;CRISISLEX_C07_SAFETY,74766;CRISISLEX_C07_SAFETY,83802;CRISISLEX_C07_SAFETY,90953;CRISISLEX_C07_SAFETY,98046;CRISISLEX_C07_SAFETY,98910;CRISISLEX_C07_SAFETY,100804;CRISISLEX_C07_SAFETY,101392;CRISISLEX_C07_SAFETY,101913;CRISISLEX_C07_SAFETY,106657;CRISISLEX_C07_SAFETY,108616;CRISISLEX_C07_SAFETY,121955;CRISISLEX_C07_SAFETY,126925;CRISISLEX_C07_SAFETY,126973;CRISISLEX_C07_SAFETY,127028;CRISISLEX_C07_SAFETY,127205;CRISISLEX_C07_SAFETY,127254;CRISISLEX_C07_SAFETY,128113;GENERAL_GOVERNMENT,26;GENERAL_GOVERNMENT,29088;TAX_FNCACT_VENDOR,2876;TAX_FNCACT_VENDOR,44967;TAX_FNCACT_WORKERS,895;TAX_FNCACT_WORKERS,4501;TAX_FNCACT_WORKERS,8656;TAX_FNCACT_WORKERS,8722;TAX_FNCACT_WORKERS,9918;TAX_FNCACT_WORKERS,10080;TAX_FNCACT_WORKERS,20100;TAX_FNCACT_WORKERS,20205;TAX_FNCACT_WORKERS,20231;TAX_FNCACT_WORKERS,20353;TAX_FNCACT_WORKERS,22078;TAX_FNCACT_WORKERS,24324;TAX_FNCACT_WORKERS,25859;TAX_FNCACT_WORKERS,31925;TAX_FNCACT_WORKERS,33255;TAX_FNCACT_WORKERS,33700;TAX_FNCACT_WORKERS,36572;TAX_FNCACT_WORKERS,37668;TAX_FNCACT_WORKERS,38017;TAX_FNCACT_WORKERS,39742;TAX_FNCACT_WORKERS,40020;TAX_FNCACT_WORKERS,40096;TAX_FNCACT_WORKERS,52986;TAX_FNCACT_WORKERS,53120;TAX_FNCACT_WORKERS,60656;TAX_FNCACT_WORKERS,63853;TAX_FNCACT_WORKERS,68932;TAX_FNCACT_WORKERS,69436;TAX_FNCACT_WORKERS,70633;TAX_FNCACT_WORKERS,71671;TAX_FNCACT_WORKERS,73500;TAX_FNCACT_WORKERS,76055;TAX_FNCACT_WORKERS,88186;TAX_FNCACT_WORKERS,88201;TAX_FNCACT_WORKERS,88725;TAX_FNCACT_WORKERS,100564;TAX_FNCACT_WORKERS,100873;TAX_FNCACT_WORKERS,101012;TAX_FNCACT_WORKERS,106236;TAX_FNCACT_WORKERS,106566;TAX_FNCACT_WORKERS,107604;TAX_FNCACT_WORKERS,107757;TAX_FNCACT_WORKERS,107920;TAX_FNCACT_WORKERS,109447;TAX_FNCACT_WORKERS,110608;TAX_FNCACT_WORKERS,110949;TAX_FNCACT_WORKERS,115731;TAX_FNCACT_WORKERS,115989;TAX_FNCACT_WORKERS,116145;TAX_FNCACT_WORKERS,126171;MOVEMENT_WOMENS,4838;MOVEMENT_WOMENS,60683;MOVEMENT_WOMENS,61108;EPU_POLICY_GOVERNMENT,922;EPU_POLICY_GOVERNMENT,2171;EPU_POLICY_GOVERNMENT,3774;EPU_POLICY_GOVERNMENT,12961;EPU_POLICY_GOVERNMENT,16705;EPU_POLICY_GOVERNMENT,17059;EPU_POLICY_GOVERNMENT,20618;EPU_POLICY_GOVERNMENT,31605;EPU_POLICY_GOVERNMENT,34889;EPU_POLICY_GOVERNMENT,36450;EPU_POLICY_GOVERNMENT,38391;EPU_POLICY_GOVERNMENT,39182;EPU_POLICY_GOVERNMENT,39972;EPU_POLICY_GOVERNMENT,40835;EPU_POLICY_GOVERNMENT,42978;EPU_POLICY_GOVERNMENT,43684;EPU_POLICY_GOVERNMENT,54082;EPU_POLICY_GOVERNMENT,59414;EPU_POLICY_GOVERNMENT,60465;EPU_POLICY_GOVERNMENT,70253;EPU_POLICY_GOVERNMENT,72932;EPU_POLICY_GOVERNMENT,83950;EPU_POLICY_GOVERNMENT,95163;EPU_POLICY_GOVERNMENT,96162;EPU_POLICY_GOVERNMENT,96701;EPU_POLICY_GOVERNMENT,97128;EPU_POLICY_GOVERNMENT,102918;EPU_POLICY_GOVERNMENT,108855;EPU_POLICY_GOVERNMENT,110864;EPU_POLICY_GOVERNMENT,121816;TAX_FNCACT_CADDIES,5503;TAX_FNCACT_CADDIES,66418;TAX_FNCACT_CADDIES,67196;SELF_IDENTIFIED_HUMAN_RIGHTS,1174;SELF_IDENTIFIED_HUMAN_RIGHTS,1468;SELF_IDENTIFIED_HUMAN_RIGHTS,2968;SELF_IDENTIFIED_HUMAN_RIGHTS,3027;SELF_IDENTIFIED_HUMAN_RIGHTS,4618;SELF_IDENTIFIED_HUMAN_RIGHTS,7762;SELF_IDENTIFIED_HUMAN_RIGHTS,9552;SELF_IDENTIFIED_HUMAN_RIGHTS,9750;SELF_IDENTIFIED_HUMAN_RIGHTS,10868;SELF_IDENTIFIED_HUMAN_RIGHTS,12074;SELF_IDENTIFIED_HUMAN_RIGHTS,13151;SELF_IDENTIFIED_HUMAN_RIGHTS,14658;SELF_IDENTIFIED_HUMAN_RIGHTS,24354;SELF_IDENTIFIED_HUMAN_RIGHTS,24585;SELF_IDENTIFIED_HUMAN_RIGHTS,24746;SELF_IDENTIFIED_HUMAN_RIGHTS,24825;SELF_IDENTIFIED_HUMAN_RIGHTS,25475;SELF_IDENTIFIED_HUMAN_RIGHTS,25697;SELF_IDENTIFIED_HUMAN_RIGHTS,25764;SELF_IDENTIFIED_HUMAN_RIGHTS,25829;SELF_IDENTIFIED_HUMAN_RIGHTS,26087;SELF_IDENTIFIED_HUMAN_RIGHTS,26299;SELF_IDENTIFIED_HUMAN_RIGHTS,26840;SELF_IDENTIFIED_HUMAN_RIGHTS,27652;SELF_IDENTIFIED_HUMAN_RIGHTS,28065;SELF_IDENTIFIED_HUMAN_RIGHTS,28361;SELF_IDENTIFIED_HUMAN_RIGHTS,28793;SELF_IDENTIFIED_HUMAN_RIGHTS,35009;SELF_IDENTIFIED_HUMAN_RIGHTS,35071;SELF_IDENTIFIED_HUMAN_RIGHTS,35166;SELF_IDENTIFIED_HUMAN_RIGHTS,35273;SELF_IDENTIFIED_HUMAN_RIGHTS,35334;SELF_IDENTIFIED_HUMAN_RIGHTS,35997;SELF_IDENTIFIED_HUMAN_RIGHTS,37325;SELF_IDENTIFIED_HUMAN_RIGHTS,37729;SELF_IDENTIFIED_HUMAN_RIGHTS,37919;SELF_IDENTIFIED_HUMAN_RIGHTS,39879;SELF_IDENTIFIED_HUMAN_RIGHTS,39923;SELF_IDENTIFIED_HUMAN_RIGHTS,40472;SELF_IDENTIFIED_HUMAN_RIGHTS,51945;SELF_IDENTIFIED_HUMAN_RIGHTS,55979;SELF_IDENTIFIED_HUMAN_RIGHTS,56407;SELF_IDENTIFIED_HUMAN_RIGHTS,56729;SELF_IDENTIFIED_HUMAN_RIGHTS,56877;SELF_IDENTIFIED_HUMAN_RIGHTS,62313;SELF_IDENTIFIED_HUMAN_RIGHTS,62624;SELF_IDENTIFIED_HUMAN_RIGHTS,68151;SELF_IDENTIFIED_HUMAN_RIGHTS,71269;SELF_IDENTIFIED_HUMAN_RIGHTS,71878;SELF_IDENTIFIED_HUMAN_RIGHTS,72508;SELF_IDENTIFIED_HUMAN_RIGHTS,73640;SELF_IDENTIFIED_HUMAN_RIGHTS,84622;SELF_IDENTIFIED_HUMAN_RIGHTS,84717;SELF_IDENTIFIED_HUMAN_RIGHTS,84946;SELF_IDENTIFIED_HUMAN_RIGHTS,85746;SELF_IDENTIFIED_HUMAN_RIGHTS,85847;SELF_IDENTIFIED_HUMAN_RIGHTS,90695;SELF_IDENTIFIED_HUMAN_RIGHTS,97454;SELF_IDENTIFIED_HUMAN_RIGHTS,97575;SELF_IDENTIFIED_HUMAN_RIGHTS,98596;SELF_IDENTIFIED_HUMAN_RIGHTS,99963;SELF_IDENTIFIED_HUMAN_RIGHTS,104408;SELF_IDENTIFIED_HUMAN_RIGHTS,105099;SELF_IDENTIFIED_HUMAN_RIGHTS,105588;SELF_IDENTIFIED_HUMAN_RIGHTS,106584;SELF_IDENTIFIED_HUMAN_RIGHTS,111261;SELF_IDENTIFIED_HUMAN_RIGHTS,118395;SELF_IDENTIFIED_HUMAN_RIGHTS,121314;SELF_IDENTIFIED_HUMAN_RIGHTS,121871;SELF_IDENTIFIED_HUMAN_RIGHTS,122024;SELF_IDENTIFIED_HUMAN_RIGHTS,122983;SELF_IDENTIFIED_HUMAN_RIGHTS,123466;SELF_IDENTIFIED_HUMAN_RIGHTS,123809;SELF_IDENTIFIED_HUMAN_RIGHTS,126795;SELF_IDENTIFIED_HUMAN_RIGHTS,130459;SELF_IDENTIFIED_HUMAN_RIGHTS,130506;WB_2203_HUMAN_RIGHTS,1174;WB_2203_HUMAN_RIGHTS,1468;WB_2203_HUMAN_RIGHTS,2968;WB_2203_HUMAN_RIGHTS,3027;WB_2203_HUMAN_RIGHTS,4618;WB_2203_HUMAN_RIGHTS,7762;WB_2203_HUMAN_RIGHTS,9552;WB_2203_HUMAN_RIGHTS,9750;WB_2203_HUMAN_RIGHTS,10868;WB_2203_HUMAN_RIGHTS,12074;WB_2203_HUMAN_RIGHTS,13151;WB_2203_HUMAN_RIGHTS,14658;WB_2203_HUMAN_RIGHTS,24354;WB_2203_HUMAN_RIGHTS,24585;WB_2203_HUMAN_RIGHTS,24746;WB_2203_HUMAN_RIGHTS,24825;WB_2203_HUMAN_RIGHTS,25475;WB_2203_HUMAN_RIGHTS,25697;WB_2203_HUMAN_RIGHTS,25764;WB_2203_HUMAN_RIGHTS,25829;WB_2203_HUMAN_RIGHTS,26087;WB_2203_HUMAN_RIGHTS,26299;WB_2203_HUMAN_RIGHTS,26840;WB_2203_HUMAN_RIGHTS,27652;WB_2203_HUMAN_RIGHTS,28065;WB_2203_HUMAN_RIGHTS,28361;WB_2203_HUMAN_RIGHTS,28793;WB_2203_HUMAN_RIGHTS,35009;WB_2203_HUMAN_RIGHTS,35071;WB_2203_HUMAN_RIGHTS,35166;WB_2203_HUMAN_RIGHTS,35273;WB_2203_HUMAN_RIGHTS,35334;WB_2203_HUMAN_RIGHTS,35997;WB_2203_HUMAN_RIGHTS,37325;WB_2203_HUMAN_RIGHTS,37729;WB_2203_HUMAN_RIGHTS,37919;WB_2203_HUMAN_RIGHTS,39879;WB_2203_HUMAN_RIGHTS,39923;WB_2203_HUMAN_RIGHTS,40472;WB_2203_HUMAN_RIGHTS,51945;WB_2203_HUMAN_RIGHTS,55979;WB_2203_HUMAN_RIGHTS,56407;WB_2203_HUMAN_RIGHTS,56729;WB_2203_HUMAN_RIGHTS,56877;WB_2203_HUMAN_RIGHTS,62313;WB_2203_HUMAN_RIGHTS,62624;WB_2203_HUMAN_RIGHTS,68151;WB_2203_HUMAN_RIGHTS,71269;WB_2203_HUMAN_RIGHTS,71878;WB_2203_HUMAN_RIGHTS,72508;WB_2203_HUMAN_RIGHTS,73640;WB_2203_HUMAN_RIGHTS,84622;WB_2203_HUMAN_RIGHTS,84717;WB_2203_HUMAN_RIGHTS,84946;WB_2203_HUMAN_RIGHTS,85746;WB_2203_HUMAN_RIGHTS,85847;WB_2203_HUMAN_RIGHTS,90695;WB_2203_HUMAN_RIGHTS,97454;WB_2203_HUMAN_RIGHTS,97575;WB_2203_HUMAN_RIGHTS,98596;WB_2203_HUMAN_RIGHTS,99963;WB_2203_HUMAN_RIGHTS,104408;WB_2203_HUMAN_RIGHTS,105099;WB_2203_HUMAN_RIGHTS,105588;WB_2203_HUMAN_RIGHTS,106584;WB_2203_HUMAN_RIGHTS,111261;WB_2203_HUMAN_RIGHTS,118395;WB_2203_HUMAN_RIGHTS,121314;WB_2203_HUMAN_RIGHTS,121871;WB_2203_HUMAN_RIGHTS,122024;WB_2203_HUMAN_RIGHTS,122983;WB_2203_HUMAN_RIGHTS,123466;WB_2203_HUMAN_RIGHTS,123809;WB_2203_HUMAN_RIGHTS,126795;WB_2203_HUMAN_RIGHTS,130459;WB_2203_HUMAN_RIGHTS,130506;WB_2432_FRAGILITY_CONFLICT_AND_VIOLENCE,1174;WB_2432_FRAGILITY_CONFLICT_AND_VIOLENCE,1468;WB_2432_FRAGILITY_CONFLICT_AND_VIOLENCE,2968;WB_2432_FRAGILITY_CONFLICT_AND_VIOLENCE,3027;WB_2432_FRAGILITY_CONFLICT_AND_VIOLENCE,4618;WB_2432_FRAGILITY_CONFLICT_AND_VIOLENCE,7762;WB_2432_FRAGILITY_CONFLICT_AND_VIOLENCE,9552;WB_2432_FRAGILITY_CONFLICT_AND_VIOLENCE,9750;WB_2432_FRAGILITY_CONFLICT_AND_VIOLENCE,10868;WB_2432_FRAGILITY_CONFLICT_AND_VIOLENCE,12074;WB_2432_FRAGILITY_CONFLICT_AND_VIOLENCE,13151;WB_2432_FRAGILITY_CONFLICT_AND_VIOLENCE,14658;WB_2432_FRAGILITY_CONFLICT_AND_VIOLENCE,24354;WB_2432_FRAGILITY_CONFLICT_AND_VIOLENCE,24585;WB_2432_FRAGILITY_CONFLICT_AND_VIOLENCE,24746;WB_2432_FRAGILITY_CONFLICT_AND_VIOLENCE,24825;WB_2432_FRAGILITY_CONFLICT_AND_VIOLENCE,25475;WB_2432_FRAGILITY_CONFLICT_AND_VIOLENCE,25697;WB_2432_FRAGILITY_CONFLICT_AND_VIOLENCE,25764;WB_2432_FRAGILITY_CONFLICT_AND_VIOLENCE,25829;WB_2432_FRAGILITY_CONFLICT_AND_VIOLENCE,26087;WB_2432_FRAGILITY_CONFLICT_AND_VIOLENCE,26299;WB_2432_FRAGILITY_CONFLICT_AND_VIOLENCE,26840;WB_2432_FRAGILITY_CONFLICT_AND_VIOLENCE,27652;WB_2432_FRAGILITY_CONFLICT_AND_VIOLENCE,28065;WB_2432_FRAGILITY_CONFLICT_AND_VIOLENCE,28361;WB_2432_FRAGILITY_CONFLICT_AND_VIOLENCE,28793;WB_2432_FRAGILITY_CONFLICT_AND_VIOLENCE,35009;WB_2432_FRAGILITY_CONFLICT_AND_VIOLENCE,35071;WB_2432_FRAGILITY_CONFLICT_AND_VIOLENCE,35166;WB_2432_FRAGILITY_CONFLICT_AND_VIOLENCE,35273;WB_2432_FRAGILITY_CONFLICT_AND_VIOLENCE,35334;WB_2432_FRAGILITY_CONFLICT_AND_VIOLENCE,35997;WB_2432_FRAGILITY_CONFLICT_AND_VIOLENCE,37325;WB_2432_FRAGILITY_CONFLICT_AND_VIOLENCE,37729;WB_2432_FRAGILITY_CONFLICT_AND_VIOLENCE,37919;WB_2432_FRAGILITY_CONFLICT_AND_VIOLENCE,39879;WB_2432_FRAGILITY_CONFLICT_AND_VIOLENCE,39923;WB_2432_FRAGILITY_CONFLICT_AND_VIOLENCE,40472;WB_2432_FRAGILITY_CONFLICT_AND_VIOLENCE,51945;WB_2432_FRAGILITY_CONFLICT_AND_VIOLENCE,55979;WB_2432_FRAGILITY_CONFLICT_AND_VIOLENCE,56407;WB_2432_FRAGILITY_CONFLICT_AND_VIOLENCE,56729;WB_2432_FRAGILITY_CONFLICT_AND_VIOLENCE,56877;WB_2432_FRAGILITY_CONFLICT_AND_VIOLENCE,62313;WB_2432_FRAGILITY_CONFLICT_AND_VIOLENCE,62624;WB_2432_FRAGILITY_CONFLICT_AND_VIOLENCE,68151;WB_2432_FRAGILITY_CONFLICT_AND_VIOLENCE,71269;WB_2432_FRAGILITY_CONFLICT_AND_VIOLENCE,71878;WB_2432_FRAGILITY_CONFLICT_AND_VIOLENCE,72508;WB_2432_FRAGILITY_CONFLICT_AND_VIOLENCE,73640;WB_2432_FRAGILITY_CONFLICT_AND_VIOLENCE,84622;WB_2432_FRAGILITY_CONFLICT_AND_VIOLENCE,84717;WB_2432_FRAGILITY_CONFLICT_AND_VIOLENCE,84946;WB_2432_FRAGILITY_CONFLICT_AND_VIOLENCE,85746;WB_2432_FRAGILITY_CONFLICT_AND_VIOLENCE,85847;WB_2432_FRAGILITY_CONFLICT_AND_VIOLENCE,90695;WB_2432_FRAGILITY_CONFLICT_AND_VIOLENCE,97454;WB_2432_FRAGILITY_CONFLICT_AND_VIOLENCE,97575;WB_2432_FRAGILITY_CONFLICT_AND_VIOLENCE,98596;WB_2432_FRAGILITY_CONFLICT_AND_VIOLENCE,99963;WB_2432_FRAGILITY_CONFLICT_AND_VIOLENCE,104408;WB_2432_FRAGILITY_CONFLICT_AND_VIOLENCE,105099;WB_2432_FRAGILITY_CONFLICT_AND_VIOLENCE,105588;WB_2432_FRAGILITY_CONFLICT_AND_VIOLENCE,106584;WB_2432_FRAGILITY_CONFLICT_AND_VIOLENCE,111261;WB_2432_FRAGILITY_CONFLICT_AND_VIOLENCE,118395;WB_2432_FRAGILITY_CONFLICT_AND_VIOLENCE,121314;WB_2432_FRAGILITY_CONFLICT_AND_VIOLENCE,121871;WB_2432_FRAGILITY_CONFLICT_AND_VIOLENCE,122024;WB_2432_FRAGILITY_CONFLICT_AND_VIOLENCE,122983;WB_2432_FRAGILITY_CONFLICT_AND_VIOLENCE,123466;WB_2432_FRAGILITY_CONFLICT_AND_VIOLENCE,123809;WB_2432_FRAGILITY_CONFLICT_AND_VIOLENCE,126795;WB_2432_FRAGILITY_CONFLICT_AND_VIOLENCE,130459;WB_2432_FRAGILITY_CONFLICT_AND_VIOLENCE,130506;WB_621_HEALTH_NUTRITION_AND_POPULATION,2134;WB_621_HEALTH_NUTRITION_AND_POPULATION,44209;RETIREMENT,272;RETIREMENT,2906;RETIREMENT,6197;RETIREMENT,6248;RETIREMENT,6330;RETIREMENT,6497;RETIREMENT,6735;RETIREMENT,7031;RETIREMENT,7277;RETIREMENT,7492;RETIREMENT,7545;RETIREMENT,11098;RETIREMENT,17440;RETIREMENT,18041;RETIREMENT,18144;RETIREMENT,18235;RETIREMENT,18294;RETIREMENT,18440;RETIREMENT,18543;RETIREMENT,18617;RETIREMENT,18791;RETIREMENT,18864;RETIREMENT,18961;RETIREMENT,19105;RETIREMENT,19240;RETIREMENT,19344;RETIREMENT,23497;RETIREMENT,23776;RETIREMENT,23875;RETIREMENT,23938;RETIREMENT,23984;RETIREMENT,24045;RETIREMENT,24064;RETIREMENT,24201;RETIREMENT,28547;RETIREMENT,28598;RETIREMENT,28937;RETIREMENT,36954;RETIREMENT,37168;RETIREMENT,40585;RETIREMENT,40711;RETIREMENT,40973;RETIREMENT,41003;RETIREMENT,41203;RETIREMENT,41266;RETIREMENT,41686;RETIREMENT,41787;RETIREMENT,41877;RETIREMENT,41974;RETIREMENT,42016;RETIREMENT,42814;RETIREMENT,42905;RETIREMENT,43102;RETIREMENT,43121;RETIREMENT,44997;RETIREMENT,75156;RETIREMENT,75281;RETIREMENT,75375;RETIREMENT,75487;RETIREMENT,75526;RETIREMENT,75583;RETIREMENT,75633;RETIREMENT,75739;RETIREMENT,75902;RETIREMENT,76269;RETIREMENT,76645;RETIREMENT,76719;RETIREMENT,76866;RETIREMENT,77371;RETIREMENT,77394;RETIREMENT,77456;RETIREMENT,77526;RETIREMENT,77830;RETIREMENT,78140;RETIREMENT,78214;RETIREMENT,78296;RETIREMENT,78343;RETIREMENT,78743;RETIREMENT,78955;RETIREMENT,79139;RETIREMENT,79218;RETIREMENT,79656;RETIREMENT,79674;RETIREMENT,79800;RETIREMENT,79901;RETIREMENT,80186;RETIREMENT,80229;RETIREMENT,80247;RETIREMENT,80378;RETIREMENT,80447;RETIREMENT,80749;RETIREMENT,80794;RETIREMENT,81266;RETIREMENT,81380;RETIREMENT,81821;RETIREMENT,81884;RETIREMENT,82324;RETIREMENT,82469;RETIREMENT,82741;RETIREMENT,82826;RETIREMENT,83000;RETIREMENT,83079;RETIREMENT,83141;RETIREMENT,83242;RETIREMENT,83392;RETIREMENT,83545;RETIREMENT,83616;RETIREMENT,83649;RETIREMENT,83724;RETIREMENT,83869;RETIREMENT,84031;RETIREMENT,84076;RETIREMENT,84133;RETIREMENT,84365;RETIREMENT,84412;RETIREMENT,84582;RETIREMENT,84670;RETIREMENT,84755;RETIREMENT,84846;RETIREMENT,84883;RETIREMENT,85047;RETIREMENT,91005;RETIREMENT,91037;RETIREMENT,98097;RETIREMENT,102014;RETIREMENT,102453;RETIREMENT,102543;RETIREMENT,119036;RETIREMENT,125859;RETIREMENT,127686;RETIREMENT,127812;RETIREMENT,127954;RETIREMENT,128291;RETIREMENT,128472;RETIREMENT,128626;EPU_POLICY_TAX,4397;TAX_FNCACT_CANDIDATES,3342;TAX_FNCACT_CANDIDATES,46268;TAX_FNCACT_CANDIDATES,47358;TAX_FNCACT_CANDIDATES,98580;TAX_FNCACT_CANDIDATES,99439;TAX_FNCACT_CANDIDATES,99763;TAX_FNCACT_CANDIDATES,100430;TAX_FNCACT_CANDIDATES,100475;GENERAL_HEALTH,5927;GENERAL_HEALTH,9857;GENERAL_HEALTH,15121;GENERAL_HEALTH,15952;GENERAL_HEALTH,23373;GENERAL_HEALTH,23487;GENERAL_HEALTH,28512;GENERAL_HEALTH,28902;GENERAL_HEALTH,42189;GENERAL_HEALTH,56271;GENERAL_HEALTH,69382;GENERAL_HEALTH,71568;GENERAL_HEALTH,72005;GENERAL_HEALTH,72149;GENERAL_HEALTH,79294;GENERAL_HEALTH,89279;GENERAL_HEALTH,89459;GENERAL_HEALTH,89572;GENERAL_HEALTH,90976;GENERAL_HEALTH,95765;GENERAL_HEALTH,98801;GENERAL_HEALTH,103021;GENERAL_HEALTH,103146;GENERAL_HEALTH,104301;GENERAL_HEALTH,109390;GENERAL_HEALTH,112963;GENERAL_HEALTH,114186;GENERAL_HEALTH,115223;MEDICAL,5927;MEDICAL,9857;MEDICAL,15121;MEDICAL,15952;MEDICAL,23373;MEDICAL,23487;MEDICAL,28512;MEDICAL,28902;MEDICAL,42189;MEDICAL,56271;MEDICAL,69382;MEDICAL,71568;MEDICAL,72005;MEDICAL,72149;MEDICAL,79294;MEDICAL,89279;MEDICAL,89459;MEDICAL,89572;MEDICAL,90976;MEDICAL,95765;MEDICAL,98801;MEDICAL,103021;MEDICAL,103146;MEDICAL,104301;MEDICAL,109390;MEDICAL,112963;MEDICAL,114186;MEDICAL,115223;WB_919_GENDER_AND_HUMAN_DEVELOPMENT,13412;WB_919_GENDER_AND_HUMAN_DEVELOPMENT,21232;WB_919_GENDER_AND_HUMAN_DEVELOPMENT,22370;WB_919_GENDER_AND_HUMAN_DEVELOPMENT,28449;WB_919_GENDER_AND_HUMAN_DEVELOPMENT,28877;WB_919_GENDER_AND_HUMAN_DEVELOPMENT,34136;WB_919_GENDER_AND_HUMAN_DEVELOPMENT,34197;WB_919_GENDER_AND_HUMAN_DEVELOPMENT,34343;WB_919_GENDER_AND_HUMAN_DEVELOPMENT,56472;WB_919_GENDER_AND_HUMAN_DEVELOPMENT,62593;WB_919_GENDER_AND_HUMAN_DEVELOPMENT,63133;WB_919_GENDER_AND_HUMAN_DEVELOPMENT,65929;WB_919_GENDER_AND_HUMAN_DEVELOPMENT,67801;WB_919_GENDER_AND_HUMAN_DEVELOPMENT,68232;WB_919_GENDER_AND_HUMAN_DEVELOPMENT,69839;WB_919_GENDER_AND_HUMAN_DEVELOPMENT,71238;WB_919_GENDER_AND_HUMAN_DEVELOPMENT,72284;WB_919_GENDER_AND_HUMAN_DEVELOPMENT,73684;WB_919_GENDER_AND_HUMAN_DEVELOPMENT,104243;WB_919_GENDER_AND_HUMAN_DEVELOPMENT,104491;WB_919_GENDER_AND_HUMAN_DEVELOPMENT,104731;WB_919_GENDER_AND_HUMAN_DEVELOPMENT,111342;MANMADE_DISASTER_IMPLIED,566;MANMADE_DISASTER_IMPLIED,1556;MANMADE_DISASTER_IMPLIED,43436;MANMADE_DISASTER_IMPLIED,46057;TAX_AIDGROUPS_HUMAN_RIGHTS_WATCH,1180;TAX_AIDGROUPS_HUMAN_RIGHTS_WATCH,1474;TAX_AIDGROUPS_HUMAN_RIGHTS_WATCH,2974;TAX_AIDGROUPS_HUMAN_RIGHTS_WATCH,3033;TAX_AIDGROUPS_HUMAN_RIGHTS_WATCH,4624;TAX_AIDGROUPS_HUMAN_RIGHTS_WATCH,7768;TAX_AIDGROUPS_HUMAN_RIGHTS_WATCH,9558;TAX_AIDGROUPS_HUMAN_RIGHTS_WATCH,9756;TAX_AIDGROUPS_HUMAN_RIGHTS_WATCH,10874;TAX_AIDGROUPS_HUMAN_RIGHTS_WATCH,12080;TAX_AIDGROUPS_HUMAN_RIGHTS_WATCH,13157;TAX_AIDGROUPS_HUMAN_RIGHTS_WATCH,14664;TAX_AIDGROUPS_HUMAN_RIGHTS_WATCH,24360;TAX_AIDGROUPS_HUMAN_RIGHTS_WATCH,24752;TAX_AIDGROUPS_HUMAN_RIGHTS_WATCH,24831;TAX_AIDGROUPS_HUMAN_RIGHTS_WATCH,25481;TAX_AIDGROUPS_HUMAN_RIGHTS_WATCH,25703;TAX_AIDGROUPS_HUMAN_RIGHTS_WATCH,25770;TAX_AIDGROUPS_HUMAN_RIGHTS_WATCH,26093;TAX_AIDGROUPS_HUMAN_RIGHTS_WATCH,26305;TAX_AIDGROUPS_HUMAN_RIGHTS_WATCH,26846;TAX_AIDGROUPS_HUMAN_RIGHTS_WATCH,27658;TAX_AIDGROUPS_HUMAN_RIGHTS_WATCH,28071;TAX_AIDGROUPS_HUMAN_RIGHTS_WATCH,28367;TAX_AIDGROUPS_HUMAN_RIGHTS_WATCH,28799;TAX_AIDGROUPS_HUMAN_RIGHTS_WATCH,35279;TAX_AIDGROUPS_HUMAN_RIGHTS_WATCH,36003;TAX_AIDGROUPS_HUMAN_RIGHTS_WATCH,37331;TAX_AIDGROUPS_HUMAN_RIGHTS_WATCH,37925;TAX_AIDGROUPS_HUMAN_RIGHTS_WATCH,39929;TAX_AIDGROUPS_HUMAN_RIGHTS_WATCH,40478;TAX_AIDGROUPS_HUMAN_RIGHTS_WATCH,55985;TAX_AIDGROUPS_HUMAN_RIGHTS_WATCH,56413;TAX_AIDGROUPS_HUMAN_RIGHTS_WATCH,56735;TAX_AIDGROUPS_HUMAN_RIGHTS_WATCH,56883;TAX_AIDGROUPS_HUMAN_RIGHTS_WATCH,62319;TAX_AIDGROUPS_HUMAN_RIGHTS_WATCH,62630;TAX_AIDGROUPS_HUMAN_RIGHTS_WATCH,68157;TAX_AIDGROUPS_HUMAN_RIGHTS_WATCH,71275;TAX_AIDGROUPS_HUMAN_RIGHTS_WATCH,71884;TAX_AIDGROUPS_HUMAN_RIGHTS_WATCH,72514;TAX_AIDGROUPS_HUMAN_RIGHTS_WATCH,73646;TAX_AIDGROUPS_HUMAN_RIGHTS_WATCH,84628;TAX_AIDGROUPS_HUMAN_RIGHTS_WATCH,84723;TAX_AIDGROUPS_HUMAN_RIGHTS_WATCH,84952;TAX_AIDGROUPS_HUMAN_RIGHTS_WATCH,85752;TAX_AIDGROUPS_HUMAN_RIGHTS_WATCH,85853;TAX_AIDGROUPS_HUMAN_RIGHTS_WATCH,90701;TAX_AIDGROUPS_HUMAN_RIGHTS_WATCH,97460;TAX_AIDGROUPS_HUMAN_RIGHTS_WATCH,97581;TAX_AIDGROUPS_HUMAN_RIGHTS_WATCH,98602;TAX_AIDGROUPS_HUMAN_RIGHTS_WATCH,99969;TAX_AIDGROUPS_HUMAN_RIGHTS_WATCH,104414;TAX_AIDGROUPS_HUMAN_RIGHTS_WATCH,105105;TAX_AIDGROUPS_HUMAN_RIGHTS_WATCH,105594;TAX_AIDGROUPS_HUMAN_RIGHTS_WATCH,106590;TAX_AIDGROUPS_HUMAN_RIGHTS_WATCH,111267;TAX_AIDGROUPS_HUMAN_RIGHTS_WATCH,118401;TAX_AIDGROUPS_HUMAN_RIGHTS_WATCH,121320;TAX_AIDGROUPS_HUMAN_RIGHTS_WATCH,130465;TAX_AIDGROUPS_HUMAN_RIGHTS_WATCH,130512;SOC_POINTSOFINTEREST_UNIVERSITY,3397;SOC_POINTSOFINTEREST_UNIVERSITY,45235;SOC_POINTSOFINTEREST_UNIVERSITY,47123;SOC_POINTSOFINTEREST_UNIVERSITY,91958;SOC_POINTSOFINTEREST_UNIVERSITY,92069;SOC_POINTSOFINTEREST_UNIVERSITY,92135;SOC_POINTSOFINTEREST_UNIVERSITY,92582;SOC_POINTSOFINTEREST_UNIVERSITY,115956;UNGP_FORESTS_RIVERS_OCEANS,18994;UNGP_FORESTS_RIVERS_OCEANS,105303;UNGP_FORESTS_RIVERS_OCEANS,108211;AFFECT,1043;AFFECT,5649;AFFECT,44475;AFFECT,58734;AFFECT,59706;AFFECT,119463;TAX_FNCACT_NANNY,2071;TAX_FNCACT_NANNY,44161;TAX_FNCACT_WOMAN,2830;TAX_FNCACT_WOMAN,30116;TAX_FNCACT_WOMAN,44920;TAX_FNCACT_WOMAN,45384;TAX_FNCACT_WOMAN,49834;TAX_FNCACT_WOMAN,61610;TAX_FNCACT_WOMAN,65568;TAX_FNCACT_WOMAN,65767;TAX_FNCACT_WOMAN,66018;TAX_FNCACT_WOMAN,71043;TAX_FNCACT_WOMAN,86995;TAX_FNCACT_WOMAN,93809;TAX_FNCACT_WOMAN,94759;TAX_DISEASE_MENOPAUSE,10349;TAX_DISEASE_MENOPAUSE,10517;TAX_DISEASE_MENOPAUSE,10745;TAX_DISEASE_MENOPAUSE,20990;TAX_DISEASE_MENOPAUSE,22144;TAX_DISEASE_MENOPAUSE,22222;TAX_DISEASE_MENOPAUSE,22323;TAX_DISEASE_MENOPAUSE,115376;TAX_DISEASE_MENOPAUSE,115622;TAX_FNCACT_COOKS,8694;TAX_FNCACT_COOKS,10054;TAX_FNCACT_COOKS,88070;TAX_FNCACT_COOKS,88740;TAX_FNCACT_COOKS,91755;TAX_FNCACT_COOKS,94197;TAX_FNCACT_COOKS,111836;TAX_FNCACT_COOKS,113288;TAX_FNCACT_COOKS,113435;TAX_FNCACT_CAREGIVER,6644;TAX_FNCACT_CAREGIVER,18480;TAX_FNCACT_CAREGIVER,30866;TAX_FNCACT_CAREGIVER,53778;TAX_FNCACT_CAREGIVER,57913;TAX_FNCACT_CAREGIVER,79344;TAX_FNCACT_CAREGIVER,80030;TAX_FNCACT_CAREGIVER,94847;TAX_FNCACT_CAREGIVER,108109;TAX_FNCACT_CAREGIVER,108517;TAX_FNCACT_CAREGIVER,119677;TAX_FNCACT_CAREGIVER,119864;TAX_FNCACT_CAREGIVER,128670;WB_1921_PRIVATE_SECTOR_DEVELOPMENT,19081;WB_1921_PRIVATE_SECTOR_DEVELOPMENT,19156;WB_1921_PRIVATE_SECTOR_DEVELOPMENT,55319;WB_1921_PRIVATE_SECTOR_DEVELOPMENT,55499;WB_1921_PRIVATE_SECTOR_DEVELOPMENT,56595;WB_1921_PRIVATE_SECTOR_DEVELOPMENT,56964;WB_1921_PRIVATE_SECTOR_DEVELOPMENT,96483;EPU_CATS_REGULATION,9462;EPU_CATS_REGULATION,21975;EPU_CATS_REGULATION,80963;EPU_CATS_REGULATION,82054;EPU_CATS_REGULATION,82595;EPU_CATS_REGULATION,84208;EPU_CATS_REGULATION,101572;EPU_CATS_REGULATION,101714;EPU_CATS_REGULATION,109521;EPU_CATS_REGULATION,109866;UNGP_JOB_OPPORTUNITIES_EMPLOYMENT,9462;UNGP_JOB_OPPORTUNITIES_EMPLOYMENT,21975;UNGP_JOB_OPPORTUNITIES_EMPLOYMENT,80963;UNGP_JOB_OPPORTUNITIES_EMPLOYMENT,82054;UNGP_JOB_OPPORTUNITIES_EMPLOYMENT,82595;UNGP_JOB_OPPORTUNITIES_EMPLOYMENT,84208;UNGP_JOB_OPPORTUNITIES_EMPLOYMENT,101572;UNGP_JOB_OPPORTUNITIES_EMPLOYMENT,101714;UNGP_JOB_OPPORTUNITIES_EMPLOYMENT,109521;UNGP_JOB_OPPORTUNITIES_EMPLOYMENT,109866;HARASSMENT,247;HARASSMENT,5015;HARASSMENT,5293;HARASSMENT,5442;HARASSMENT,5544;HARASSMENT,21114;HARASSMENT,22942;HARASSMENT,34410;HARASSMENT,34608;HARASSMENT,62847;HARASSMENT,62885;HARASSMENT,62989;HARASSMENT,63159;HARASSMENT,63667;HARASSMENT,63727;HARASSMENT,63768;HARASSMENT,63904;HARASSMENT,64122;HARASSMENT,65142;HARASSMENT,65400;HARASSMENT,65879;HARASSMENT,66219;HARASSMENT,66280;HARASSMENT,66485;HARASSMENT,66669;HARASSMENT,66812;HARASSMENT,67275;HARASSMENT,67351;HARASSMENT,67874;HARASSMENT,68043;HARASSMENT,68111;HARASSMENT,68345;HARASSMENT,68420;HARASSMENT,68669;HARASSMENT,69554;HARASSMENT,69662;HARASSMENT,87957;HARASSMENT,89147;HARASSMENT,89377;HARASSMENT,112180;HARASSMENT,112639;HARASSMENT,115635;HARASSMENT,115799;HARASSMENT,116095;HARASSMENT,117555;UNGP_CRIME_VIOLENCE,247;UNGP_CRIME_VIOLENCE,5015;UNGP_CRIME_VIOLENCE,5293;UNGP_CRIME_VIOLENCE,5442;UNGP_CRIME_VIOLENCE,5544;UNGP_CRIME_VIOLENCE,21114;UNGP_CRIME_VIOLENCE,22942;UNGP_CRIME_VIOLENCE,34410;UNGP_CRIME_VIOLENCE,34608;UNGP_CRIME_VIOLENCE,62847;UNGP_CRIME_VIOLENCE,62885;UNGP_CRIME_VIOLENCE,62989;UNGP_CRIME_VIOLENCE,63159;UNGP_CRIME_VIOLENCE,63667;UNGP_CRIME_VIOLENCE,63727;UNGP_CRIME_VIOLENCE,63768;UNGP_CRIME_VIOLENCE,63904;UNGP_CRIME_VIOLENCE,64122;UNGP_CRIME_VIOLENCE,65142;UNGP_CRIME_VIOLENCE,65400;UNGP_CRIME_VIOLENCE,65879;UNGP_CRIME_VIOLENCE,66219;UNGP_CRIME_VIOLENCE,66280;UNGP_CRIME_VIOLENCE,66485;UNGP_CRIME_VIOLENCE,66669;UNGP_CRIME_VIOLENCE,66812;UNGP_CRIME_VIOLENCE,67275;UNGP_CRIME_VIOLENCE,67351;UNGP_CRIME_VIOLENCE,67874;UNGP_CRIME_VIOLENCE,68043;UNGP_CRIME_VIOLENCE,68111;UNGP_CRIME_VIOLENCE,68345;UNGP_CRIME_VIOLENCE,68420;UNGP_CRIME_VIOLENCE,68669;UNGP_CRIME_VIOLENCE,69554;UNGP_CRIME_VIOLENCE,69662;UNGP_CRIME_VIOLENCE,87957;UNGP_CRIME_VIOLENCE,89147;UNGP_CRIME_VIOLENCE,89377;UNGP_CRIME_VIOLENCE,112180;UNGP_CRIME_VIOLENCE,112639;UNGP_CRIME_VIOLENCE,115635;UNGP_CRIME_VIOLENCE,115799;UNGP_CRIME_VIOLENCE,116095;UNGP_CRIME_VIOLENCE,117555;LEGISLATION,950;LEGISLATION,24602;LEGISLATION,37096;LEGISLATION,123688;USPEC_POLITICS_GENERAL1,950;USPEC_POLITICS_GENERAL1,24602;USPEC_POLITICS_GENERAL1,37096;USPEC_POLITICS_GENERAL1,123688;USPEC_POLICY1,950;USPEC_POLICY1,24602;USPEC_POLICY1,37096;USPEC_POLICY1,123688;EPU_POLICY_LEGISLATION,950;EPU_POLICY_LEGISLATION,24602;EPU_POLICY_LEGISLATION,37096;EPU_POLICY_LEGISLATION,123688;WB_2670_JOBS,159;WB_2670_JOBS,12158;WB_2670_JOBS,89690;WB_2670_JOBS,120401;WB_696_PUBLIC_SECTOR_MANAGEMENT,159;WB_696_PUBLIC_SECTOR_MANAGEMENT,12158;WB_696_PUBLIC_SECTOR_MANAGEMENT,89690;WB_696_PUBLIC_SECTOR_MANAGEMENT,120401;WB_2048_COMPENSATION_CAREERS_AND_INCENTIVES,159;WB_2048_COMPENSATION_CAREERS_AND_INCENTIVES,12158;WB_2048_COMPENSATION_CAREERS_AND_INCENTIVES,89690;WB_2048_COMPENSATION_CAREERS_AND_INCENTIVES,120401;WB_723_PUBLIC_ADMINISTRATION,159;WB_723_PUBLIC_ADMINISTRATION,12158;WB_723_PUBLIC_ADMINISTRATION,89690;WB_723_PUBLIC_ADMINISTRATION,120401;WB_724_HUMAN_RESOURCES_FOR_PUBLIC_SECTOR,159;WB_724_HUMAN_RESOURCES_FOR_PUBLIC_SECTOR,12158;WB_724_HUMAN_RESOURCES_FOR_PUBLIC_SECTOR,89690;WB_724_HUMAN_RESOURCES_FOR_PUBLIC_SECTOR,120401;WB_1634_OLD_AGE_PENSION,6248;WB_1634_OLD_AGE_PENSION,7031;WB_1634_OLD_AGE_PENSION,7492;WB_1634_OLD_AGE_PENSION,24045;WB_1634_OLD_AGE_PENSION,41787;WB_1634_OLD_AGE_PENSION,42016;WB_1634_OLD_AGE_PENSION,75375;WB_1634_OLD_AGE_PENSION,75487;WB_1634_OLD_AGE_PENSION,79139;WB_1634_OLD_AGE_PENSION,80229;WB_1634_OLD_AGE_PENSION,80447;WB_1634_OLD_AGE_PENSION,80794;WB_1634_OLD_AGE_PENSION,81266;WB_1634_OLD_AGE_PENSION,82324;WB_1634_OLD_AGE_PENSION,83242;WB_1634_OLD_AGE_PENSION,83616;WB_1634_OLD_AGE_PENSION,83649;WB_1634_OLD_AGE_PENSION,84365;WB_1466_SOCIAL_ASSISTANCE,6248;WB_1466_SOCIAL_ASSISTANCE,7031;WB_1466_SOCIAL_ASSISTANCE,7492;WB_1466_SOCIAL_ASSISTANCE,24045;WB_1466_SOCIAL_ASSISTANCE,41787;WB_1466_SOCIAL_ASSISTANCE,42016;WB_1466_SOCIAL_ASSISTANCE,75375;WB_1466_SOCIAL_ASSISTANCE,75487;WB_1466_SOCIAL_ASSISTANCE,79139;WB_1466_SOCIAL_ASSISTANCE,80229;WB_1466_SOCIAL_ASSISTANCE,80447;WB_1466_SOCIAL_ASSISTANCE,80794;WB_1466_SOCIAL_ASSISTANCE,81266;WB_1466_SOCIAL_ASSISTANCE,82324;WB_1466_SOCIAL_ASSISTANCE,83242;WB_1466_SOCIAL_ASSISTANCE,83616;WB_1466_SOCIAL_ASSISTANCE,83649;WB_1466_SOCIAL_ASSISTANCE,84365;WB_1633_TARGETED_SOCIAL_PENSIONS,6248;WB_1633_TARGETED_SOCIAL_PENSIONS,7031;WB_1633_TARGETED_SOCIAL_PENSIONS,7492;WB_1633_TARGETED_SOCIAL_PENSIONS,24045;WB_1633_TARGETED_SOCIAL_PENSIONS,41787;WB_1633_TARGETED_SOCIAL_PENSIONS,42016;WB_1633_TARGETED_SOCIAL_PENSIONS,75375;WB_1633_TARGETED_SOCIAL_PENSIONS,75487;WB_1633_TARGETED_SOCIAL_PENSIONS,79139;WB_1633_TARGETED_SOCIAL_PENSIONS,80229;WB_1633_TARGETED_SOCIAL_PENSIONS,80447;WB_1633_TARGETED_SOCIAL_PENSIONS,80794;WB_1633_TARGETED_SOCIAL_PENSIONS,81266;WB_1633_TARGETED_SOCIAL_PENSIONS,82324;WB_1633_TARGETED_SOCIAL_PENSIONS,83242;WB_1633_TARGETED_SOCIAL_PENSIONS,83616;WB_1633_TARGETED_SOCIAL_PENSIONS,83649;WB_1633_TARGETED_SOCIAL_PENSIONS,84365;WB_1624_SOCIAL_PENSIONS,6248;WB_1624_SOCIAL_PENSIONS,7031;WB_1624_SOCIAL_PENSIONS,7492;WB_1624_SOCIAL_PENSIONS,24045;WB_1624_SOCIAL_PENSIONS,41787;WB_1624_SOCIAL_PENSIONS,42016;WB_1624_SOCIAL_PENSIONS,75375;WB_1624_SOCIAL_PENSIONS,75487;WB_1624_SOCIAL_PENSIONS,79139;WB_1624_SOCIAL_PENSIONS,80229;WB_1624_SOCIAL_PENSIONS,80447;WB_1624_SOCIAL_PENSIONS,80794;WB_1624_SOCIAL_PENSIONS,81266;WB_1624_SOCIAL_PENSIONS,82324;WB_1624_SOCIAL_PENSIONS,83242;WB_1624_SOCIAL_PENSIONS,83616;WB_1624_SOCIAL_PENSIONS,83649;WB_1624_SOCIAL_PENSIONS,84365;WB_751_SOCIAL_INSURANCE,10165;WB_751_SOCIAL_INSURANCE,20888;WB_751_SOCIAL_INSURANCE,114234;WB_751_SOCIAL_INSURANCE,114740;WB_751_SOCIAL_INSURANCE,115346;WB_1668_LABOR_STANDARDS,887;WB_1668_LABOR_STANDARDS,25851;WB_1668_LABOR_STANDARDS,42724;EPU_CATS_ENTITLEMENT_PROGRAMS,9371;EPU_CATS_ENTITLEMENT_PROGRAMS,23449;EPU_CATS_ENTITLEMENT_PROGRAMS,32566;EPU_CATS_ENTITLEMENT_PROGRAMS,90953;EPU_CATS_ENTITLEMENT_PROGRAMS,98046;EPU_CATS_ENTITLEMENT_PROGRAMS,108616;EPU_CATS_ENTITLEMENT_PROGRAMS,121955;EPU_CATS_ENTITLEMENT_PROGRAMS,126925;EPU_CATS_ENTITLEMENT_PROGRAMS,126973;EPU_CATS_ENTITLEMENT_PROGRAMS,127028;EPU_CATS_ENTITLEMENT_PROGRAMS,127205;EPU_CATS_ENTITLEMENT_PROGRAMS,127254;EPU_CATS_ENTITLEMENT_PROGRAMS,128113;TAX_FNCACT_STREET_VENDOR,2876;TAX_FNCACT_STREET_VENDOR,44967;SOC_POINTSOFINTEREST_HEADQUARTERS,4123;SOC_POINTSOFINTEREST_HEADQUARTERS,14000;SOC_POINTSOFINTEREST_HEADQUARTERS,52659;SOC_POINTSOFINTEREST_HEADQUARTERS,55961;CRISISLEX_CRISISLEXREC,17411;CRISISLEX_CRISISLEXREC,24056;CRISISLEX_CRISISLEXREC,41057;CRISISLEX_CRISISLEXREC,77448;CRISISLEX_CRISISLEXREC,83133;CRISISLEX_CRISISLEXREC,83384;CRISISLEX_CRISISLEXREC,83703;CRISISLEX_CRISISLEXREC,127134;SOC_POINTSOFINTEREST_SCHOOL,1859;SOC_POINTSOFINTEREST_SCHOOL,8688;SOC_POINTSOFINTEREST_SCHOOL,10048;SOC_POINTSOFINTEREST_SCHOOL,40883;SOC_POINTSOFINTEREST_SCHOOL,43968;SOC_POINTSOFINTEREST_SCHOOL,48992;SOC_POINTSOFINTEREST_SCHOOL,49411;SOC_POINTSOFINTEREST_SCHOOL,49441;SOC_POINTSOFINTEREST_SCHOOL,52590;SOC_POINTSOFINTEREST_SCHOOL,81182;SOC_POINTSOFINTEREST_SCHOOL,87971;SOC_POINTSOFINTEREST_SCHOOL,88013;SOC_POINTSOFINTEREST_SCHOOL,88734;SOC_POINTSOFINTEREST_SCHOOL,92680;SOC_POINTSOFINTEREST_SCHOOL,111781;SOC_POINTSOFINTEREST_SCHOOL,111830;SOC_POINTSOFINTEREST_SCHOOL,113001;SOC_POINTSOFINTEREST_SCHOOL,113125;SOC_POINTSOFINTEREST_SCHOOL,113282;SOC_POINTSOFINTEREST_SCHOOL,113502;SOC_POINTSOFINTEREST_SCHOOL,119524;UNGP_GENDER_EQUALITY,227;UNGP_GENDER_EQUALITY,58705;UNGP_GENDER_EQUALITY,60883;UNGP_GENDER_EQUALITY,72856;UNSAFE_WORK_ENVIRONMENT,9239;UNSAFE_WORK_ENVIRONMENT,13022;UNSAFE_WORK_ENVIRONMENT,20083;UNSAFE_WORK_ENVIRONMENT,20819;UNSAFE_WORK_ENVIRONMENT,34559;UNSAFE_WORK_ENVIRONMENT,48337;UNSAFE_WORK_ENVIRONMENT,106436;UNSAFE_WORK_ENVIRONMENT,111705;UNSAFE_WORK_ENVIRONMENT,112003;UNSAFE_WORK_ENVIRONMENT,120990;UNSAFE_WORK_ENVIRONMENT,122507;WB_2769_JOBS_STRATEGIES,9239;WB_2769_JOBS_STRATEGIES,13022;WB_2769_JOBS_STRATEGIES,20083;WB_2769_JOBS_STRATEGIES,20819;WB_2769_JOBS_STRATEGIES,34559;WB_2769_JOBS_STRATEGIES,48337;WB_2769_JOBS_STRATEGIES,106436;WB_2769_JOBS_STRATEGIES,111705;WB_2769_JOBS_STRATEGIES,112003;WB_2769_JOBS_STRATEGIES,120990;WB_2769_JOBS_STRATEGIES,122507;WB_2788_LABOR_MARKET_INSTITUTIONS_AND_POLICIES,9239;WB_2788_LABOR_MARKET_INSTITUTIONS_AND_POLICIES,13022;WB_2788_LABOR_MARKET_INSTITUTIONS_AND_POLICIES,20083;WB_2788_LABOR_MARKET_INSTITUTIONS_AND_POLICIES,20819;WB_2788_LABOR_MARKET_INSTITUTIONS_AND_POLICIES,34559;WB_2788_LABOR_MARKET_INSTITUTIONS_AND_POLICIES,48337;WB_2788_LABOR_MARKET_INSTITUTIONS_AND_POLICIES,106436;WB_2788_LABOR_MARKET_INSTITUTIONS_AND_POLICIES,111705;WB_2788_LABOR_MARKET_INSTITUTIONS_AND_POLICIES,112003;WB_2788_LABOR_MARKET_INSTITUTIONS_AND_POLICIES,120990;WB_2788_LABOR_MARKET_INSTITUTIONS_AND_POLICIES,122507;WB_2802_WORKING_CONDITIONS,9239;WB_2802_WORKING_CONDITIONS,13022;WB_2802_WORKING_CONDITIONS,20083;WB_2802_WORKING_CONDITIONS,20819;WB_2802_WORKING_CONDITIONS,34559;WB_2802_WORKING_CONDITIONS,48337;WB_2802_WORKING_CONDITIONS,106436;WB_2802_WORKING_CONDITIONS,111705;WB_2802_WORKING_CONDITIONS,112003;WB_2802_WORKING_CONDITIONS,120990;WB_2802_WORKING_CONDITIONS,122507;EPU_ECONOMY,1792;EPU_ECONOMY,13554;EPU_ECONOMY,20764;EPU_ECONOMY,31045;EPU_ECONOMY,31541;EPU_ECONOMY,31817;EPU_ECONOMY,54248;EPU_ECONOMY,54967;EPU_ECONOMY,55124;EPU_ECONOMY,122098;EPU_ECONOMY,122738;EPU_ECONOMY,129571;EPU_ECONOMY_HISTORIC,1792;EPU_ECONOMY_HISTORIC,13554;EPU_ECONOMY_HISTORIC,20764;EPU_ECONOMY_HISTORIC,31045;EPU_ECONOMY_HISTORIC,31541;EPU_ECONOMY_HISTORIC,31817;EPU_ECONOMY_HISTORIC,54248;EPU_ECONOMY_HISTORIC,54967;EPU_ECONOMY_HISTORIC,55124;EPU_ECONOMY_HISTORIC,122098;EPU_ECONOMY_HISTORIC,122738;EPU_ECONOMY_HISTORIC,129571;DISCRIMINATION,677;DISCRIMINATION,1303;DISCRIMINATION,1542;DISCRIMINATION,1678;DISCRIMINATION,3075;DISCRIMINATION,7886;DISCRIMINATION,12031;DISCRIMINATION,14245;DISCRIMINATION,16500;DISCRIMINATION,17246;DISCRIMINATION,17306;DISCRIMINATION,19477;DISCRIMINATION,19589;DISCRIMINATION,19855;DISCRIMINATION,19968;DISCRIMINATION,20418;DISCRIMINATION,20532;DISCRIMINATION,20592;DISCRIMINATION,20740;DISCRIMINATION,24633;DISCRIMINATION,24934;DISCRIMINATION,25021;DISCRIMINATION,28245;DISCRIMINATION,28345;DISCRIMINATION,33862;DISCRIMINATION,34654;DISCRIMINATION,34728;DISCRIMINATION,35411;DISCRIMINATION,35564;DISCRIMINATION,35626;DISCRIMINATION,36116;DISCRIMINATION,36265;DISCRIMINATION,37450;DISCRIMINATION,37525;DISCRIMINATION,37788;DISCRIMINATION,38444;DISCRIMINATION,39846;DISCRIMINATION,43192;DISCRIMINATION,43290;DISCRIMINATION,46037;DISCRIMINATION,52024;DISCRIMINATION,58517;DISCRIMINATION,62436;DISCRIMINATION,71448;DISCRIMINATION,85102;DISCRIMINATION,85172;DISCRIMINATION,85298;DISCRIMINATION,85516;DISCRIMINATION,89174;DISCRIMINATION,89364;DISCRIMINATION,89507;DISCRIMINATION,96323;DISCRIMINATION,96559;DISCRIMINATION,102881;DISCRIMINATION,122573;DISCRIMINATION,123154;DISCRIMINATION,123532;DISCRIMINATION,123757;DISCRIMINATION,124006;DISCRIMINATION,124054;DISCRIMINATION,124072;DISCRIMINATION,124229;DISCRIMINATION,124259;DISCRIMINATION,124546;DISCRIMINATION,125260;DISCRIMINATION,125277;DISCRIMINATION,125337;DISCRIMINATION,125557;DISCRIMINATION,125691;DISCRIMINATION,125985;DISCRIMINATION,126224;DISCRIMINATION,126303;UNGP_FREEDOM_FROM_DISCRIMINATION,677;UNGP_FREEDOM_FROM_DISCRIMINATION,1303;UNGP_FREEDOM_FROM_DISCRIMINATION,1542;UNGP_FREEDOM_FROM_DISCRIMINATION,1678;UNGP_FREEDOM_FROM_DISCRIMINATION,3075;UNGP_FREEDOM_FROM_DISCRIMINATION,7886;UNGP_FREEDOM_FROM_DISCRIMINATION,12031;UNGP_FREEDOM_FROM_DISCRIMINATION,14245;UNGP_FREEDOM_FROM_DISCRIMINATION,16500;UNGP_FREEDOM_FROM_DISCRIMINATION,17246;UNGP_FREEDOM_FROM_DISCRIMINATION,17306;UNGP_FREEDOM_FROM_DISCRIMINATION,19477;UNGP_FREEDOM_FROM_DISCRIMINATION,19589;UNGP_FREEDOM_FROM_DISCRIMINATION,19855;UNGP_FREEDOM_FROM_DISCRIMINATION,19968;UNGP_FREEDOM_FROM_DISCRIMINATION,20418;UNGP_FREEDOM_FROM_DISCRIMINATION,20532;UNGP_FREEDOM_FROM_DISCRIMINATION,20592;UNGP_FREEDOM_FROM_DISCRIMINATION,20740;UNGP_FREEDOM_FROM_DISCRIMINATION,24633;UNGP_FREEDOM_FROM_DISCRIMINATION,24934;UNGP_FREEDOM_FROM_DISCRIMINATION,25021;UNGP_FREEDOM_FROM_DISCRIMINATION,28245;UNGP_FREEDOM_FROM_DISCRIMINATION,28345;UNGP_FREEDOM_FROM_DISCRIMINATION,33862;UNGP_FREEDOM_FROM_DISCRIMINATION,34654;UNGP_FREEDOM_FROM_DISCRIMINATION,34728;UNGP_FREEDOM_FROM_DISCRIMINATION,35411;UNGP_FREEDOM_FROM_DISCRIMINATION,35564;UNGP_FREEDOM_FROM_DISCRIMINATION,35626;UNGP_FREEDOM_FROM_DISCRIMINATION,36116;UNGP_FREEDOM_FROM_DISCRIMINATION,36265;UNGP_FREEDOM_FROM_DISCRIMINATION,37450;UNGP_FREEDOM_FROM_DISCRIMINATION,37525;UNGP_FREEDOM_FROM_DISCRIMINATION,37788;UNGP_FREEDOM_FROM_DISCRIMINATION,38444;UNGP_FREEDOM_FROM_DISCRIMINATION,39846;UNGP_FREEDOM_FROM_DISCRIMINATION,43192;UNGP_FREEDOM_FROM_DISCRIMINATION,43290;UNGP_FREEDOM_FROM_DISCRIMINATION,46037;UNGP_FREEDOM_FROM_DISCRIMINATION,52024;UNGP_FREEDOM_FROM_DISCRIMINATION,58517;UNGP_FREEDOM_FROM_DISCRIMINATION,62436;UNGP_FREEDOM_FROM_DISCRIMINATION,71448;UNGP_FREEDOM_FROM_DISCRIMINATION,85102;UNGP_FREEDOM_FROM_DISCRIMINATION,85172;UNGP_FREEDOM_FROM_DISCRIMINATION,85298;UNGP_FREEDOM_FROM_DISCRIMINATION,85516;UNGP_FREEDOM_FROM_DISCRIMINATION,89174;UNGP_FREEDOM_FROM_DISCRIMINATION,89364;UNGP_FREEDOM_FROM_DISCRIMINATION,89507;UNGP_FREEDOM_FROM_DISCRIMINATION,96323;UNGP_FREEDOM_FROM_DISCRIMINATION,96559;UNGP_FREEDOM_FROM_DISCRIMINATION,102881;UNGP_FREEDOM_FROM_DISCRIMINATION,122573;UNGP_FREEDOM_FROM_DISCRIMINATION,123154;UNGP_FREEDOM_FROM_DISCRIMINATION,123532;UNGP_FREEDOM_FROM_DISCRIMINATION,123757;UNGP_FREEDOM_FROM_DISCRIMINATION,124006;UNGP_FREEDOM_FROM_DISCRIMINATION,124054;UNGP_FREEDOM_FROM_DISCRIMINATION,124072;UNGP_FREEDOM_FROM_DISCRIMINATION,124229;UNGP_FREEDOM_FROM_DISCRIMINATION,124259;UNGP_FREEDOM_FROM_DISCRIMINATION,124546;UNGP_FREEDOM_FROM_DISCRIMINATION,125260;UNGP_FREEDOM_FROM_DISCRIMINATION,125277;UNGP_FREEDOM_FROM_DISCRIMINATION,125337;UNGP_FREEDOM_FROM_DISCRIMINATION,125557;UNGP_FREEDOM_FROM_DISCRIMINATION,125691;UNGP_FREEDOM_FROM_DISCRIMINATION,125985;UNGP_FREEDOM_FROM_DISCRIMINATION,126224;UNGP_FREEDOM_FROM_DISCRIMINATION,126303;TAX_FNCACT_CHILDREN,2575;TAX_FNCACT_CHILDREN,3293;TAX_FNCACT_CHILDREN,6931;TAX_FNCACT_CHILDREN,12194;TAX_FNCACT_CHILDREN,30741;TAX_FNCACT_CHILDREN,44598;TAX_FNCACT_CHILDREN,48813;TAX_FNCACT_CHILDREN,49086;TAX_FNCACT_CHILDREN,49522;TAX_FNCACT_CHILDREN,49667;TAX_FNCACT_CHILDREN,49905;TAX_FNCACT_CHILDREN,53791;TAX_FNCACT_CHILDREN,54646;TAX_FNCACT_CHILDREN,59822;TAX_FNCACT_CHILDREN,79246;TAX_FNCACT_CHILDREN,79380;TAX_FNCACT_CHILDREN,79981;TAX_FNCACT_CHILDREN,81158;TAX_FNCACT_CHILDREN,92279;TAX_FNCACT_CHILDREN,92774;TAX_FNCACT_CHILDREN,120061;TAX_FNCACT_CHILDREN,128033;CONSTITUTIONAL,17556;TAX_ETHNICITY_KOREAN,294;TAX_ETHNICITY_KOREAN,785;TAX_ETHNICITY_KOREAN,3196;TAX_ETHNICITY_KOREAN,8060;TAX_ETHNICITY_KOREAN,24388;TAX_ETHNICITY_KOREAN,25128;TAX_ETHNICITY_KOREAN,25411;TAX_ETHNICITY_KOREAN,25790;TAX_ETHNICITY_KOREAN,26170;TAX_ETHNICITY_KOREAN,26193;TAX_ETHNICITY_KOREAN,26283;TAX_ETHNICITY_KOREAN,26642;TAX_ETHNICITY_KOREAN,29079;TAX_ETHNICITY_KOREAN,29979;TAX_ETHNICITY_KOREAN,30602;TAX_ETHNICITY_KOREAN,30941;TAX_ETHNICITY_KOREAN,33607;TAX_ETHNICITY_KOREAN,35844;TAX_ETHNICITY_KOREAN,40380;TAX_ETHNICITY_KOREAN,45404;TAX_ETHNICITY_KOREAN,48152;TAX_ETHNICITY_KOREAN,63082;TAX_ETHNICITY_KOREAN,63611;TAX_ETHNICITY_KOREAN,64157;TAX_ETHNICITY_KOREAN,67985;TAX_ETHNICITY_KOREAN,71663;TAX_ETHNICITY_KOREAN,73293;TAX_ETHNICITY_KOREAN,86198;TAX_ETHNICITY_KOREAN,89710;TAX_ETHNICITY_KOREAN,90377;TAX_ETHNICITY_KOREAN,91291;TAX_ETHNICITY_KOREAN,96690;TAX_ETHNICITY_KOREAN,108159;TAX_ETHNICITY_KOREAN,115109;TAX_WORLDLANGUAGES_KOREAN,294;TAX_WORLDLANGUAGES_KOREAN,785;TAX_WORLDLANGUAGES_KOREAN,3196;TAX_WORLDLANGUAGES_KOREAN,8060;TAX_WORLDLANGUAGES_KOREAN,24388;TAX_WORLDLANGUAGES_KOREAN,25128;TAX_WORLDLANGUAGES_KOREAN,25411;TAX_WORLDLANGUAGES_KOREAN,25790;TAX_WORLDLANGUAGES_KOREAN,26170;TAX_WORLDLANGUAGES_KOREAN,26193;TAX_WORLDLANGUAGES_KOREAN,26283;TAX_WORLDLANGUAGES_KOREAN,26642;TAX_WORLDLANGUAGES_KOREAN,29079;TAX_WORLDLANGUAGES_KOREAN,29979;TAX_WORLDLANGUAGES_KOREAN,30602;TAX_WORLDLANGUAGES_KOREAN,30941;TAX_WORLDLANGUAGES_KOREAN,33607;TAX_WORLDLANGUAGES_KOREAN,35844;TAX_WORLDLANGUAGES_KOREAN,40380;TAX_WORLDLANGUAGES_KOREAN,45404;TAX_WORLDLANGUAGES_KOREAN,48152;TAX_WORLDLANGUAGES_KOREAN,63082;TAX_WORLDLANGUAGES_KOREAN,63611;TAX_WORLDLANGUAGES_KOREAN,64157;TAX_WORLDLANGUAGES_KOREAN,67985;TAX_WORLDLANGUAGES_KOREAN,71663;TAX_WORLDLANGUAGES_KOREAN,73293;TAX_WORLDLANGUAGES_KOREAN,86198;TAX_WORLDLANGUAGES_KOREAN,89710;TAX_WORLDLANGUAGES_KOREAN,90377;TAX_WORLDLANGUAGES_KOREAN,91291;TAX_WORLDLANGUAGES_KOREAN,96690;TAX_WORLDLANGUAGES_KOREAN,108159;TAX_WORLDLANGUAGES_KOREAN,115109;WB_2690_CATEGORIES_OF_EMPLOYMENT,447;WB_2690_CATEGORIES_OF_EMPLOYMENT,10780;WB_2690_CATEGORIES_OF_EMPLOYMENT,11025;WB_2690_CATEGORIES_OF_EMPLOYMENT,11531;WB_2690_CATEGORIES_OF_EMPLOYMENT,11851;WB_2690_CATEGORIES_OF_EMPLOYMENT,11937;WB_2690_CATEGORIES_OF_EMPLOYMENT,12798;WB_2690_CATEGORIES_OF_EMPLOYMENT,12926;WB_2690_CATEGORIES_OF_EMPLOYMENT,17099;WB_2690_CATEGORIES_OF_EMPLOYMENT,19766;WB_2690_CATEGORIES_OF_EMPLOYMENT,36214;WB_2690_CATEGORIES_OF_EMPLOYMENT,36357;WB_2690_CATEGORIES_OF_EMPLOYMENT,36526;WB_2690_CATEGORIES_OF_EMPLOYMENT,36557;WB_2690_CATEGORIES_OF_EMPLOYMENT,36785;WB_2690_CATEGORIES_OF_EMPLOYMENT,37362;WB_2690_CATEGORIES_OF_EMPLOYMENT,37989;WB_2690_CATEGORIES_OF_EMPLOYMENT,38364;WB_2690_CATEGORIES_OF_EMPLOYMENT,39046;WB_2690_CATEGORIES_OF_EMPLOYMENT,39288;WB_2690_CATEGORIES_OF_EMPLOYMENT,39374;WB_2690_CATEGORIES_OF_EMPLOYMENT,42806;WB_2690_CATEGORIES_OF_EMPLOYMENT,42897;WB_2690_CATEGORIES_OF_EMPLOYMENT,73427;WB_2690_CATEGORIES_OF_EMPLOYMENT,104970;WB_2690_CATEGORIES_OF_EMPLOYMENT,118080;WB_2690_CATEGORIES_OF_EMPLOYMENT,118329;WB_2690_CATEGORIES_OF_EMPLOYMENT,118491;WB_2690_CATEGORIES_OF_EMPLOYMENT,118554;WB_2690_CATEGORIES_OF_EMPLOYMENT,118730;WB_2690_CATEGORIES_OF_EMPLOYMENT,119452;WB_2690_CATEGORIES_OF_EMPLOYMENT,119558;WB_2690_CATEGORIES_OF_EMPLOYMENT,119752;WB_2690_CATEGORIES_OF_EMPLOYMENT,119896;WB_2690_CATEGORIES_OF_EMPLOYMENT,119974;WB_2690_CATEGORIES_OF_EMPLOYMENT,120022;WB_2690_CATEGORIES_OF_EMPLOYMENT,120171;WB_2690_CATEGORIES_OF_EMPLOYMENT,120304;WB_2690_CATEGORIES_OF_EMPLOYMENT,120725;WB_2690_CATEGORIES_OF_EMPLOYMENT,120826;WB_2690_CATEGORIES_OF_EMPLOYMENT,121128;WB_2690_CATEGORIES_OF_EMPLOYMENT,121463;WB_2690_CATEGORIES_OF_EMPLOYMENT,121672;WB_2690_CATEGORIES_OF_EMPLOYMENT,126065;WB_2689_JOBS_DIAGNOSTICS,447;WB_2689_JOBS_DIAGNOSTICS,10780;WB_2689_JOBS_DIAGNOSTICS,11025;WB_2689_JOBS_DIAGNOSTICS,11531;WB_2689_JOBS_DIAGNOSTICS,11851;WB_2689_JOBS_DIAGNOSTICS,11937;WB_2689_JOBS_DIAGNOSTICS,12798;WB_2689_JOBS_DIAGNOSTICS,12926;WB_2689_JOBS_DIAGNOSTICS,17099;WB_2689_JOBS_DIAGNOSTICS,19766;WB_2689_JOBS_DIAGNOSTICS,36214;WB_2689_JOBS_DIAGNOSTICS,36357;WB_2689_JOBS_DIAGNOSTICS,36526;WB_2689_JOBS_DIAGNOSTICS,36557;WB_2689_JOBS_DIAGNOSTICS,36785;WB_2689_JOBS_DIAGNOSTICS,37362;WB_2689_JOBS_DIAGNOSTICS,37989;WB_2689_JOBS_DIAGNOSTICS,38364;WB_2689_JOBS_DIAGNOSTICS,39046;WB_2689_JOBS_DIAGNOSTICS,39288;WB_2689_JOBS_DIAGNOSTICS,39374;WB_2689_JOBS_DIAGNOSTICS,42806;WB_2689_JOBS_DIAGNOSTICS,42897;WB_2689_JOBS_DIAGNOSTICS,73427;WB_2689_JOBS_DIAGNOSTICS,104970;WB_2689_JOBS_DIAGNOSTICS,118080;WB_2689_JOBS_DIAGNOSTICS,118329;WB_2689_JOBS_DIAGNOSTICS,118491;WB_2689_JOBS_DIAGNOSTICS,118554;WB_2689_JOBS_DIAGNOSTICS,118730;WB_2689_JOBS_DIAGNOSTICS,119452;WB_2689_JOBS_DIAGNOSTICS,119558;WB_2689_JOBS_DIAGNOSTICS,119752;WB_2689_JOBS_DIAGNOSTICS,119896;WB_2689_JOBS_DIAGNOSTICS,119974;WB_2689_JOBS_DIAGNOSTICS,120022;WB_2689_JOBS_DIAGNOSTICS,120171;WB_2689_JOBS_DIAGNOSTICS,120304;WB_2689_JOBS_DIAGNOSTICS,120725;WB_2689_JOBS_DIAGNOSTICS,120826;WB_2689_JOBS_DIAGNOSTICS,121128;WB_2689_JOBS_DIAGNOSTICS,121463;WB_2689_JOBS_DIAGNOSTICS,121672;WB_2689_JOBS_DIAGNOSTICS,126065;WB_2896_RETIREMENT,447;WB_2896_RETIREMENT,10780;WB_2896_RETIREMENT,11025;WB_2896_RETIREMENT,11531;WB_2896_RETIREMENT,11851;WB_2896_RETIREMENT,11937;WB_2896_RETIREMENT,12798;WB_2896_RETIREMENT,12926;WB_2896_RETIREMENT,17099;WB_2896_RETIREMENT,19766;WB_2896_RETIREMENT,36214;WB_2896_RETIREMENT,36357;WB_2896_RETIREMENT,36526;WB_2896_RETIREMENT,36557;WB_2896_RETIREMENT,36785;WB_2896_RETIREMENT,37362;WB_2896_RETIREMENT,37989;WB_2896_RETIREMENT,38364;WB_2896_RETIREMENT,39046;WB_2896_RETIREMENT,39288;WB_2896_RETIREMENT,39374;WB_2896_RETIREMENT,42806;WB_2896_RETIREMENT,42897;WB_2896_RETIREMENT,73427;WB_2896_RETIREMENT,104970;WB_2896_RETIREMENT,118080;WB_2896_RETIREMENT,118329;WB_2896_RETIREMENT,118491;WB_2896_RETIREMENT,118554;WB_2896_RETIREMENT,118730;WB_2896_RETIREMENT,119452;WB_2896_RETIREMENT,119558;WB_2896_RETIREMENT,119752;WB_2896_RETIREMENT,119896;WB_2896_RETIREMENT,119974;WB_2896_RETIREMENT,120022;WB_2896_RETIREMENT,120171;WB_2896_RETIREMENT,120304;WB_2896_RETIREMENT,120725;WB_2896_RETIREMENT,120826;WB_2896_RETIREMENT,121128;WB_2896_RETIREMENT,121463;WB_2896_RETIREMENT,121672;WB_2896_RETIREMENT,126065;TAX_WORLDMAMMALS_HUMAN,1167;TAX_WORLDMAMMALS_HUMAN,1461;TAX_WORLDMAMMALS_HUMAN,2961;TAX_WORLDMAMMALS_HUMAN,3020;TAX_WORLDMAMMALS_HUMAN,4611;TAX_WORLDMAMMALS_HUMAN,7755;TAX_WORLDMAMMALS_HUMAN,9545;TAX_WORLDMAMMALS_HUMAN,9743;TAX_WORLDMAMMALS_HUMAN,10861;TAX_WORLDMAMMALS_HUMAN,12067;TAX_WORLDMAMMALS_HUMAN,13144;TAX_WORLDMAMMALS_HUMAN,14651;TAX_WORLDMAMMALS_HUMAN,24347;TAX_WORLDMAMMALS_HUMAN,24578;TAX_WORLDMAMMALS_HUMAN,24739;TAX_WORLDMAMMALS_HUMAN,24818;TAX_WORLDMAMMALS_HUMAN,25468;TAX_WORLDMAMMALS_HUMAN,25690;TAX_WORLDMAMMALS_HUMAN,25757;TAX_WORLDMAMMALS_HUMAN,25822;TAX_WORLDMAMMALS_HUMAN,26080;TAX_WORLDMAMMALS_HUMAN,26292;TAX_WORLDMAMMALS_HUMAN,26833;TAX_WORLDMAMMALS_HUMAN,27645;TAX_WORLDMAMMALS_HUMAN,28058;TAX_WORLDMAMMALS_HUMAN,28354;TAX_WORLDMAMMALS_HUMAN,28786;TAX_WORLDMAMMALS_HUMAN,35002;TAX_WORLDMAMMALS_HUMAN,35064;TAX_WORLDMAMMALS_HUMAN,35159;TAX_WORLDMAMMALS_HUMAN,35266;TAX_WORLDMAMMALS_HUMAN,35327;TAX_WORLDMAMMALS_HUMAN,35990;TAX_WORLDMAMMALS_HUMAN,37318;TAX_WORLDMAMMALS_HUMAN,37722;TAX_WORLDMAMMALS_HUMAN,37912;TAX_WORLDMAMMALS_HUMAN,39872;TAX_WORLDMAMMALS_HUMAN,39916;TAX_WORLDMAMMALS_HUMAN,40465;TAX_WORLDMAMMALS_HUMAN,45450;TAX_WORLDMAMMALS_HUMAN,51938;TAX_WORLDMAMMALS_HUMAN,55972;TAX_WORLDMAMMALS_HUMAN,56400;TAX_WORLDMAMMALS_HUMAN,56722;TAX_WORLDMAMMALS_HUMAN,56870;TAX_WORLDMAMMALS_HUMAN,60745;TAX_WORLDMAMMALS_HUMAN,62306;TAX_WORLDMAMMALS_HUMAN,62617;TAX_WORLDMAMMALS_HUMAN,68144;TAX_WORLDMAMMALS_HUMAN,71262;TAX_WORLDMAMMALS_HUMAN,71871;TAX_WORLDMAMMALS_HUMAN,72501;TAX_WORLDMAMMALS_HUMAN,73633;TAX_WORLDMAMMALS_HUMAN,84615;TAX_WORLDMAMMALS_HUMAN,84710;TAX_WORLDMAMMALS_HUMAN,84939;TAX_WORLDMAMMALS_HUMAN,85739;TAX_WORLDMAMMALS_HUMAN,85840;TAX_WORLDMAMMALS_HUMAN,89943;TAX_WORLDMAMMALS_HUMAN,90688;TAX_WORLDMAMMALS_HUMAN,97447;TAX_WORLDMAMMALS_HUMAN,97568;TAX_WORLDMAMMALS_HUMAN,98589;TAX_WORLDMAMMALS_HUMAN,99956;TAX_WORLDMAMMALS_HUMAN,104401;TAX_WORLDMAMMALS_HUMAN,105092;TAX_WORLDMAMMALS_HUMAN,105581;TAX_WORLDMAMMALS_HUMAN,106577;TAX_WORLDMAMMALS_HUMAN,111254;TAX_WORLDMAMMALS_HUMAN,118388;TAX_WORLDMAMMALS_HUMAN,121307;TAX_WORLDMAMMALS_HUMAN,121864;TAX_WORLDMAMMALS_HUMAN,122017;TAX_WORLDMAMMALS_HUMAN,122976;TAX_WORLDMAMMALS_HUMAN,123459;TAX_WORLDMAMMALS_HUMAN,123802;TAX_WORLDMAMMALS_HUMAN,126788;TAX_WORLDMAMMALS_HUMAN,130452;TAX_WORLDMAMMALS_HUMAN,130499;TAX_FNCACT_WOMEN,43;TAX_FNCACT_WOMEN,300;TAX_FNCACT_WOMEN,591;TAX_FNCACT_WOMEN,691;TAX_FNCACT_WOMEN,791;TAX_FNCACT_WOMEN,1049;TAX_FNCACT_WOMEN,1108;TAX_FNCACT_WOMEN,1491;TAX_FNCACT_WOMEN,2194;TAX_FNCACT_WOMEN,3202;TAX_FNCACT_WOMEN,3824;TAX_FNCACT_WOMEN,3939;TAX_FNCACT_WOMEN,4542;TAX_FNCACT_WOMEN,4600;TAX_FNCACT_WOMEN,4929;TAX_FNCACT_WOMEN,4981;TAX_FNCACT_WOMEN,5655;TAX_FNCACT_WOMEN,5673;TAX_FNCACT_WOMEN,5780;TAX_FNCACT_WOMEN,5898;TAX_FNCACT_WOMEN,6007;TAX_FNCACT_WOMEN,6215;TAX_FNCACT_WOMEN,6665;TAX_FNCACT_WOMEN,6799;TAX_FNCACT_WOMEN,6865;TAX_FNCACT_WOMEN,6881;TAX_FNCACT_WOMEN,6959;TAX_FNCACT_WOMEN,7693;TAX_FNCACT_WOMEN,7788;TAX_FNCACT_WOMEN,8019;TAX_FNCACT_WOMEN,8099;TAX_FNCACT_WOMEN,8214;TAX_FNCACT_WOMEN,8317;TAX_FNCACT_WOMEN,8395;TAX_FNCACT_WOMEN,8447;TAX_FNCACT_WOMEN,8593;TAX_FNCACT_WOMEN,9149;TAX_FNCACT_WOMEN,9209;TAX_FNCACT_WOMEN,9796;TAX_FNCACT_WOMEN,9902;TAX_FNCACT_WOMEN,10200;TAX_FNCACT_WOMEN,10310;TAX_FNCACT_WOMEN,10721;TAX_FNCACT_WOMEN,10915;TAX_FNCACT_WOMEN,10975;TAX_FNCACT_WOMEN,11053;TAX_FNCACT_WOMEN,11708;TAX_FNCACT_WOMEN,12060;TAX_FNCACT_WOMEN,12105;TAX_FNCACT_WOMEN,12343;TAX_FNCACT_WOMEN,12585;TAX_FNCACT_WOMEN,12631;TAX_FNCACT_WOMEN,12756;TAX_FNCACT_WOMEN,13003;TAX_FNCACT_WOMEN,13242;TAX_FNCACT_WOMEN,13367;TAX_FNCACT_WOMEN,13427;TAX_FNCACT_WOMEN,13522;TAX_FNCACT_WOMEN,13545;TAX_FNCACT_WOMEN,13639;TAX_FNCACT_WOMEN,13820;TAX_FNCACT_WOMEN,13885;TAX_FNCACT_WOMEN,14025;TAX_FNCACT_WOMEN,14344;TAX_FNCACT_WOMEN,14494;TAX_FNCACT_WOMEN,15590;TAX_FNCACT_WOMEN,15764;TAX_FNCACT_WOMEN,15894;TAX_FNCACT_WOMEN,16104;TAX_FNCACT_WOMEN,16280;TAX_FNCACT_WOMEN,16458;TAX_FNCACT_WOMEN,16682;TAX_FNCACT_WOMEN,16898;TAX_FNCACT_WOMEN,16963;TAX_FNCACT_WOMEN,17619;TAX_FNCACT_WOMEN,21319;TAX_FNCACT_WOMEN,21478;TAX_FNCACT_WOMEN,21834;TAX_FNCACT_WOMEN,22070;TAX_FNCACT_WOMEN,22516;TAX_FNCACT_WOMEN,23077;TAX_FNCACT_WOMEN,23115;TAX_FNCACT_WOMEN,23161;TAX_FNCACT_WOMEN,23277;TAX_FNCACT_WOMEN,23676;TAX_FNCACT_WOMEN,24316;TAX_FNCACT_WOMEN,24394;TAX_FNCACT_WOMEN,24773;TAX_FNCACT_WOMEN,24857;TAX_FNCACT_WOMEN,25175;TAX_FNCACT_WOMEN,28194;TAX_FNCACT_WOMEN,29175;TAX_FNCACT_WOMEN,29256;TAX_FNCACT_WOMEN,29772;TAX_FNCACT_WOMEN,29907;TAX_FNCACT_WOMEN,29994;TAX_FNCACT_WOMEN,30314;TAX_FNCACT_WOMEN,30410;TAX_FNCACT_WOMEN,30577;TAX_FNCACT_WOMEN,30660;TAX_FNCACT_WOMEN,30971;TAX_FNCACT_WOMEN,31385;TAX_FNCACT_WOMEN,31412;TAX_FNCACT_WOMEN,31495;TAX_FNCACT_WOMEN,31682;TAX_FNCACT_WOMEN,31899;TAX_FNCACT_WOMEN,32315;TAX_FNCACT_WOMEN,32436;TAX_FNCACT_WOMEN,32626;TAX_FNCACT_WOMEN,32754;TAX_FNCACT_WOMEN,32771;TAX_FNCACT_WOMEN,33145;TAX_FNCACT_WOMEN,33215;TAX_FNCACT_WOMEN,33277;TAX_FNCACT_WOMEN,33460;TAX_FNCACT_WOMEN,33637;TAX_FNCACT_WOMEN,33684;TAX_FNCACT_WOMEN,34980;TAX_FNCACT_WOMEN,35826;TAX_FNCACT_WOMEN,36652;TAX_FNCACT_WOMEN,41097;TAX_FNCACT_WOMEN,42296;TAX_FNCACT_WOMEN,43206;TAX_FNCACT_WOMEN,43222;TAX_FNCACT_WOMEN,43494;TAX_FNCACT_WOMEN,43572;TAX_FNCACT_WOMEN,44481;TAX_FNCACT_WOMEN,45562;TAX_FNCACT_WOMEN,45661;TAX_FNCACT_WOMEN,45767;TAX_FNCACT_WOMEN,45976;TAX_FNCACT_WOMEN,46004;TAX_FNCACT_WOMEN,46331;TAX_FNCACT_WOMEN,46529;TAX_FNCACT_WOMEN,47014;TAX_FNCACT_WOMEN,47066;TAX_FNCACT_WOMEN,47949;TAX_FNCACT_WOMEN,48083;TAX_FNCACT_WOMEN,48189;TAX_FNCACT_WOMEN,48475;TAX_FNCACT_WOMEN,49350;TAX_FNCACT_WOMEN,49508;TAX_FNCACT_WOMEN,49589;TAX_FNCACT_WOMEN,50218;TAX_FNCACT_WOMEN,50713;TAX_FNCACT_WOMEN,50893;TAX_FNCACT_WOMEN,51206;TAX_FNCACT_WOMEN,51813;TAX_FNCACT_WOMEN,52038;TAX_FNCACT_WOMEN,52227;TAX_FNCACT_WOMEN,52377;TAX_FNCACT_WOMEN,53016;TAX_FNCACT_WOMEN,53161;TAX_FNCACT_WOMEN,53253;TAX_FNCACT_WOMEN,53314;TAX_FNCACT_WOMEN,53403;TAX_FNCACT_WOMEN,53534;TAX_FNCACT_WOMEN,53931;TAX_FNCACT_WOMEN,53985;TAX_FNCACT_WOMEN,54131;TAX_FNCACT_WOMEN,54239;TAX_FNCACT_WOMEN,54423;TAX_FNCACT_WOMEN,54587;TAX_FNCACT_WOMEN,54834;TAX_FNCACT_WOMEN,54875;TAX_FNCACT_WOMEN,54958;TAX_FNCACT_WOMEN,55030;TAX_FNCACT_WOMEN,55092;TAX_FNCACT_WOMEN,55115;TAX_FNCACT_WOMEN,55209;TAX_FNCACT_WOMEN,55646;TAX_FNCACT_WOMEN,55810;TAX_FNCACT_WOMEN,55927;TAX_FNCACT_WOMEN,56005;TAX_FNCACT_WOMEN,56096;TAX_FNCACT_WOMEN,56310;TAX_FNCACT_WOMEN,56529;TAX_FNCACT_WOMEN,56823;TAX_FNCACT_WOMEN,57023;TAX_FNCACT_WOMEN,57094;TAX_FNCACT_WOMEN,57131;TAX_FNCACT_WOMEN,57260;TAX_FNCACT_WOMEN,57367;TAX_FNCACT_WOMEN,57588;TAX_FNCACT_WOMEN,57671;TAX_FNCACT_WOMEN,57730;TAX_FNCACT_WOMEN,58167;TAX_FNCACT_WOMEN,58251;TAX_FNCACT_WOMEN,58534;TAX_FNCACT_WOMEN,59337;TAX_FNCACT_WOMEN,59460;TAX_FNCACT_WOMEN,59805;TAX_FNCACT_WOMEN,59933;TAX_FNCACT_WOMEN,59995;TAX_FNCACT_WOMEN,60350;TAX_FNCACT_WOMEN,60498;TAX_FNCACT_WOMEN,60865;TAX_FNCACT_WOMEN,60943;TAX_FNCACT_WOMEN,61152;TAX_FNCACT_WOMEN,61184;TAX_FNCACT_WOMEN,61638;TAX_FNCACT_WOMEN,61798;TAX_FNCACT_WOMEN,62297;TAX_FNCACT_WOMEN,62705;TAX_FNCACT_WOMEN,63576;TAX_FNCACT_WOMEN,63617;TAX_FNCACT_WOMEN,64368;TAX_FNCACT_WOMEN,64793;TAX_FNCACT_WOMEN,65440;TAX_FNCACT_WOMEN,66248;TAX_FNCACT_WOMEN,66428;TAX_FNCACT_WOMEN,67204;TAX_FNCACT_WOMEN,67359;TAX_FNCACT_WOMEN,67412;TAX_FNCACT_WOMEN,68312;TAX_FNCACT_WOMEN,68434;TAX_FNCACT_WOMEN,68758;TAX_FNCACT_WOMEN,69325;TAX_FNCACT_WOMEN,69428;TAX_FNCACT_WOMEN,69747;TAX_FNCACT_WOMEN,69873;TAX_FNCACT_WOMEN,70184;TAX_FNCACT_WOMEN,70362;TAX_FNCACT_WOMEN,71121;TAX_FNCACT_WOMEN,71319;TAX_FNCACT_WOMEN,71354;TAX_FNCACT_WOMEN,71399;TAX_FNCACT_WOMEN,71539;TAX_FNCACT_WOMEN,71621;TAX_FNCACT_WOMEN,71703;TAX_FNCACT_WOMEN,72131;TAX_FNCACT_WOMEN,72213;TAX_FNCACT_WOMEN,72744;TAX_FNCACT_WOMEN,72869;TAX_FNCACT_WOMEN,72949;TAX_FNCACT_WOMEN,73055;TAX_FNCACT_WOMEN,73151;TAX_FNCACT_WOMEN,73299;TAX_FNCACT_WOMEN,73384;TAX_FNCACT_WOMEN,73570;TAX_FNCACT_WOMEN,73776;TAX_FNCACT_WOMEN,73857;TAX_FNCACT_WOMEN,73987;TAX_FNCACT_WOMEN,74029;TAX_FNCACT_WOMEN,74437;TAX_FNCACT_WOMEN,74874;TAX_FNCACT_WOMEN,74979;TAX_FNCACT_WOMEN,75062;TAX_FNCACT_WOMEN,75389;TAX_FNCACT_WOMEN,75411;TAX_FNCACT_WOMEN,75614;TAX_FNCACT_WOMEN,75867;TAX_FNCACT_WOMEN,75946;TAX_FNCACT_WOMEN,76277;TAX_FNCACT_WOMEN,76433;TAX_FNCACT_WOMEN,76517;TAX_FNCACT_WOMEN,76923;TAX_FNCACT_WOMEN,77088;TAX_FNCACT_WOMEN,77255;TAX_FNCACT_WOMEN,77297;TAX_FNCACT_WOMEN,77415;TAX_FNCACT_WOMEN,77580;TAX_FNCACT_WOMEN,78097;TAX_FNCACT_WOMEN,78359;TAX_FNCACT_WOMEN,78775;TAX_FNCACT_WOMEN,79032;TAX_FNCACT_WOMEN,79081;TAX_FNCACT_WOMEN,79233;TAX_FNCACT_WOMEN,79564;TAX_FNCACT_WOMEN,79731;TAX_FNCACT_WOMEN,79964;TAX_FNCACT_WOMEN,80119;TAX_FNCACT_WOMEN,80329;TAX_FNCACT_WOMEN,80824;TAX_FNCACT_WOMEN,81073;TAX_FNCACT_WOMEN,81538;TAX_FNCACT_WOMEN,81581;TAX_FNCACT_WOMEN,81775;TAX_FNCACT_WOMEN,81934;TAX_FNCACT_WOMEN,82752;TAX_FNCACT_WOMEN,82781;TAX_FNCACT_WOMEN,82977;TAX_FNCACT_WOMEN,83006;TAX_FNCACT_WOMEN,83102;TAX_FNCACT_WOMEN,83253;TAX_FNCACT_WOMEN,83335;TAX_FNCACT_WOMEN,84098;TAX_FNCACT_WOMEN,84911;TAX_FNCACT_WOMEN,85122;TAX_FNCACT_WOMEN,85182;TAX_FNCACT_WOMEN,85536;TAX_FNCACT_WOMEN,85637;TAX_FNCACT_WOMEN,85718;TAX_FNCACT_WOMEN,85927;TAX_FNCACT_WOMEN,86004;TAX_FNCACT_WOMEN,86544;TAX_FNCACT_WOMEN,86815;TAX_FNCACT_WOMEN,86867;TAX_FNCACT_WOMEN,86892;TAX_FNCACT_WOMEN,87173;TAX_FNCACT_WOMEN,87231;TAX_FNCACT_WOMEN,87458;TAX_FNCACT_WOMEN,87762;TAX_FNCACT_WOMEN,87840;TAX_FNCACT_WOMEN,88052;TAX_FNCACT_WOMEN,89669;TAX_FNCACT_WOMEN,89774;TAX_FNCACT_WOMEN,90017;TAX_FNCACT_WOMEN,90080;TAX_FNCACT_WOMEN,90415;TAX_FNCACT_WOMEN,90652;TAX_FNCACT_WOMEN,91297;TAX_FNCACT_WOMEN,91485;TAX_FNCACT_WOMEN,91570;TAX_FNCACT_WOMEN,91661;TAX_FNCACT_WOMEN,92542;TAX_FNCACT_WOMEN,92563;TAX_FNCACT_WOMEN,92966;TAX_FNCACT_WOMEN,93058;TAX_FNCACT_WOMEN,94121;TAX_FNCACT_WOMEN,94266;TAX_FNCACT_WOMEN,95875;TAX_FNCACT_WOMEN,95976;TAX_FNCACT_WOMEN,101169;TAX_FNCACT_WOMEN,101334;TAX_FNCACT_WOMEN,101787;TAX_FNCACT_WOMEN,102784;TAX_FNCACT_WOMEN,102964;TAX_FNCACT_WOMEN,103588;TAX_FNCACT_WOMEN,103882;TAX_FNCACT_WOMEN,103947;TAX_FNCACT_WOMEN,104819;TAX_FNCACT_WOMEN,105735;TAX_FNCACT_WOMEN,105878;TAX_FNCACT_WOMEN,106003;TAX_FNCACT_WOMEN,106346;TAX_FNCACT_WOMEN,106406;TAX_FNCACT_WOMEN,106558;TAX_FNCACT_WOMEN,107965;TAX_FNCACT_WOMEN,108785;TAX_FNCACT_WOMEN,108888;TAX_FNCACT_WOMEN,109029;TAX_FNCACT_WOMEN,109240;TAX_FNCACT_WOMEN,109458;TAX_FNCACT_WOMEN,109948;TAX_FNCACT_WOMEN,110643;TAX_FNCACT_WOMEN,110922;TAX_FNCACT_WOMEN,110941;TAX_FNCACT_WOMEN,111135;TAX_FNCACT_WOMEN,111390;TAX_FNCACT_WOMEN,111528;TAX_FNCACT_WOMEN,111627;TAX_FNCACT_WOMEN,111847;TAX_FNCACT_WOMEN,112314;TAX_FNCACT_WOMEN,112354;TAX_FNCACT_WOMEN,112500;TAX_FNCACT_WOMEN,112701;TAX_FNCACT_WOMEN,112851;TAX_FNCACT_WOMEN,113415;TAX_FNCACT_WOMEN,113637;TAX_FNCACT_WOMEN,114266;TAX_FNCACT_WOMEN,114925;TAX_FNCACT_WOMEN,114944;TAX_FNCACT_WOMEN,115198;TAX_FNCACT_WOMEN,115594;TAX_FNCACT_WOMEN,115715;TAX_FNCACT_WOMEN,116734;TAX_FNCACT_WOMEN,117124;TAX_FNCACT_WOMEN,117861;TAX_FNCACT_WOMEN,117954;TAX_FNCACT_WOMEN,118467;TAX_FNCACT_WOMEN,118515;TAX_FNCACT_WOMEN,118659;TAX_FNCACT_WOMEN,119094;TAX_FNCACT_WOMEN,119469;TAX_FNCACT_WOMEN,120129;TAX_FNCACT_WOMEN,120463;TAX_FNCACT_WOMEN,121634;TAX_FNCACT_WOMEN,121894;TAX_FNCACT_WOMEN,122306;TAX_FNCACT_WOMEN,122330;TAX_FNCACT_WOMEN,122587;TAX_FNCACT_WOMEN,122646;TAX_FNCACT_WOMEN,123546;TAX_FNCACT_WOMEN,124811;TAX_FNCACT_WOMEN,124890;TAX_FNCACT_WOMEN,124985;TAX_FNCACT_WOMEN,125571;TAX_FNCACT_WOMEN,125722;TAX_FNCACT_WOMEN,125787;TAX_FNCACT_WOMEN,125949;TAX_FNCACT_WOMEN,126028;TAX_FNCACT_WOMEN,126129;TAX_FNCACT_WOMEN,126378;TAX_FNCACT_WOMEN,126723;TAX_FNCACT_WOMEN,126939;TAX_FNCACT_WOMEN,127630;TAX_FNCACT_WOMEN,127756;TAX_FNCACT_WOMEN,128198;TAX_FNCACT_WOMEN,128363;TAX_FNCACT_WOMEN,128408;TAX_FNCACT_WOMEN,128550;TAX_FNCACT_WOMEN,129751;TAX_FNCACT_WOMEN,130529;TAX_FNCACT_SUPERVISORS,3628;TAX_FNCACT_SUPERVISORS,47700;TAX_FNCACT_SELFEMPLOYED,2862;TAX_FNCACT_SELFEMPLOYED,44953;TAX_FNCACT_SELFEMPLOYED,77124;TAX_FNCACT_SELFEMPLOYED,92221;POVERTY,31014;POVERTY,31227;POVERTY,31454;POVERTY,82144;POVERTY,82370;POVERTY,84528;TAX_FNCACT_CAREGIVERS,6950;TAX_FNCACT_CAREGIVERS,79265;TAX_FNCACT_CAREGIVERS,105276;TAX_FNCACT_CAREGIVERS,108340;TAX_FNCACT_CAREGIVERS,128809;TAX_FNCACT_EXECUTIVE,4947;TAX_FNCACT_EXECUTIVE,59355;WB_695_POVERTY,17002;WB_695_POVERTY,21909;WB_695_POVERTY,23710;WB_695_POVERTY,34933;WB_695_POVERTY,96451;WB_695_POVERTY,102774;WB_695_POVERTY,103294;WB_2745_JOB_QUALITY_AND_LABOR_MARKET_PERFORMANCE,1239;WB_2745_JOB_QUALITY_AND_LABOR_MARKET_PERFORMANCE,3102;WB_2745_JOB_QUALITY_AND_LABOR_MARKET_PERFORMANCE,10841;WB_2745_JOB_QUALITY_AND_LABOR_MARKET_PERFORMANCE,14275;WB_2745_JOB_QUALITY_AND_LABOR_MARKET_PERFORMANCE,14445;WB_2745_JOB_QUALITY_AND_LABOR_MARKET_PERFORMANCE,15973;WB_2745_JOB_QUALITY_AND_LABOR_MARKET_PERFORMANCE,16871;WB_2745_JOB_QUALITY_AND_LABOR_MARKET_PERFORMANCE,18180;WB_2745_JOB_QUALITY_AND_LABOR_MARKET_PERFORMANCE,19399;WB_2745_JOB_QUALITY_AND_LABOR_MARKET_PERFORMANCE,19491;WB_2745_JOB_QUALITY_AND_LABOR_MARKET_PERFORMANCE,19512;WB_2745_JOB_QUALITY_AND_LABOR_MARKET_PERFORMANCE,19680;WB_2745_JOB_QUALITY_AND_LABOR_MARKET_PERFORMANCE,19869;WB_2745_JOB_QUALITY_AND_LABOR_MARKET_PERFORMANCE,19890;WB_2745_JOB_QUALITY_AND_LABOR_MARKET_PERFORMANCE,19982;WB_2745_JOB_QUALITY_AND_LABOR_MARKET_PERFORMANCE,20003;WB_2745_JOB_QUALITY_AND_LABOR_MARKET_PERFORMANCE,21168;WB_2745_JOB_QUALITY_AND_LABOR_MARKET_PERFORMANCE,21784;WB_2745_JOB_QUALITY_AND_LABOR_MARKET_PERFORMANCE,22430;WB_2745_JOB_QUALITY_AND_LABOR_MARKET_PERFORMANCE,23297;WB_2745_JOB_QUALITY_AND_LABOR_MARKET_PERFORMANCE,23468;WB_2745_JOB_QUALITY_AND_LABOR_MARKET_PERFORMANCE,26352;WB_2745_JOB_QUALITY_AND_LABOR_MARKET_PERFORMANCE,26378;WB_2745_JOB_QUALITY_AND_LABOR_MARKET_PERFORMANCE,28483;WB_2745_JOB_QUALITY_AND_LABOR_MARKET_PERFORMANCE,28835;WB_2745_JOB_QUALITY_AND_LABOR_MARKET_PERFORMANCE,32447;WB_2745_JOB_QUALITY_AND_LABOR_MARKET_PERFORMANCE,34028;WB_2745_JOB_QUALITY_AND_LABOR_MARKET_PERFORMANCE,34226;WB_2745_JOB_QUALITY_AND_LABOR_MARKET_PERFORMANCE,34668;WB_2745_JOB_QUALITY_AND_LABOR_MARKET_PERFORMANCE,34689;WB_2745_JOB_QUALITY_AND_LABOR_MARKET_PERFORMANCE,34757;WB_2745_JOB_QUALITY_AND_LABOR_MARKET_PERFORMANCE,34779;WB_2745_JOB_QUALITY_AND_LABOR_MARKET_PERFORMANCE,36182;WB_2745_JOB_QUALITY_AND_LABOR_MARKET_PERFORMANCE,36279;WB_2745_JOB_QUALITY_AND_LABOR_MARKET_PERFORMANCE,36300;WB_2745_JOB_QUALITY_AND_LABOR_MARKET_PERFORMANCE,36405;WB_2745_JOB_QUALITY_AND_LABOR_MARKET_PERFORMANCE,37014;WB_2745_JOB_QUALITY_AND_LABOR_MARKET_PERFORMANCE,37539;WB_2745_JOB_QUALITY_AND_LABOR_MARKET_PERFORMANCE,37560;WB_2745_JOB_QUALITY_AND_LABOR_MARKET_PERFORMANCE,38458;WB_2745_JOB_QUALITY_AND_LABOR_MARKET_PERFORMANCE,38479;WB_2745_JOB_QUALITY_AND_LABOR_MARKET_PERFORMANCE,40335;WB_2745_JOB_QUALITY_AND_LABOR_MARKET_PERFORMANCE,48549;WB_2745_JOB_QUALITY_AND_LABOR_MARKET_PERFORMANCE,53292;WB_2745_JOB_QUALITY_AND_LABOR_MARKET_PERFORMANCE,53468;WB_2745_JOB_QUALITY_AND_LABOR_MARKET_PERFORMANCE,54745;WB_2745_JOB_QUALITY_AND_LABOR_MARKET_PERFORMANCE,55438;WB_2745_JOB_QUALITY_AND_LABOR_MARKET_PERFORMANCE,55704;WB_2745_JOB_QUALITY_AND_LABOR_MARKET_PERFORMANCE,56780;WB_2745_JOB_QUALITY_AND_LABOR_MARKET_PERFORMANCE,57520;WB_2745_JOB_QUALITY_AND_LABOR_MARKET_PERFORMANCE,57556;WB_2745_JOB_QUALITY_AND_LABOR_MARKET_PERFORMANCE,57757;WB_2745_JOB_QUALITY_AND_LABOR_MARKET_PERFORMANCE,62352;WB_2745_JOB_QUALITY_AND_LABOR_MARKET_PERFORMANCE,68190;WB_2745_JOB_QUALITY_AND_LABOR_MARKET_PERFORMANCE,68827;WB_2745_JOB_QUALITY_AND_LABOR_MARKET_PERFORMANCE,76319;WB_2745_JOB_QUALITY_AND_LABOR_MARKET_PERFORMANCE,91363;WB_2745_JOB_QUALITY_AND_LABOR_MARKET_PERFORMANCE,96173;WB_2745_JOB_QUALITY_AND_LABOR_MARKET_PERFORMANCE,96253;WB_2745_JOB_QUALITY_AND_LABOR_MARKET_PERFORMANCE,96344;WB_2745_JOB_QUALITY_AND_LABOR_MARKET_PERFORMANCE,96781;WB_2745_JOB_QUALITY_AND_LABOR_MARKET_PERFORMANCE,100099;WB_2745_JOB_QUALITY_AND_LABOR_MARKET_PERFORMANCE,102158;WB_2745_JOB_QUALITY_AND_LABOR_MARKET_PERFORMANCE,102942;WB_2745_JOB_QUALITY_AND_LABOR_MARKET_PERFORMANCE,103042;WB_2745_JOB_QUALITY_AND_LABOR_MARKET_PERFORMANCE,103457;WB_2745_JOB_QUALITY_AND_LABOR_MARKET_PERFORMANCE,103560;WB_2745_JOB_QUALITY_AND_LABOR_MARKET_PERFORMANCE,104515;WB_2745_JOB_QUALITY_AND_LABOR_MARKET_PERFORMANCE,105047;WB_2745_JOB_QUALITY_AND_LABOR_MARKET_PERFORMANCE,105627;WB_2745_JOB_QUALITY_AND_LABOR_MARKET_PERFORMANCE,105692;WB_2745_JOB_QUALITY_AND_LABOR_MARKET_PERFORMANCE,107945;WB_2745_JOB_QUALITY_AND_LABOR_MARKET_PERFORMANCE,108045;WB_2745_JOB_QUALITY_AND_LABOR_MARKET_PERFORMANCE,109982;WB_2745_JOB_QUALITY_AND_LABOR_MARKET_PERFORMANCE,111069;WB_2745_JOB_QUALITY_AND_LABOR_MARKET_PERFORMANCE,111146;WB_2745_JOB_QUALITY_AND_LABOR_MARKET_PERFORMANCE,111300;WB_2745_JOB_QUALITY_AND_LABOR_MARKET_PERFORMANCE,112751;WB_2745_JOB_QUALITY_AND_LABOR_MARKET_PERFORMANCE,118044;WB_2745_JOB_QUALITY_AND_LABOR_MARKET_PERFORMANCE,118901;WB_2745_JOB_QUALITY_AND_LABOR_MARKET_PERFORMANCE,121353;WB_2745_JOB_QUALITY_AND_LABOR_MARKET_PERFORMANCE,122931;WB_2745_JOB_QUALITY_AND_LABOR_MARKET_PERFORMANCE,125038;WB_2745_JOB_QUALITY_AND_LABOR_MARKET_PERFORMANCE,125705;WB_2745_JOB_QUALITY_AND_LABOR_MARKET_PERFORMANCE,126889;WB_2748_EMPLOYMENT,1239;WB_2748_EMPLOYMENT,3102;WB_2748_EMPLOYMENT,10841;WB_2748_EMPLOYMENT,14275;WB_2748_EMPLOYMENT,14445;WB_2748_EMPLOYMENT,15973;WB_2748_EMPLOYMENT,16871;WB_2748_EMPLOYMENT,18180;WB_2748_EMPLOYMENT,19399;WB_2748_EMPLOYMENT,19491;WB_2748_EMPLOYMENT,19512;WB_2748_EMPLOYMENT,19680;WB_2748_EMPLOYMENT,19869;WB_2748_EMPLOYMENT,19890;WB_2748_EMPLOYMENT,19982;WB_2748_EMPLOYMENT,20003;WB_2748_EMPLOYMENT,21168;WB_2748_EMPLOYMENT,21784;WB_2748_EMPLOYMENT,22430;WB_2748_EMPLOYMENT,23297;WB_2748_EMPLOYMENT,23468;WB_2748_EMPLOYMENT,26352;WB_2748_EMPLOYMENT,26378;WB_2748_EMPLOYMENT,28483;WB_2748_EMPLOYMENT,28835;WB_2748_EMPLOYMENT,32447;WB_2748_EMPLOYMENT,34028;WB_2748_EMPLOYMENT,34226;WB_2748_EMPLOYMENT,34668;WB_2748_EMPLOYMENT,34689;WB_2748_EMPLOYMENT,34757;WB_2748_EMPLOYMENT,34779;WB_2748_EMPLOYMENT,36182;WB_2748_EMPLOYMENT,36279;WB_2748_EMPLOYMENT,36300;WB_2748_EMPLOYMENT,36405;WB_2748_EMPLOYMENT,37014;WB_2748_EMPLOYMENT,37539;WB_2748_EMPLOYMENT,37560;WB_2748_EMPLOYMENT,38458;WB_2748_EMPLOYMENT,38479;WB_2748_EMPLOYMENT,40335;WB_2748_EMPLOYMENT,48549;WB_2748_EMPLOYMENT,53292;WB_2748_EMPLOYMENT,53468;WB_2748_EMPLOYMENT,54745;WB_2748_EMPLOYMENT,55438;WB_2748_EMPLOYMENT,55704;WB_2748_EMPLOYMENT,56780;WB_2748_EMPLOYMENT,57520;WB_2748_EMPLOYMENT,57556;WB_2748_EMPLOYMENT,57757;WB_2748_EMPLOYMENT,62352;WB_2748_EMPLOYMENT,68190;WB_2748_EMPLOYMENT,68827;WB_2748_EMPLOYMENT,76319;WB_2748_EMPLOYMENT,91363;WB_2748_EMPLOYMENT,96173;WB_2748_EMPLOYMENT,96253;WB_2748_EMPLOYMENT,96344;WB_2748_EMPLOYMENT,96781;WB_2748_EMPLOYMENT,100099;WB_2748_EMPLOYMENT,102158;WB_2748_EMPLOYMENT,102942;WB_2748_EMPLOYMENT,103042;WB_2748_EMPLOYMENT,103457;WB_2748_EMPLOYMENT,103560;WB_2748_EMPLOYMENT,104515;WB_2748_EMPLOYMENT,105047;WB_2748_EMPLOYMENT,105627;WB_2748_EMPLOYMENT,105692;WB_2748_EMPLOYMENT,107945;WB_2748_EMPLOYMENT,108045;WB_2748_EMPLOYMENT,109982;WB_2748_EMPLOYMENT,111069;WB_2748_EMPLOYMENT,111146;WB_2748_EMPLOYMENT,111300;WB_2748_EMPLOYMENT,112751;WB_2748_EMPLOYMENT,118044;WB_2748_EMPLOYMENT,118901;WB_2748_EMPLOYMENT,121353;WB_2748_EMPLOYMENT,122931;WB_2748_EMPLOYMENT,125038;WB_2748_EMPLOYMENT,125705;WB_2748_EMPLOYMENT,126889;TAX_FNCACT_EMPLOYER,1090;TAX_FNCACT_EMPLOYER,5364;TAX_FNCACT_EMPLOYER,42747;TAX_FNCACT_EMPLOYER,43010;TAX_FNCACT_EMPLOYER,66740;TAX_FNCACT_EMPLOYER,77901;TAX_FNCACT_EMPLOYER,97368;TAX_FNCACT_EMPLOYER,107694;TAX_FNCACT_EMPLOYER,117748;WB_2704_EMPLOYER,1090;WB_2704_EMPLOYER,5364;WB_2704_EMPLOYER,42747;WB_2704_EMPLOYER,43010;WB_2704_EMPLOYER,66740;WB_2704_EMPLOYER,77901;WB_2704_EMPLOYER,97368;WB_2704_EMPLOYER,107694;WB_2704_EMPLOYER,117748;WB_856_WAGES,474;WB_856_WAGES,2412;WB_856_WAGES,5835;WB_856_WAGES,9340;WB_856_WAGES,11714;WB_856_WAGES,11803;WB_856_WAGES,11869;WB_856_WAGES,17010;WB_856_WAGES,23718;WB_856_WAGES,33408;WB_856_WAGES,38998;WB_856_WAGES,39579;WB_856_WAGES,50275;WB_856_WAGES,56523;WB_856_WAGES,56646;WB_856_WAGES,71503;WB_856_WAGES,71926;WB_856_WAGES,72875;WB_856_WAGES,72955;WB_856_WAGES,73396;WB_856_WAGES,73460;WB_856_WAGES,101454;WB_856_WAGES,101749;WB_856_WAGES,101970;WB_856_WAGES,102425;WB_856_WAGES,106522;WB_856_WAGES,108753;WB_856_WAGES,109042;WB_856_WAGES,120549;WB_856_WAGES,120657;WB_856_WAGES,120847;WB_856_WAGES,121573;WB_856_WAGES,121625;WB_856_WAGES,122481;WB_856_WAGES,126897;WB_1654_ACTIVE_LABOR_MARKET_POLICIES,474;WB_1654_ACTIVE_LABOR_MARKET_POLICIES,2412;WB_1654_ACTIVE_LABOR_MARKET_POLICIES,5835;WB_1654_ACTIVE_LABOR_MARKET_POLICIES,9340;WB_1654_ACTIVE_LABOR_MARKET_POLICIES,11714;WB_1654_ACTIVE_LABOR_MARKET_POLICIES,11803;WB_1654_ACTIVE_LABOR_MARKET_POLICIES,11869;WB_1654_ACTIVE_LABOR_MARKET_POLICIES,17010;WB_1654_ACTIVE_LABOR_MARKET_POLICIES,23718;WB_1654_ACTIVE_LABOR_MARKET_POLICIES,33408;WB_1654_ACTIVE_LABOR_MARKET_POLICIES,38998;WB_1654_ACTIVE_LABOR_MARKET_POLICIES,39579;WB_1654_ACTIVE_LABOR_MARKET_POLICIES,50275;WB_1654_ACTIVE_LABOR_MARKET_POLICIES,56523;WB_1654_ACTIVE_LABOR_MARKET_POLICIES,56646;WB_1654_ACTIVE_LABOR_MARKET_POLICIES,71503;WB_1654_ACTIVE_LABOR_MARKET_POLICIES,71926;WB_1654_ACTIVE_LABOR_MARKET_POLICIES,72875;WB_1654_ACTIVE_LABOR_MARKET_POLICIES,72955;WB_1654_ACTIVE_LABOR_MARKET_POLICIES,73396;WB_1654_ACTIVE_LABOR_MARKET_POLICIES,73460;WB_1654_ACTIVE_LABOR_MARKET_POLICIES,101454;WB_1654_ACTIVE_LABOR_MARKET_POLICIES,101749;WB_1654_ACTIVE_LABOR_MARKET_POLICIES,101970;WB_1654_ACTIVE_LABOR_MARKET_POLICIES,102425;WB_1654_ACTIVE_LABOR_MARKET_POLICIES,106522;WB_1654_ACTIVE_LABOR_MARKET_POLICIES,108753;WB_1654_ACTIVE_LABOR_MARKET_POLICIES,109042;WB_1654_ACTIVE_LABOR_MARKET_POLICIES,120549;WB_1654_ACTIVE_LABOR_MARKET_POLICIES,120657;WB_1654_ACTIVE_LABOR_MARKET_POLICIES,120847;WB_1654_ACTIVE_LABOR_MARKET_POLICIES,121573;WB_1654_ACTIVE_LABOR_MARKET_POLICIES,121625;WB_1654_ACTIVE_LABOR_MARKET_POLICIES,122481;WB_1654_ACTIVE_LABOR_MARKET_POLICIES,126897;WB_855_LABOR_MARKETS,474;WB_855_LABOR_MARKETS,2412;WB_855_LABOR_MARKETS,5835;WB_855_LABOR_MARKETS,9340;WB_855_LABOR_MARKETS,11714;WB_855_LABOR_MARKETS,11803;WB_855_LABOR_MARKETS,11869;WB_855_LABOR_MARKETS,17010;WB_855_LABOR_MARKETS,23718;WB_855_LABOR_MARKETS,33408;WB_855_LABOR_MARKETS,38998;WB_855_LABOR_MARKETS,39579;WB_855_LABOR_MARKETS,50275;WB_855_LABOR_MARKETS,56523;WB_855_LABOR_MARKETS,56646;WB_855_LABOR_MARKETS,71503;WB_855_LABOR_MARKETS,71926;WB_855_LABOR_MARKETS,72875;WB_855_LABOR_MARKETS,72955;WB_855_LABOR_MARKETS,73396;WB_855_LABOR_MARKETS,73460;WB_855_LABOR_MARKETS,101454;WB_855_LABOR_MARKETS,101749;WB_855_LABOR_MARKETS,101970;WB_855_LABOR_MARKETS,102425;WB_855_LABOR_MARKETS,106522;WB_855_LABOR_MARKETS,108753;WB_855_LABOR_MARKETS,109042;WB_855_LABOR_MARKETS,120549;WB_855_LABOR_MARKETS,120657;WB_855_LABOR_MARKETS,120847;WB_855_LABOR_MARKETS,121573;WB_855_LABOR_MARKETS,121625;WB_855_LABOR_MARKETS,122481;WB_855_LABOR_MARKETS,126897;WB_697_SOCIAL_PROTECTION_AND_LABOR,474;WB_697_SOCIAL_PROTECTION_AND_LABOR,2412;WB_697_SOCIAL_PROTECTION_AND_LABOR,5835;WB_697_SOCIAL_PROTECTION_AND_LABOR,9340;WB_697_SOCIAL_PROTECTION_AND_LABOR,11714;WB_697_SOCIAL_PROTECTION_AND_LABOR,11803;WB_697_SOCIAL_PROTECTION_AND_LABOR,11869;WB_697_SOCIAL_PROTECTION_AND_LABOR,17010;WB_697_SOCIAL_PROTECTION_AND_LABOR,23718;WB_697_SOCIAL_PROTECTION_AND_LABOR,33408;WB_697_SOCIAL_PROTECTION_AND_LABOR,38998;WB_697_SOCIAL_PROTECTION_AND_LABOR,39579;WB_697_SOCIAL_PROTECTION_AND_LABOR,50275;WB_697_SOCIAL_PROTECTION_AND_LABOR,56523;WB_697_SOCIAL_PROTECTION_AND_LABOR,56646;WB_697_SOCIAL_PROTECTION_AND_LABOR,71503;WB_697_SOCIAL_PROTECTION_AND_LABOR,71926;WB_697_SOCIAL_PROTECTION_AND_LABOR,72875;WB_697_SOCIAL_PROTECTION_AND_LABOR,72955;WB_697_SOCIAL_PROTECTION_AND_LABOR,73396;WB_697_SOCIAL_PROTECTION_AND_LABOR,73460;WB_697_SOCIAL_PROTECTION_AND_LABOR,101454;WB_697_SOCIAL_PROTECTION_AND_LABOR,101749;WB_697_SOCIAL_PROTECTION_AND_LABOR,101970;WB_697_SOCIAL_PROTECTION_AND_LABOR,102425;WB_697_SOCIAL_PROTECTION_AND_LABOR,106522;WB_697_SOCIAL_PROTECTION_AND_LABOR,108753;WB_697_SOCIAL_PROTECTION_AND_LABOR,109042;WB_697_SOCIAL_PROTECTION_AND_LABOR,120549;WB_697_SOCIAL_PROTECTION_AND_LABOR,120657;WB_697_SOCIAL_PROTECTION_AND_LABOR,120847;WB_697_SOCIAL_PROTECTION_AND_LABOR,121573;WB_697_SOCIAL_PROTECTION_AND_LABOR,121625;WB_697_SOCIAL_PROTECTION_AND_LABOR,122481;WB_697_SOCIAL_PROTECTION_AND_LABOR,126897;WB_615_GENDER,258;WB_615_GENDER,656;WB_615_GENDER,1527;WB_615_GENDER,3060;WB_615_GENDER,5748;WB_615_GENDER,5858;WB_615_GENDER,6155;WB_615_GENDER,6189;WB_615_GENDER,6322;WB_615_GENDER,7353;WB_615_GENDER,11084;WB_615_GENDER,12666;WB_615_GENDER,13203;WB_615_GENDER,13403;WB_615_GENDER,14208;WB_615_GENDER,14541;WB_615_GENDER,15425;WB_615_GENDER,16479;WB_615_GENDER,16623;WB_615_GENDER,16817;WB_615_GENDER,17821;WB_615_GENDER,18033;WB_615_GENDER,18856;WB_615_GENDER,21223;WB_615_GENDER,21260;WB_615_GENDER,21382;WB_615_GENDER,21611;WB_615_GENDER,22361;WB_615_GENDER,22457;WB_615_GENDER,22581;WB_615_GENDER,23402;WB_615_GENDER,23577;WB_615_GENDER,23738;WB_615_GENDER,23867;WB_615_GENDER,23899;WB_615_GENDER,23976;WB_615_GENDER,24913;WB_615_GENDER,28224;WB_615_GENDER,28440;WB_615_GENDER,28868;WB_615_GENDER,33841;WB_615_GENDER,34053;WB_615_GENDER,34127;WB_615_GENDER,34188;WB_615_GENDER,34243;WB_615_GENDER,34334;WB_615_GENDER,34431;WB_615_GENDER,34534;WB_615_GENDER,35454;WB_615_GENDER,35642;WB_615_GENDER,36159;WB_615_GENDER,43177;WB_615_GENDER,46022;WB_615_GENDER,46284;WB_615_GENDER,54700;WB_615_GENDER,54780;WB_615_GENDER,56463;WB_615_GENDER,57630;WB_615_GENDER,58480;WB_615_GENDER,62421;WB_615_GENDER,62584;WB_615_GENDER,63124;WB_615_GENDER,64242;WB_615_GENDER,65920;WB_615_GENDER,67792;WB_615_GENDER,68223;WB_615_GENDER,69693;WB_615_GENDER,69830;WB_615_GENDER,69948;WB_615_GENDER,71229;WB_615_GENDER,71486;WB_615_GENDER,71856;WB_615_GENDER,72071;WB_615_GENDER,72116;WB_615_GENDER,72275;WB_615_GENDER,72319;WB_615_GENDER,72425;WB_615_GENDER,72720;WB_615_GENDER,72912;WB_615_GENDER,73675;WB_615_GENDER,74062;WB_615_GENDER,74991;WB_615_GENDER,75148;WB_615_GENDER,75173;WB_615_GENDER,75273;WB_615_GENDER,75518;WB_615_GENDER,75894;WB_615_GENDER,78735;WB_615_GENDER,80178;WB_615_GENDER,80304;WB_615_GENDER,81521;WB_615_GENDER,81715;WB_615_GENDER,84703;WB_615_GENDER,84793;WB_615_GENDER,84978;WB_615_GENDER,85087;WB_615_GENDER,85157;WB_615_GENDER,85564;WB_615_GENDER,85955;WB_615_GENDER,98298;WB_615_GENDER,99922;WB_615_GENDER,102844;WB_615_GENDER,102891;WB_615_GENDER,104234;WB_615_GENDER,104482;WB_615_GENDER,104600;WB_615_GENDER,104722;WB_615_GENDER,105774;WB_615_GENDER,106027;WB_615_GENDER,109332;WB_615_GENDER,111333;WB_615_GENDER,118577;WB_615_GENDER,120448;WB_615_GENDER,121405;WB_615_GENDER,122890;WB_615_GENDER,123791;WB_615_GENDER,123979;WB_615_GENDER,124632;WB_615_GENDER,124690;WB_615_GENDER,125132;WB_615_GENDER,125191;WB_615_GENDER,125599;WB_615_GENDER,126013;WB_615_GENDER,126203;WB_615_GENDER,126282;WB_615_GENDER,126651;WB_615_GENDER,126870;WB_615_GENDER,128618;WB_1467_EDUCATION_FOR_ALL,380;WB_1467_EDUCATION_FOR_ALL,2637;WB_1467_EDUCATION_FOR_ALL,2799;WB_1467_EDUCATION_FOR_ALL,3920;WB_1467_EDUCATION_FOR_ALL,8532;WB_1467_EDUCATION_FOR_ALL,8583;WB_1467_EDUCATION_FOR_ALL,8909;WB_1467_EDUCATION_FOR_ALL,12764;WB_1467_EDUCATION_FOR_ALL,14019;WB_1467_EDUCATION_FOR_ALL,14148;WB_1467_EDUCATION_FOR_ALL,14411;WB_1467_EDUCATION_FOR_ALL,14462;WB_1467_EDUCATION_FOR_ALL,14782;WB_1467_EDUCATION_FOR_ALL,14827;WB_1467_EDUCATION_FOR_ALL,15012;WB_1467_EDUCATION_FOR_ALL,15068;WB_1467_EDUCATION_FOR_ALL,15225;WB_1467_EDUCATION_FOR_ALL,15458;WB_1467_EDUCATION_FOR_ALL,15625;WB_1467_EDUCATION_FOR_ALL,15747;WB_1467_EDUCATION_FOR_ALL,21460;WB_1467_EDUCATION_FOR_ALL,21569;WB_1467_EDUCATION_FOR_ALL,21731;WB_1467_EDUCATION_FOR_ALL,26744;WB_1467_EDUCATION_FOR_ALL,27727;WB_1467_EDUCATION_FOR_ALL,27778;WB_1467_EDUCATION_FOR_ALL,27851;WB_1467_EDUCATION_FOR_ALL,27898;WB_1467_EDUCATION_FOR_ALL,31785;WB_1467_EDUCATION_FOR_ALL,32985;WB_1467_EDUCATION_FOR_ALL,38158;WB_1467_EDUCATION_FOR_ALL,39507;WB_1467_EDUCATION_FOR_ALL,43727;WB_1467_EDUCATION_FOR_ALL,44735;WB_1467_EDUCATION_FOR_ALL,44889;WB_1467_EDUCATION_FOR_ALL,47000;WB_1467_EDUCATION_FOR_ALL,48041;WB_1467_EDUCATION_FOR_ALL,50312;WB_1467_EDUCATION_FOR_ALL,50444;WB_1467_EDUCATION_FOR_ALL,50658;WB_1467_EDUCATION_FOR_ALL,51291;WB_1467_EDUCATION_FOR_ALL,52437;WB_1467_EDUCATION_FOR_ALL,52486;WB_1467_EDUCATION_FOR_ALL,55659;WB_1467_EDUCATION_FOR_ALL,55999;WB_1467_EDUCATION_FOR_ALL,56156;WB_1467_EDUCATION_FOR_ALL,56188;WB_1467_EDUCATION_FOR_ALL,56254;WB_1467_EDUCATION_FOR_ALL,56515;WB_1467_EDUCATION_FOR_ALL,56638;WB_1467_EDUCATION_FOR_ALL,57578;WB_1467_EDUCATION_FOR_ALL,57698;WB_1467_EDUCATION_FOR_ALL,58132;WB_1467_EDUCATION_FOR_ALL,91642;WB_1467_EDUCATION_FOR_ALL,91712;WB_1467_EDUCATION_FOR_ALL,93009;WB_1467_EDUCATION_FOR_ALL,93232;WB_1467_EDUCATION_FOR_ALL,94934;WB_1467_EDUCATION_FOR_ALL,96079;WB_1467_EDUCATION_FOR_ALL,96666;WB_1467_EDUCATION_FOR_ALL,96864;WB_1467_EDUCATION_FOR_ALL,97000;WB_1467_EDUCATION_FOR_ALL,97345;WB_1467_EDUCATION_FOR_ALL,97664;WB_1467_EDUCATION_FOR_ALL,97723;WB_1467_EDUCATION_FOR_ALL,97896;WB_1467_EDUCATION_FOR_ALL,98178;WB_1467_EDUCATION_FOR_ALL,98241;WB_1467_EDUCATION_FOR_ALL,98331;WB_1467_EDUCATION_FOR_ALL,98489;WB_1467_EDUCATION_FOR_ALL,98638;WB_1467_EDUCATION_FOR_ALL,98792;WB_1467_EDUCATION_FOR_ALL,99068;WB_1467_EDUCATION_FOR_ALL,99229;WB_1467_EDUCATION_FOR_ALL,99278;WB_1467_EDUCATION_FOR_ALL,99340;WB_1467_EDUCATION_FOR_ALL,99405;WB_1467_EDUCATION_FOR_ALL,99486;WB_1467_EDUCATION_FOR_ALL,99651;WB_1467_EDUCATION_FOR_ALL,100145;WB_1467_EDUCATION_FOR_ALL,100289;WB_1467_EDUCATION_FOR_ALL,100499;WB_1467_EDUCATION_FOR_ALL,100670;WB_1467_EDUCATION_FOR_ALL,100921;WB_1467_EDUCATION_FOR_ALL,101219;WB_1467_EDUCATION_FOR_ALL,101310;WB_1467_EDUCATION_FOR_ALL,101397;WB_1467_EDUCATION_FOR_ALL,101539;WB_1467_EDUCATION_FOR_ALL,101775;WB_1467_EDUCATION_FOR_ALL,101992;WB_1467_EDUCATION_FOR_ALL,102585;WB_1467_EDUCATION_FOR_ALL,104367;WB_1467_EDUCATION_FOR_ALL,108760;WB_1467_EDUCATION_FOR_ALL,111188;WB_1467_EDUCATION_FOR_ALL,112519;WB_1467_EDUCATION_FOR_ALL,117985;WB_1467_EDUCATION_FOR_ALL,118804;WB_1467_EDUCATION_FOR_ALL,119493;WB_1467_EDUCATION_FOR_ALL,120137;WB_2131_EMPLOYABILITY_SKILLS_AND_JOBS,380;WB_2131_EMPLOYABILITY_SKILLS_AND_JOBS,2637;WB_2131_EMPLOYABILITY_SKILLS_AND_JOBS,2799;WB_2131_EMPLOYABILITY_SKILLS_AND_JOBS,3920;WB_2131_EMPLOYABILITY_SKILLS_AND_JOBS,8532;WB_2131_EMPLOYABILITY_SKILLS_AND_JOBS,8583;WB_2131_EMPLOYABILITY_SKILLS_AND_JOBS,8909;WB_2131_EMPLOYABILITY_SKILLS_AND_JOBS,12764;WB_2131_EMPLOYABILITY_SKILLS_AND_JOBS,14019;WB_2131_EMPLOYABILITY_SKILLS_AND_JOBS,14148;WB_2131_EMPLOYABILITY_SKILLS_AND_JOBS,14411;WB_2131_EMPLOYABILITY_SKILLS_AND_JOBS,14462;WB_2131_EMPLOYABILITY_SKILLS_AND_JOBS,14782;WB_2131_EMPLOYABILITY_SKILLS_AND_JOBS,14827;WB_2131_EMPLOYABILITY_SKILLS_AND_JOBS,15012;WB_2131_EMPLOYABILITY_SKILLS_AND_JOBS,15068;WB_2131_EMPLOYABILITY_SKILLS_AND_JOBS,15225;WB_2131_EMPLOYABILITY_SKILLS_AND_JOBS,15458;WB_2131_EMPLOYABILITY_SKILLS_AND_JOBS,15625;WB_2131_EMPLOYABILITY_SKILLS_AND_JOBS,15747;WB_2131_EMPLOYABILITY_SKILLS_AND_JOBS,21460;WB_2131_EMPLOYABILITY_SKILLS_AND_JOBS,21569;WB_2131_EMPLOYABILITY_SKILLS_AND_JOBS,21731;WB_2131_EMPLOYABILITY_SKILLS_AND_JOBS,26744;WB_2131_EMPLOYABILITY_SKILLS_AND_JOBS,27727;WB_2131_EMPLOYABILITY_SKILLS_AND_JOBS,27778;WB_2131_EMPLOYABILITY_SKILLS_AND_JOBS,27851;WB_2131_EMPLOYABILITY_SKILLS_AND_JOBS,27898;WB_2131_EMPLOYABILITY_SKILLS_AND_JOBS,31785;WB_2131_EMPLOYABILITY_SKILLS_AND_JOBS,32985;WB_2131_EMPLOYABILITY_SKILLS_AND_JOBS,38158;WB_2131_EMPLOYABILITY_SKILLS_AND_JOBS,39507;WB_2131_EMPLOYABILITY_SKILLS_AND_JOBS,43727;WB_2131_EMPLOYABILITY_SKILLS_AND_JOBS,44735;WB_2131_EMPLOYABILITY_SKILLS_AND_JOBS,44889;WB_2131_EMPLOYABILITY_SKILLS_AND_JOBS,47000;WB_2131_EMPLOYABILITY_SKILLS_AND_JOBS,48041;WB_2131_EMPLOYABILITY_SKILLS_AND_JOBS,50312;WB_2131_EMPLOYABILITY_SKILLS_AND_JOBS,50444;WB_2131_EMPLOYABILITY_SKILLS_AND_JOBS,50658;WB_2131_EMPLOYABILITY_SKILLS_AND_JOBS,51291;WB_2131_EMPLOYABILITY_SKILLS_AND_JOBS,52437;WB_2131_EMPLOYABILITY_SKILLS_AND_JOBS,52486;WB_2131_EMPLOYABILITY_SKILLS_AND_JOBS,55659;WB_2131_EMPLOYABILITY_SKILLS_AND_JOBS,55999;WB_2131_EMPLOYABILITY_SKILLS_AND_JOBS,56156;WB_2131_EMPLOYABILITY_SKILLS_AND_JOBS,56188;WB_2131_EMPLOYABILITY_SKILLS_AND_JOBS,56254;WB_2131_EMPLOYABILITY_SKILLS_AND_JOBS,56515;WB_2131_EMPLOYABILITY_SKILLS_AND_JOBS,56638;WB_2131_EMPLOYABILITY_SKILLS_AND_JOBS,57578;WB_2131_EMPLOYABILITY_SKILLS_AND_JOBS,57698;WB_2131_EMPLOYABILITY_SKILLS_AND_JOBS,58132;WB_2131_EMPLOYABILITY_SKILLS_AND_JOBS,91642;WB_2131_EMPLOYABILITY_SKILLS_AND_JOBS,91712;WB_2131_EMPLOYABILITY_SKILLS_AND_JOBS,93009;WB_2131_EMPLOYABILITY_SKILLS_AND_JOBS,93232;WB_2131_EMPLOYABILITY_SKILLS_AND_JOBS,94934;WB_2131_EMPLOYABILITY_SKILLS_AND_JOBS,96079;WB_2131_EMPLOYABILITY_SKILLS_AND_JOBS,96666;WB_2131_EMPLOYABILITY_SKILLS_AND_JOBS,96864;WB_2131_EMPLOYABILITY_SKILLS_AND_JOBS,97000;WB_2131_EMPLOYABILITY_SKILLS_AND_JOBS,97345;WB_2131_EMPLOYABILITY_SKILLS_AND_JOBS,97664;WB_2131_EMPLOYABILITY_SKILLS_AND_JOBS,97723;WB_2131_EMPLOYABILITY_SKILLS_AND_JOBS,97896;WB_2131_EMPLOYABILITY_SKILLS_AND_JOBS,98178;WB_2131_EMPLOYABILITY_SKILLS_AND_JOBS,98241;WB_2131_EMPLOYABILITY_SKILLS_AND_JOBS,98331;WB_2131_EMPLOYABILITY_SKILLS_AND_JOBS,98489;WB_2131_EMPLOYABILITY_SKILLS_AND_JOBS,98638;WB_2131_EMPLOYABILITY_SKILLS_AND_JOBS,98792;WB_2131_EMPLOYABILITY_SKILLS_AND_JOBS,99068;WB_2131_EMPLOYABILITY_SKILLS_AND_JOBS,99229;WB_2131_EMPLOYABILITY_SKILLS_AND_JOBS,99278;WB_2131_EMPLOYABILITY_SKILLS_AND_JOBS,99340;WB_2131_EMPLOYABILITY_SKILLS_AND_JOBS,99405;WB_2131_EMPLOYABILITY_SKILLS_AND_JOBS,99486;WB_2131_EMPLOYABILITY_SKILLS_AND_JOBS,99651;WB_2131_EMPLOYABILITY_SKILLS_AND_JOBS,100145;WB_2131_EMPLOYABILITY_SKILLS_AND_JOBS,100289;WB_2131_EMPLOYABILITY_SKILLS_AND_JOBS,100499;WB_2131_EMPLOYABILITY_SKILLS_AND_JOBS,100670;WB_2131_EMPLOYABILITY_SKILLS_AND_JOBS,100921;WB_2131_EMPLOYABILITY_SKILLS_AND_JOBS,101219;WB_2131_EMPLOYABILITY_SKILLS_AND_JOBS,101310;WB_2131_EMPLOYABILITY_SKILLS_AND_JOBS,101397;WB_2131_EMPLOYABILITY_SKILLS_AND_JOBS,101539;WB_2131_EMPLOYABILITY_SKILLS_AND_JOBS,101775;WB_2131_EMPLOYABILITY_SKILLS_AND_JOBS,101992;WB_2131_EMPLOYABILITY_SKILLS_AND_JOBS,102585;WB_2131_EMPLOYABILITY_SKILLS_AND_JOBS,104367;WB_2131_EMPLOYABILITY_SKILLS_AND_JOBS,108760;WB_2131_EMPLOYABILITY_SKILLS_AND_JOBS,111188;WB_2131_EMPLOYABILITY_SKILLS_AND_JOBS,112519;WB_2131_EMPLOYABILITY_SKILLS_AND_JOBS,117985;WB_2131_EMPLOYABILITY_SKILLS_AND_JOBS,118804;WB_2131_EMPLOYABILITY_SKILLS_AND_JOBS,119493;WB_2131_EMPLOYABILITY_SKILLS_AND_JOBS,120137;WB_1484_EDUCATION_SKILLS_DEVELOPMENT_AND_LABOR_MARKET,380;WB_1484_EDUCATION_SKILLS_DEVELOPMENT_AND_LABOR_MARKET,2637;WB_1484_EDUCATION_SKILLS_DEVELOPMENT_AND_LABOR_MARKET,2799;WB_1484_EDUCATION_SKILLS_DEVELOPMENT_AND_LABOR_MARKET,3920;WB_1484_EDUCATION_SKILLS_DEVELOPMENT_AND_LABOR_MARKET,8532;WB_1484_EDUCATION_SKILLS_DEVELOPMENT_AND_LABOR_MARKET,8583;WB_1484_EDUCATION_SKILLS_DEVELOPMENT_AND_LABOR_MARKET,8909;WB_1484_EDUCATION_SKILLS_DEVELOPMENT_AND_LABOR_MARKET,12764;WB_1484_EDUCATION_SKILLS_DEVELOPMENT_AND_LABOR_MARKET,14019;WB_1484_EDUCATION_SKILLS_DEVELOPMENT_AND_LABOR_MARKET,14148;WB_1484_EDUCATION_SKILLS_DEVELOPMENT_AND_LABOR_MARKET,14411;WB_1484_EDUCATION_SKILLS_DEVELOPMENT_AND_LABOR_MARKET,14462;WB_1484_EDUCATION_SKILLS_DEVELOPMENT_AND_LABOR_MARKET,14782;WB_1484_EDUCATION_SKILLS_DEVELOPMENT_AND_LABOR_MARKET,14827;WB_1484_EDUCATION_SKILLS_DEVELOPMENT_AND_LABOR_MARKET,15012;WB_1484_EDUCATION_SKILLS_DEVELOPMENT_AND_LABOR_MARKET,15068;WB_1484_EDUCATION_SKILLS_DEVELOPMENT_AND_LABOR_MARKET,15225;WB_1484_EDUCATION_SKILLS_DEVELOPMENT_AND_LABOR_MARKET,15458;WB_1484_EDUCATION_SKILLS_DEVELOPMENT_AND_LABOR_MARKET,15625;WB_1484_EDUCATION_SKILLS_DEVELOPMENT_AND_LABOR_MARKET,15747;WB_1484_EDUCATION_SKILLS_DEVELOPMENT_AND_LABOR_MARKET,21460;WB_1484_EDUCATION_SKILLS_DEVELOPMENT_AND_LABOR_MARKET,21569;WB_1484_EDUCATION_SKILLS_DEVELOPMENT_AND_LABOR_MARKET,21731;WB_1484_EDUCATION_SKILLS_DEVELOPMENT_AND_LABOR_MARKET,26744;WB_1484_EDUCATION_SKILLS_DEVELOPMENT_AND_LABOR_MARKET,27727;WB_1484_EDUCATION_SKILLS_DEVELOPMENT_AND_LABOR_MARKET,27778;WB_1484_EDUCATION_SKILLS_DEVELOPMENT_AND_LABOR_MARKET,27851;WB_1484_EDUCATION_SKILLS_DEVELOPMENT_AND_LABOR_MARKET,27898;WB_1484_EDUCATION_SKILLS_DEVELOPMENT_AND_LABOR_MARKET,31785;WB_1484_EDUCATION_SKILLS_DEVELOPMENT_AND_LABOR_MARKET,32985;WB_1484_EDUCATION_SKILLS_DEVELOPMENT_AND_LABOR_MARKET,38158;WB_1484_EDUCATION_SKILLS_DEVELOPMENT_AND_LABOR_MARKET,39507;WB_1484_EDUCATION_SKILLS_DEVELOPMENT_AND_LABOR_MARKET,43727;WB_1484_EDUCATION_SKILLS_DEVELOPMENT_AND_LABOR_MARKET,44735;WB_1484_EDUCATION_SKILLS_DEVELOPMENT_AND_LABOR_MARKET,44889;WB_1484_EDUCATION_SKILLS_DEVELOPMENT_AND_LABOR_MARKET,47000;WB_1484_EDUCATION_SKILLS_DEVELOPMENT_AND_LABOR_MARKET,48041;WB_1484_EDUCATION_SKILLS_DEVELOPMENT_AND_LABOR_MARKET,50312;WB_1484_EDUCATION_SKILLS_DEVELOPMENT_AND_LABOR_MARKET,50444;WB_1484_EDUCATION_SKILLS_DEVELOPMENT_AND_LABOR_MARKET,50658;WB_1484_EDUCATION_SKILLS_DEVELOPMENT_AND_LABOR_MARKET,51291;WB_1484_EDUCATION_SKILLS_DEVELOPMENT_AND_LABOR_MARKET,52437;WB_1484_EDUCATION_SKILLS_DEVELOPMENT_AND_LABOR_MARKET,52486;WB_1484_EDUCATION_SKILLS_DEVELOPMENT_AND_LABOR_MARKET,55659;WB_1484_EDUCATION_SKILLS_DEVELOPMENT_AND_LABOR_MARKET,55999;WB_1484_EDUCATION_SKILLS_DEVELOPMENT_AND_LABOR_MARKET,56156;WB_1484_EDUCATION_SKILLS_DEVELOPMENT_AND_LABOR_MARKET,56188;WB_1484_EDUCATION_SKILLS_DEVELOPMENT_AND_LABOR_MARKET,56254;WB_1484_EDUCATION_SKILLS_DEVELOPMENT_AND_LABOR_MARKET,56515;WB_1484_EDUCATION_SKILLS_DEVELOPMENT_AND_LABOR_MARKET,56638;WB_1484_EDUCATION_SKILLS_DEVELOPMENT_AND_LABOR_MARKET,57578;WB_1484_EDUCATION_SKILLS_DEVELOPMENT_AND_LABOR_MARKET,57698;WB_1484_EDUCATION_SKILLS_DEVELOPMENT_AND_LABOR_MARKET,58132;WB_1484_EDUCATION_SKILLS_DEVELOPMENT_AND_LABOR_MARKET,91642;WB_1484_EDUCATION_SKILLS_DEVELOPMENT_AND_LABOR_MARKET,91712;WB_1484_EDUCATION_SKILLS_DEVELOPMENT_AND_LABOR_MARKET,93009;WB_1484_EDUCATION_SKILLS_DEVELOPMENT_AND_LABOR_MARKET,93232;WB_1484_EDUCATION_SKILLS_DEVELOPMENT_AND_LABOR_MARKET,94934;WB_1484_EDUCATION_SKILLS_DEVELOPMENT_AND_LABOR_MARKET,96079;WB_1484_EDUCATION_SKILLS_DEVELOPMENT_AND_LABOR_MARKET,96666;WB_1484_EDUCATION_SKILLS_DEVELOPMENT_AND_LABOR_MARKET,96864;WB_1484_EDUCATION_SKILLS_DEVELOPMENT_AND_LABOR_MARKET,97000;WB_1484_EDUCATION_SKILLS_DEVELOPMENT_AND_LABOR_MARKET,97345;WB_1484_EDUCATION_SKILLS_DEVELOPMENT_AND_LABOR_MARKET,97664;WB_1484_EDUCATION_SKILLS_DEVELOPMENT_AND_LABOR_MARKET,97723;WB_1484_EDUCATION_SKILLS_DEVELOPMENT_AND_LABOR_MARKET,97896;WB_1484_EDUCATION_SKILLS_DEVELOPMENT_AND_LABOR_MARKET,98178;WB_1484_EDUCATION_SKILLS_DEVELOPMENT_AND_LABOR_MARKET,98241;WB_1484_EDUCATION_SKILLS_DEVELOPMENT_AND_LABOR_MARKET,98331;WB_1484_EDUCATION_SKILLS_DEVELOPMENT_AND_LABOR_MARKET,98489;WB_1484_EDUCATION_SKILLS_DEVELOPMENT_AND_LABOR_MARKET,98638;WB_1484_EDUCATION_SKILLS_DEVELOPMENT_AND_LABOR_MARKET,98792;WB_1484_EDUCATION_SKILLS_DEVELOPMENT_AND_LABOR_MARKET,99068;WB_1484_EDUCATION_SKILLS_DEVELOPMENT_AND_LABOR_MARKET,99229;WB_1484_EDUCATION_SKILLS_DEVELOPMENT_AND_LABOR_MARKET,99278;WB_1484_EDUCATION_SKILLS_DEVELOPMENT_AND_LABOR_MARKET,99340;WB_1484_EDUCATION_SKILLS_DEVELOPMENT_AND_LABOR_MARKET,99405;WB_1484_EDUCATION_SKILLS_DEVELOPMENT_AND_LABOR_MARKET,99486;WB_1484_EDUCATION_SKILLS_DEVELOPMENT_AND_LABOR_MARKET,99651;WB_1484_EDUCATION_SKILLS_DEVELOPMENT_AND_LABOR_MARKET,100145;WB_1484_EDUCATION_SKILLS_DEVELOPMENT_AND_LABOR_MARKET,100289;WB_1484_EDUCATION_SKILLS_DEVELOPMENT_AND_LABOR_MARKET,100499;WB_1484_EDUCATION_SKILLS_DEVELOPMENT_AND_LABOR_MARKET,100670;WB_1484_EDUCATION_SKILLS_DEVELOPMENT_AND_LABOR_MARKET,100921;WB_1484_EDUCATION_SKILLS_DEVELOPMENT_AND_LABOR_MARKET,101219;WB_1484_EDUCATION_SKILLS_DEVELOPMENT_AND_LABOR_MARKET,101310;WB_1484_EDUCATION_SKILLS_DEVELOPMENT_AND_LABOR_MARKET,101397;WB_1484_EDUCATION_SKILLS_DEVELOPMENT_AND_LABOR_MARKET,101539;WB_1484_EDUCATION_SKILLS_DEVELOPMENT_AND_LABOR_MARKET,101775;WB_1484_EDUCATION_SKILLS_DEVELOPMENT_AND_LABOR_MARKET,101992;WB_1484_EDUCATION_SKILLS_DEVELOPMENT_AND_LABOR_MARKET,102585;WB_1484_EDUCATION_SKILLS_DEVELOPMENT_AND_LABOR_MARKET,104367;WB_1484_EDUCATION_SKILLS_DEVELOPMENT_AND_LABOR_MARKET,108760;WB_1484_EDUCATION_SKILLS_DEVELOPMENT_AND_LABOR_MARKET,111188;WB_1484_EDUCATION_SKILLS_DEVELOPMENT_AND_LABOR_MARKET,112519;WB_1484_EDUCATION_SKILLS_DEVELOPMENT_AND_LABOR_MARKET,117985;WB_1484_EDUCATION_SKILLS_DEVELOPMENT_AND_LABOR_MARKET,118804;WB_1484_EDUCATION_SKILLS_DEVELOPMENT_AND_LABOR_MARKET,119493;WB_1484_EDUCATION_SKILLS_DEVELOPMENT_AND_LABOR_MARKET,120137;WB_2658_MANDATORY_RETIREMENT_AGE,10784;WB_2658_MANDATORY_RETIREMENT_AGE,11029;WB_2658_MANDATORY_RETIREMENT_AGE,11535;WB_2658_MANDATORY_RETIREMENT_AGE,12802;WB_2658_MANDATORY_RETIREMENT_AGE,12930;WB_2658_MANDATORY_RETIREMENT_AGE,17103;WB_2658_MANDATORY_RETIREMENT_AGE,19770;WB_2658_MANDATORY_RETIREMENT_AGE,36218;WB_2658_MANDATORY_RETIREMENT_AGE,36361;WB_2658_MANDATORY_RETIREMENT_AGE,36530;WB_2658_MANDATORY_RETIREMENT_AGE,36789;WB_2658_MANDATORY_RETIREMENT_AGE,37366;WB_2658_MANDATORY_RETIREMENT_AGE,37993;WB_2658_MANDATORY_RETIREMENT_AGE,38368;WB_2658_MANDATORY_RETIREMENT_AGE,39050;WB_2658_MANDATORY_RETIREMENT_AGE,39292;WB_2658_MANDATORY_RETIREMENT_AGE,39378;WB_2658_MANDATORY_RETIREMENT_AGE,73431;WB_2658_MANDATORY_RETIREMENT_AGE,104974;WB_2658_MANDATORY_RETIREMENT_AGE,118084;WB_2658_MANDATORY_RETIREMENT_AGE,118333;WB_2658_MANDATORY_RETIREMENT_AGE,118495;WB_2658_MANDATORY_RETIREMENT_AGE,118558;WB_2658_MANDATORY_RETIREMENT_AGE,119978;WB_2658_MANDATORY_RETIREMENT_AGE,120026;WB_2658_MANDATORY_RETIREMENT_AGE,120175;WB_2658_MANDATORY_RETIREMENT_AGE,120308;WB_2658_MANDATORY_RETIREMENT_AGE,120830;WB_2658_MANDATORY_RETIREMENT_AGE,121467;WB_1673_PASSIVE_LABOR_MARKETS_POLICIES,10784;WB_1673_PASSIVE_LABOR_MARKETS_POLICIES,11029;WB_1673_PASSIVE_LABOR_MARKETS_POLICIES,11535;WB_1673_PASSIVE_LABOR_MARKETS_POLICIES,12802;WB_1673_PASSIVE_LABOR_MARKETS_POLICIES,12930;WB_1673_PASSIVE_LABOR_MARKETS_POLICIES,17103;WB_1673_PASSIVE_LABOR_MARKETS_POLICIES,19770;WB_1673_PASSIVE_LABOR_MARKETS_POLICIES,36218;WB_1673_PASSIVE_LABOR_MARKETS_POLICIES,36361;WB_1673_PASSIVE_LABOR_MARKETS_POLICIES,36530;WB_1673_PASSIVE_LABOR_MARKETS_POLICIES,36789;WB_1673_PASSIVE_LABOR_MARKETS_POLICIES,37366;WB_1673_PASSIVE_LABOR_MARKETS_POLICIES,37993;WB_1673_PASSIVE_LABOR_MARKETS_POLICIES,38368;WB_1673_PASSIVE_LABOR_MARKETS_POLICIES,39050;WB_1673_PASSIVE_LABOR_MARKETS_POLICIES,39292;WB_1673_PASSIVE_LABOR_MARKETS_POLICIES,39378;WB_1673_PASSIVE_LABOR_MARKETS_POLICIES,73431;WB_1673_PASSIVE_LABOR_MARKETS_POLICIES,104974;WB_1673_PASSIVE_LABOR_MARKETS_POLICIES,118084;WB_1673_PASSIVE_LABOR_MARKETS_POLICIES,118333;WB_1673_PASSIVE_LABOR_MARKETS_POLICIES,118495;WB_1673_PASSIVE_LABOR_MARKETS_POLICIES,118558;WB_1673_PASSIVE_LABOR_MARKETS_POLICIES,119978;WB_1673_PASSIVE_LABOR_MARKETS_POLICIES,120026;WB_1673_PASSIVE_LABOR_MARKETS_POLICIES,120175;WB_1673_PASSIVE_LABOR_MARKETS_POLICIES,120308;WB_1673_PASSIVE_LABOR_MARKETS_POLICIES,120830;WB_1673_PASSIVE_LABOR_MARKETS_POLICIES,121467;		1#Germany#GM#GM##51.5#10.5#GM#2507;1#Germany#GM#GM##51.5#10.5#GM#44365;4#Seoul, Soul-T'ukpyolsi, South Korea#KS#KS11#24984#37.5664#127#-716583#1971;4#Seoul, Soul-T'ukpyolsi, South Korea#KS#KS11#24984#37.5664#127#-716583#25227;4#Seoul, Soul-T'ukpyolsi, South Korea#KS#KS11#24984#37.5664#127#-716583#43614;4#Seoul, Soul-T'ukpyolsi, South Korea#KS#KS11#24984#37.5664#127#-716583#44062;4#Seoul, Soul-T'ukpyolsi, South Korea#KS#KS11#24984#37.5664#127#-716583#47314;4#Seoul, Soul-T'ukpyolsi, South Korea#KS#KS11#24984#37.5664#127#-716583#82080;4#Seoul, Soul-T'ukpyolsi, South Korea#KS#KS11#24984#37.5664#127#-716583#82621;4#Seoul, Soul-T'ukpyolsi, South Korea#KS#KS11#24984#37.5664#127#-716583#84234;4#Seoul, Soul-T'ukpyolsi, South Korea#KS#KS11#24984#37.5664#127#-716583#94410;4#Seoul, Soul-T'ukpyolsi, South Korea#KS#KS11#24984#37.5664#127#-716583#95016;4#Seoul, Soul-T'ukpyolsi, South Korea#KS#KS11#24984#37.5664#127#-716583#114661;4#Seoul, Soul-T'ukpyolsi, South Korea#KS#KS11#24984#37.5664#127#-716583#115923;5#Jeollanam-Do, Cholla-Namdo, South Korea#KS#KS16#24974#34.75#127#-706575#1885;5#Jeollanam-Do, Cholla-Namdo, South Korea#KS#KS16#24974#34.75#127#-706575#43984;5#Jeollanam-Do, Cholla-Namdo, South Korea#KS#KS16#24974#34.75#127#-706575#94466;1#Republic Of Korea#KS#KS##37#127.5#KS#35;1#South Korea#KS#KS##37#127.5#KS#706;1#South Korea#KS#KS##37#127.5#KS#1204;1#South Korea#KS#KS##37#127.5#KS#1506;1#South Korea#KS#KS##37#127.5#KS#1898;1#South Korea#KS#KS##37#127.5#KS#1984;1#South Korea#KS#KS##37#127.5#KS#5688;1#South Korea#KS#KS##37#127.5#KS#10180;1#South Korea#KS#KS##37#127.5#KS#10759;1#South Korea#KS#KS##37#127.5#KS#16365;1#South Korea#KS#KS##37#127.5#KS#17501;1#South Korea#KS#KS##37#127.5#KS#17794;1#South Korea#KS#KS##37#127.5#KS#24656;1#South Korea#KS#KS##37#127.5#KS#25240;1#South Korea#KS#KS##37#127.5#KS#25275;1#South Korea#KS#KS##37#127.5#KS#25301;1#South Korea#KS#KS##37#127.5#KS#29197;1#South Korea#KS#KS##37#127.5#KS#29400;1#South Korea#KS#KS##37#127.5#KS#29538;1#South Korea#KS#KS##37#127.5#KS#30222;1#South Korea#KS#KS##37#127.5#KS#31195;1#South Korea#KS#KS##37#127.5#KS#31516;1#South Korea#KS#KS##37#127.5#KS#32896;1#South Korea#KS#KS##37#127.5#KS#33884;1#South Korea#KS#KS##37#127.5#KS#35521;1#South Korea#KS#KS##37#127.5#KS#35687;1#South Korea#KS#KS##37#127.5#KS#39635;1#South Korea#KS#KS##37#127.5#KS#40553;1#South Korea#KS#KS##37#127.5#KS#40665;1#South Korea#KS#KS##37#127.5#KS#43237;1#South Korea#KS#KS##37#127.5#KS#43627;1#South Korea#KS#KS##37#127.5#KS#43997;1#South Korea#KS#KS##37#127.5#KS#44075;1#South Korea#KS#KS##37#127.5#KS#45554;1#South Korea#KS#KS##37#127.5#KS#47327;1#South Korea#KS#KS##37#127.5#KS#47893;1#South Korea#KS#KS##37#127.5#KS#54800;1#South Korea#KS#KS##37#127.5#KS#60854;1#South Korea#KS#KS##37#127.5#KS#61047;1#South Korea#KS#KS##37#127.5#KS#62278;1#South Korea#KS#KS##37#127.5#KS#68715;1#South Korea#KS#KS##37#127.5#KS#69463;1#South Korea#KS#KS##37#127.5#KS#69888;1#South Korea#KS#KS##37#127.5#KS#71790;1#South Korea#KS#KS##37#127.5#KS#82093;1#South Korea#KS#KS##37#127.5#KS#82121;1#South Korea#KS#KS##37#127.5#KS#82634;1#South Korea#KS#KS##37#127.5#KS#84247;1#South Korea#KS#KS##37#127.5#KS#86057;1#South Korea#KS#KS##37#127.5#KS#87507;1#South Korea#KS#KS##37#127.5#KS#89606;1#South Korea#KS#KS##37#127.5#KS#94423;1#South Korea#KS#KS##37#127.5#KS#94479;1#South Korea#KS#KS##37#127.5#KS#95029;1#South Korea#KS#KS##37#127.5#KS#110340;1#South Korea#KS#KS##37#127.5#KS#113050;1#South Korea#KS#KS##37#127.5#KS#114249;1#South Korea#KS#KS##37#127.5#KS#114674;1#South Korea#KS#KS##37#127.5#KS#115936;1#South Korea#KS#KS##37#127.5#KS#116004;1#South Korea#KS#KS##37#127.5#KS#118308;1#South Korea#KS#KS##37#127.5#KS#121759;1#South Korea#KS#KS##37#127.5#KS#121805;1#South Korea#KS#KS##37#127.5#KS#122152;1#South Korea#KS#KS##37#127.5#KS#122613;1#South Korea#KS#KS##37#127.5#KS#122852;1#South Korea#KS#KS##37#127.5#KS#123111;1#South Korea#KS#KS##37#127.5#KS#123637;1#South Korea#KS#KS##37#127.5#KS#123853;1#South Korea#KS#KS##37#127.5#KS#125096;1#South Korea#KS#KS##37#127.5#KS#128090;1#Japanese#JA#JA##36#138#JA#92055;1#Korea#KS#KS##37#127.5#KS#35;1#Korea#KS#KS##37#127.5#KS#706;1#Korea#KS#KS##37#127.5#KS#1204;1#Korea#KS#KS##37#127.5#KS#1506;1#Korea#KS#KS##37#127.5#KS#1898;1#Korea#KS#KS##37#127.5#KS#1984;1#Korea#KS#KS##37#127.5#KS#3757;1#Korea#KS#KS##37#127.5#KS#5688;1#Korea#KS#KS##37#127.5#KS#10180;1#Korea#KS#KS##37#127.5#KS#10759;1#Korea#KS#KS##37#127.5#KS#16365;1#Korea#KS#KS##37#127.5#KS#17501;1#Korea#KS#KS##37#127.5#KS#17794;1#Korea#KS#KS##37#127.5#KS#24656;1#Korea#KS#KS##37#127.5#KS#25240;1#Korea#KS#KS##37#127.5#KS#25275;1#Korea#KS#KS##37#127.5#KS#25301;1#Korea#KS#KS##37#127.5#KS#29197;1#Korea#KS#KS##37#127.5#KS#29400;1#Korea#KS#KS##37#127.5#KS#29538;1#Korea#KS#KS##37#127.5#KS#30222;1#Korea#KS#KS##37#127.5#KS#31195;1#Korea#KS#KS##37#127.5#KS#31516;1#Korea#KS#KS##37#127.5#KS#32896;1#Korea#KS#KS##37#127.5#KS#33532;1#Korea#KS#KS##37#127.5#KS#33884;1#Korea#KS#KS##37#127.5#KS#35029;1#Korea#KS#KS##37#127.5#KS#35091;1#Korea#KS#KS##37#127.5#KS#35354;1#Korea#KS#KS##37#127.5#KS#35521;1#Korea#KS#KS##37#127.5#KS#35687;1#Korea#KS#KS##37#127.5#KS#36059;1#Korea#KS#KS##37#127.5#KS#39635;1#Korea#KS#KS##37#127.5#KS#40553;1#Korea#KS#KS##37#127.5#KS#40665;1#Korea#KS#KS##37#127.5#KS#43237;1#Korea#KS#KS##37#127.5#KS#43627;1#Korea#KS#KS##37#127.5#KS#43997;1#Korea#KS#KS##37#127.5#KS#44075;1#Korea#KS#KS##37#127.5#KS#45554;1#Korea#KS#KS##37#127.5#KS#46162;1#Korea#KS#KS##37#127.5#KS#47327;1#Korea#KS#KS##37#127.5#KS#47893;1#Korea#KS#KS##37#127.5#KS#53386;1#Korea#KS#KS##37#127.5#KS#54800;1#Korea#KS#KS##37#127.5#KS#60854;1#Korea#KS#KS##37#127.5#KS#61047;1#Korea#KS#KS##37#127.5#KS#62278;1#Korea#KS#KS##37#127.5#KS#68715;1#Korea#KS#KS##37#127.5#KS#69463;1#Korea#KS#KS##37#127.5#KS#69888;1#Korea#KS#KS##37#127.5#KS#71790;1#Korea#KS#KS##37#127.5#KS#76409;1#Korea#KS#KS##37#127.5#KS#82093;1#Korea#KS#KS##37#127.5#KS#82121;1#Korea#KS#KS##37#127.5#KS#82634;1#Korea#KS#KS##37#127.5#KS#84247;1#Korea#KS#KS##37#127.5#KS#86057;1#Korea#KS#KS##37#127.5#KS#86769;1#Korea#KS#KS##37#127.5#KS#87507;1#Korea#KS#KS##37#127.5#KS#89606;1#Korea#KS#KS##37#127.5#KS#94423;1#Korea#KS#KS##37#127.5#KS#94479;1#Korea#KS#KS##37#127.5#KS#95029;1#Korea#KS#KS##37#127.5#KS#103348;1#Korea#KS#KS##37#127.5#KS#110340;1#Korea#KS#KS##37#127.5#KS#113050;1#Korea#KS#KS##37#127.5#KS#113061;1#Korea#KS#KS##37#127.5#KS#114249;1#Korea#KS#KS##37#127.5#KS#114674;1#Korea#KS#KS##37#127.5#KS#115936;1#Korea#KS#KS##37#127.5#KS#116004;1#Korea#KS#KS##37#127.5#KS#118308;1#Korea#KS#KS##37#127.5#KS#121759;1#Korea#KS#KS##37#127.5#KS#121805;1#Korea#KS#KS##37#127.5#KS#122152;1#Korea#KS#KS##37#127.5#KS#122613;1#Korea#KS#KS##37#127.5#KS#122852;1#Korea#KS#KS##37#127.5#KS#123111;1#Korea#KS#KS##37#127.5#KS#123637;1#Korea#KS#KS##37#127.5#KS#123853;1#Korea#KS#KS##37#127.5#KS#125096;1#Korea#KS#KS##37#127.5#KS#128090;1#South Korean#KS#KS##37#127.5#KS#294;1#South Korean#KS#KS##37#127.5#KS#785;1#South Korean#KS#KS##37#127.5#KS#3196;1#South Korean#KS#KS##37#127.5#KS#8060;1#South Korean#KS#KS##37#127.5#KS#24388;1#South Korean#KS#KS##37#127.5#KS#25128;1#South Korean#KS#KS##37#127.5#KS#29979;1#South Korean#KS#KS##37#127.5#KS#35844;1#South Korean#KS#KS##37#127.5#KS#40380;1#South Korean#KS#KS##37#127.5#KS#48152;1#South Korean#KS#KS##37#127.5#KS#63082;1#South Korean#KS#KS##37#127.5#KS#64157;1#South Korean#KS#KS##37#127.5#KS#67985;1#South Korean#KS#KS##37#127.5#KS#71663;1#South Korean#KS#KS##37#127.5#KS#89710;1#South Korean#KS#KS##37#127.5#KS#91291;1#South Korean#KS#KS##37#127.5#KS#96690;1#South Korean#KS#KS##37#127.5#KS#108159;1#South Korean#KS#KS##37#127.5#KS#115109;4#Suwon, Cheju-Do, South Korea#KS#KS01#24972#33.4264#126.266#-716879#25288;4#Incheon, Inch'on-Gwangyoksi, South Korea#KS#KS12#24980#37.4536#126.732#-708814#25262;4#Incheon, Inch'on-Gwangyoksi, South Korea#KS#KS12#24980#37.4536#126.732#-708814#30209					-1.03037362243527,2.32058059313682,3.35095421557208,5.6715348087089,21.2884150165756,0.385270137084491,19471			https://www.hrw.org/sites/default/files/styles/opengraph/public/media_2026/07/202607asia_southkorea_olderwoman-cleaner.jpg?h=dcc8ec26&itok=UQZoVGZJ								<PAGE_PRECISEPUBTIMESTAMP>20260908220000</PAGE_PRECISEPUBTIMESTAMP><PAGE_TITLE>Too Old and A Woman</PAGE_TITLE>
	20260908233000		iheart.com	https://1061kissfm.iheart.com/content/2026-09-08-selena-gomez-shares-hopes-for-becoming-a-mom-in-sweet-snap-one-day/				TAX_FNCACT_CHILDREN,699;TAX_FNCACT_CHILDREN,979;TAX_FNCACT_FOUNDER,87;TAX_FNCACT_BABY,274;							7.21153846153846,8.17307692307692,0.961538461538462,9.13461538461538,14.4230769230769,0,195			https://i.iheart.com/v3/re/new_assets/6aa032a63aed053d36abf313?ops=gravity(%22north%22),fit(1200,675),quality(65)								<PAGE_LINKS>https://people.com/selena-gomez-shares-she-hopes-to-one-day-become-a-mom-12110399;https://www.iheart.com/artist/benny-blanco-833174/;https://www.iheart.com/artist/selena-gomez-57706/;https://www.iheart.com/content/2024-05-29-selena-gomez-reveals-she-planned-to-adopt-kids-before-benny-blanco-romance/;https://www.iheart.com/content/2024-09-09-selena-gomez-reveals-she-cant-carry-her-own-children-i-had-to-grieve/;https://www.iheart.com/content/2025-03-26-selena-gomez-is-so-excited-to-have-kids-with-benny-blanco/;https://www.iheart.com/content/2025-09-27-selena-gomez-marries-benny-blanco-in-romantic-ceremony/;https://www.iheart.com/content/2025-10-10-selena-gomez-shares-hopes-of-starting-a-family-after-marrying-benny-blanco/;https://www.iheart.com/content/2026-07-23-benny-blanco-whips-up-special-birthday-cooking-for-wife-selena-gomez/</PAGE_LINKS><PAGE_TITLE>Selena Gomez Shares Hopes For Becoming A Mom In Sweet Snap: 'One Day'</PAGE_TITLE>
	20260908233000		waer.org	https://www.waer.org/news/2026-09-08/15-bands-set-to-perform-at-24th-annual-jazz-n-caz-festival				TAX_FNCACT_PRODUCER,314;TAX_FNCACT_FOUNDER,303;WB_1979_NATURAL_RESOURCE_MANAGEMENT,1281;WB_435_AGRICULTURE_AND_FOOD_SECURITY,1281;WB_1986_MOUNTAINS,1281;		3#Fort Drum, New York, United States#US#USNY#NY045#44.1009#-75.6114#2512522#1316;3#Cazenovia, New York, United States#US#USNY#NY053#42.9301#-75.8527#946090#424;2#New York, United States#US#USNY##42.1497#-74.9384#NY#16;3#Syracuse, New York, United States#US#USNY#NY067#43.0481#-76.1474#966966#806					2.87769784172662,3.23741007194245,0.359712230215827,3.59712230215827,19.4244604316547,1.07913669064748,253			http://npr-brightspot.s3.amazonaws.com/75/8b/195c7c6c4149a193216d4451e91d/jazz-in-caz-2025-one-int-sum-cr-jazz-in-caz.jpeg								<PAGE_PRECISEPUBTIMESTAMP>20260908153000</PAGE_PRECISEPUBTIMESTAMP><PAGE_ALTURL_AMP>https://www.waer.org/news/2026-09-08/15-bands-set-to-perform-at-24th-annual-jazz-n-caz-festival?_amp=true</PAGE_ALTURL_AMP><PAGE_TITLE>15 bands set to perform at 24th annual Jazz N' Caz festival</PAGE_TITLE>
	20260908233000		iheart.com	https://939thewolf.iheart.com/content/2026-09-08-dolly-partons-songteller-hotel-life-of-many-colors-museum-opening-day-revealed/				TAX_FNCACT_REPRESENTATIVES,179;ARMEDCONFLICT,258;TOURISM,1820;WB_825_TOURISM,1820;WB_1921_PRIVATE_SECTOR_DEVELOPMENT,1820;WB_346_COMPETITIVE_INDUSTRIES,1820;WB_818_INDUSTRY_POLICY_AND_REAL_SECTORS,1820;TAX_DISEASE_CANCER,270;TAX_DISEASE_CANCER,341;WB_1406_DISEASES,270;WB_1406_DISEASES,341;WB_1431_CANCER,270;WB_1431_CANCER,341;WB_621_HEALTH_NUTRITION_AND_POPULATION,270;WB_621_HEALTH_NUTRITION_AND_POPULATION,341;WB_1427_NON_COMMUNICABLE_DISEASE_AND_INJURY,270;WB_1427_NON_COMMUNICABLE_DISEASE_AND_INJURY,341;USPEC_POLITICS_GENERAL1,1626;TAX_FNCACT_OFFICIAL,1282;TAX_FNCACT_LEADER,941;TAX_FNCACT_GUIDE,831;TAX_FNCACT_MANAGER,880;CRISISLEX_T11_UPDATESSYMPATHY,373;KILL,604;CRISISLEX_T03_DEAD,604;							3.58851674641148,5.02392344497608,1.43540669856459,6.45933014354067,20.8133971291866,1.67464114832536,382			https://i.iheart.com/v3/re/new_assets/6aa054cf0006dc47d1bcdbf5?ops=gravity(%22north%22),fit(1200,675),quality(65)								<PAGE_LINKS>https://country.iheart.com/content/2026-08-25-dolly-parton-dies-at-80/;https://country.iheart.com/content/2026-08-25-dolly-parton-endured-brief-battle-with-cancer-before-her-death-at-80/;https://country.iheart.com/content/2026-08-25-dolly-parton-mourned-in-tributes-we-will-always-love-you-dolly/;https://country.iheart.com/content/2026-08-26-what-happens-to-dolly-partons-active-projects-after-her-death/;https://country.iheart.com/content/2026-08-31-dolly-parton-laid-to-rest-in-nashville-beside-husband-carl-dean/;https://country.iheart.com/content/2026-08-31-dolly-parton-to-be-honored-with-dollyfest-party-of-a-lifetime-truly-dreamed-up-by-dolly/;https://people.com/dolly-parton-died-after-a-brief-battle-with-cancer-her-team-confirms-12067930</PAGE_LINKS><PAGE_TITLE>Dolly Parton's SongTeller Hotel, Life Of Many Colors Museum Opening Day Revealed</PAGE_TITLE>
	20260908233000		standard.net.au	https://www.standard.net.au/story/9346593/jakarta-flights-resume-after-volcanic-ash-halts-nearly-3000-services/				AFFECT,192;AFFECT,301;CRISISLEX_C04_LOGISTICS_TRANSPORT,192;CRISISLEX_C04_LOGISTICS_TRANSPORT,301;SOC_POINTSOFINTEREST_AIRPORT,590;SOC_POINTSOFINTEREST_AIRPORT,631;SOC_POINTSOFINTEREST_AIRPORT,699;SOC_POINTSOFINTEREST_AIRPORT,957;SOC_POINTSOFINTEREST_AIRPORT,1089;SOC_POINTSOFINTEREST_AIRPORT,2125;CLOSURE,526;NATURAL_DISASTER_ERUPTIONS,2767;CRISISLEX_CRISISLEXREC,2840;CRISISLEX_CRISISLEXREC,2898;TAX_FNCACT_CHILD,2555;EDUCATION,2296;SOC_POINTSOFINTEREST_SCHOOLS,2296;UNGP_FORESTS_RIVERS_OCEANS,2872;NATURAL_DISASTER_VOLCANOES,2732;TAX_FNCACT_MINISTER,842;TAX_FNCACT_STUDENT,2388;GENERAL_GOVERNMENT,2272;EPU_POLICY_GOVERNMENT,2272;SOC_POINTSOFINTEREST_AIRPORTS,82;SOC_POINTSOFINTEREST_AIRPORTS,154;SOC_POINTSOFINTEREST_AIRPORTS,263;SOC_POINTSOFINTEREST_AIRPORTS,757;SOC_POINTSOFINTEREST_AIRPORTS,895;SOC_POINTSOFINTEREST_AIRPORTS,1478;SOC_POINTSOFINTEREST_AIRPORTS,1742;WB_135_TRANSPORT,82;WB_135_TRANSPORT,154;WB_135_TRANSPORT,263;WB_135_TRANSPORT,757;WB_135_TRANSPORT,895;WB_135_TRANSPORT,1478;WB_135_TRANSPORT,1742;WB_1803_TRANSPORT_INFRASTRUCTURE,82;WB_1803_TRANSPORT_INFRASTRUCTURE,154;WB_1803_TRANSPORT_INFRASTRUCTURE,263;WB_1803_TRANSPORT_INFRASTRUCTURE,757;WB_1803_TRANSPORT_INFRASTRUCTURE,895;WB_1803_TRANSPORT_INFRASTRUCTURE,1478;WB_1803_TRANSPORT_INFRASTRUCTURE,1742;WB_1804_AIRPORTS,82;WB_1804_AIRPORTS,154;WB_1804_AIRPORTS,263;WB_1804_AIRPORTS,757;WB_1804_AIRPORTS,895;WB_1804_AIRPORTS,1478;WB_1804_AIRPORTS,1742;NATURAL_DISASTER_ERUPTION,502;NATURAL_DISASTER_ERUPTION,1525;NATURAL_DISASTER_ERUPTION,1628;NATURAL_DISASTER_ERUPTION,1987;NATURAL_DISASTER_ERUPTION,2655;NATURAL_DISASTER_LAVA,1552;NATURAL_DISASTER_LAVA,1655;NATURAL_DISASTER_LAVA,2014;NATURAL_DISASTER_VOLCANIC,48;NATURAL_DISASTER_VOLCANIC,125;NATURAL_DISASTER_VOLCANIC,234;NATURAL_DISASTER_VOLCANIC,493;NATURAL_DISASTER_VOLCANIC,1445;NATURAL_DISASTER_VOLCANIC,1771;NATURAL_DISASTER_VOLCANIC,1937;NATURAL_DISASTER_VOLCANIC,2068;NATURAL_DISASTER_VOLCANIC,2326;NATURAL_DISASTER_VOLCANIC,2435;TAX_WORLDLANGUAGES_SUNDA,2455;TAX_WORLDLANGUAGES_LAMPUNG,968;EPU_CATS_REGULATION,1596;EPU_CATS_REGULATION,1699;NATURAL_DISASTER_VOLCANO,2583;		4#Bandung, Jawa Barat, Indonesia#ID#ID30#18585#-6.90389#107.619#-2671576#720;4#Sumatra, Indonesia (General), Indonesia#ID#ID00#18585#0#102#-2698115#999;4#Sumatra, Indonesia (General), Indonesia#ID#ID00#18585#0#102#-2698115#1131;4#Sumatra, Indonesia (General), Indonesia#ID#ID00#18585#0#102#-2698115#2522;4#Sunda Strait, Indonesia (General), Indonesia#ID#ID00#18585#-5.97021#105.77#-2698266#2462;4#Banten, Sumatera Utara, Indonesia#ID#ID26#18585#3.5263#98.3798#10097572#767;4#Jakarta, Jakarta Raya, Indonesia#ID#ID04#18585#-6.17444#106.829#-2679652#7;4#Jakarta, Jakarta Raya, Indonesia#ID#ID04#18585#-6.17444#106.829#-2679652#443;4#Jakarta, Jakarta Raya, Indonesia#ID#ID04#18585#-6.17444#106.829#-2679652#647;4#Halim Perdanakusuma, Jakarta Raya, Indonesia#ID#ID04#18585#-6.2647#106.894#10169008#612;4#Husein Sastranegara, Jawa Barat, Indonesia#ID#ID30#18585#-6.9225#107.6#9046234#680;4#Pagar Alam, Sumatera Selatan, Indonesia#ID#ID32#18585#-4.01667#103.267#-2690147#1103;5#South Sumatra, Sumatera Selatan, Indonesia#ID#ID32#18585#-2.75#103.833#-2698117#1131;1#Indonesia#ID#ID##-5#120#ID#18;1#Indonesia#ID#ID##-5#120#ID#424;1#Indonesia#ID#ID##-5#120#ID#454;1#Indonesia#ID#ID##-5#120#ID#623;1#Indonesia#ID#ID##-5#120#ID#658;1#Indonesia#ID#ID##-5#120#ID#691;1#Indonesia#ID#ID##-5#120#ID#731;1#Indonesia#ID#ID##-5#120#ID#778;1#Indonesia#ID#ID##-5#120#ID#1010;1#Indonesia#ID#ID##-5#120#ID#1114;1#Indonesia#ID#ID##-5#120#ID#1142;1#Indonesia#ID#ID##-5#120#ID#1153;1#Indonesia#ID#ID##-5#120#ID#2473;1#Indonesia#ID#ID##-5#120#ID#2491;1#Indonesia#ID#ID##-5#120#ID#2533;1#Indonesia#ID#ID##-5#120#ID#2705					-3.39366515837104,1.13122171945701,4.52488687782805,5.65610859728507,12.4434389140271,0.452488687782805,404			https://www.standard.net.au/images/transform/v1/crop/frm/silverstone-feed-data/4d3dac20-0b4a-4fab-82ec-26f83110c540.jpg/r0_90_800_510_w1200_h630_fmax.jpg								<PAGE_LINKS>https://www.standard.net.au/story/9345751/anak-krakatau-volcano-ash-closes-seven-indonesian-airports/;https://www.standard.net.au/travel/destinations/bali/</PAGE_LINKS><PAGE_PRECISEPUBTIMESTAMP>20260908200700</PAGE_PRECISEPUBTIMESTAMP><PAGE_TITLE>Jakarta flights resume after volcanic ash halts nearly 3000 services</PAGE_TITLE>
	20260908233000		kissrocks.com	https://www.kissrocks.com/news/budgeting-kids/3JW5TBX7FM6JLL3BNW7JEOLUBU/											0.990799716914367,2.19391365888181,1.20311394196745,3.39702760084926,27.9547062986553,2.40622788393489,1259			https://cmg-cmg-rd-20091-prod.cdn.arcpublishing.com/resizer/v2/https%3A%2F%2Fcloudfront-us-east-1.images.arcpublishing.com%2Fcmg%2FABFI36PEGI34XIO43U7HXBHPYA.jpg?auth=285b5b5dd640f9b7d2ee6d76ae76f7933e5a3be9d686bfab832e466b2a516ef4&smart=true								<PAGE_LINKS>https://corporate.walmart.com/news/2026/08/20/walmart-releases-q2-fy27-earnings;https://projectplay.org/news/2025/2/24/project-play-survey-family-spending-on-youth-sports-rises-46-over-five-years;https://www.creditfresh.com/;https://www.deloitte.com/us/en/insights/industry/retail-distribution/back-to-school-survey.html</PAGE_LINKS><PAGE_PRECISEPUBTIMESTAMP>20260908184400</PAGE_PRECISEPUBTIMESTAMP><PAGE_ALTURL_AMP>https://www.kissrocks.com/news/budgeting-kids/3JW5TBX7FM6JLL3BNW7JEOLUBU/?outputType=amp</PAGE_ALTURL_AMP><PAGE_TITLE>Budgeting for kids' sports and back-to-school activities</PAGE_TITLE>
	20260908233000		yourdemocracy.net	https://yourdemocracy.net/drupal/node/61049				CRISISLEX_C04_LOGISTICS_TRANSPORT,3484;CRISISLEX_C04_LOGISTICS_TRANSPORT,3612;CRISISLEX_C04_LOGISTICS_TRANSPORT,3642;CRISISLEX_C04_LOGISTICS_TRANSPORT,3670;WB_2470_PEACE_OPERATIONS_AND_CONFLICT_MANAGEMENT,33;WB_2470_PEACE_OPERATIONS_AND_CONFLICT_MANAGEMENT,294;WB_2432_FRAGILITY_CONFLICT_AND_VIOLENCE,33;WB_2432_FRAGILITY_CONFLICT_AND_VIOLENCE,294;WB_2490_NATIONAL_PROTECTION_AND_SECURITY,33;WB_2490_NATIONAL_PROTECTION_AND_SECURITY,294;EPU_CATS_NATIONAL_SECURITY,33;EPU_CATS_NATIONAL_SECURITY,294;TAX_DISEASE_ILLUSIONS,1140;WB_137_WATER,3880;TAX_WORLDLANGUAGES_RUSSIA,4789;SELF_IDENTIFIED_ATROCITY,2254;CRISISLEX_C07_SAFETY,33;CRISISLEX_C07_SAFETY,294;EXILE,2800;WB_678_DIGITAL_GOVERNMENT,6603;WB_694_BROADCAST_AND_MEDIA,6603;TAX_TERROR_GROUP_HAMAS,5014;TAX_POLITICAL_PARTY_HAMAS,5014;TAX_FNCACT_CHAIRMAN,274;LEADER,1563;TAX_FNCACT_POLITICIANS,1563;GENERAL_GOVERNMENT,839;GENERAL_GOVERNMENT,5786;EPU_POLICY_GOVERNMENT,839;EPU_POLICY_GOVERNMENT,5786;MOVEMENT_GENERAL,4930;TRIAL,5468;TAX_FNCACT_LAWYER,5468;TAX_ETHNICITY_ARAB,551;TAX_ETHNICITY_ARAB,1892;TAX_ETHNICITY_ARAB,2869;TAX_ETHNICITY_ARAB,3016;TAX_ETHNICITY_ARAB,4654;CRISISLEX_T04_INFRASTRUCTURE,3612;TAX_ETHNICITY_PALESTINIANS,1430;TAX_ETHNICITY_PALESTINIANS,2821;TAX_ETHNICITY_PALESTINIANS,4866;TAX_ETHNICITY_PALESTINIANS,5918;USPEC_POLICY1,363;USPEC_POLICY1,5218;EPU_POLICY_POLICY,363;EPU_POLICY_POLICY,5218;WB_286_TELECOMMUNICATIONS_AND_BROADBAND_ACCESS,3407;WB_286_TELECOMMUNICATIONS_AND_BROADBAND_ACCESS,3436;WB_2120_SATELLITES,3407;WB_2120_SATELLITES,3436;WB_2329_ACCESS_AND_CONNECTIVITY,3407;WB_2329_ACCESS_AND_CONNECTIVITY,3436;WB_133_INFORMATION_AND_COMMUNICATION_TECHNOLOGIES,3407;WB_133_INFORMATION_AND_COMMUNICATION_TECHNOLOGIES,3436;MANMADE_DISASTER_IMPLIED,3519;DELAY,5199;WB_738_SOCIAL_COHESION,237;WB_740_FORCED_DISPLACEMENT,237;WB_134_SOCIAL_DEVELOPMENT,237;EPU_CATS_MIGRATION_FEAR_MIGRATION,415;EPU_CATS_MIGRATION_FEAR_MIGRATION,900;CEASEFIRE,4710;EXTREMISM,15;EXTREMISM,1551;EXTREMISM,5775;LEGISLATION,198;LEGISLATION,2227;EPU_POLICY_LAW,198;EPU_POLICY_LAW,2227;WB_2670_JOBS,1185;WB_2769_JOBS_STRATEGIES,1185;WB_2844_EMIGRATION,1185;WB_2836_MIGRATION_POLICIES_AND_JOBS,1185;AFFECT,3728;DISPLACED,3728;UNGP_FORESTS_RIVERS_OCEANS,4310;TAX_RELIGION_ATHEIST,6704;EPU_ECONOMY,5974;EPU_ECONOMY_HISTORIC,5974;TAX_FNCACT_PRESIDENT,1780;NEGOTIATIONS,995;EPU_POLICY_BUDGET,964;SOC_GENERALCRIME,2237;EPU_CATS_MIGRATION_FEAR_FEAR,2237;CRISISLEX_CRISISLEXREC,3584;CRISISLEX_CRISISLEXREC,4278;TAX_FNCACT_MINISTER,42;TAX_FNCACT_MINISTER,303;TAX_FNCACT_MINISTER,927;ELECTION,1112;TAX_FNCACT_CARTOONIST,6678;TAX_RELIGION_JEWISH,259;TAX_RELIGION_JEWISH,807;TAX_RELIGION_JEWISH,1304;TAX_ETHNICITY_JEWISH,259;TAX_ETHNICITY_JEWISH,807;TAX_ETHNICITY_JEWISH,1304;USPEC_POLITICS_GENERAL1,510;WB_845_LEGAL_AND_REGULATORY_FRAMEWORK,198;WB_845_LEGAL_AND_REGULATORY_FRAMEWORK,2227;WB_696_PUBLIC_SECTOR_MANAGEMENT,198;WB_696_PUBLIC_SECTOR_MANAGEMENT,2227;WB_962_INTERNATIONAL_LAW,198;WB_962_INTERNATIONAL_LAW,2227;ALLIANCE,1082;EPU_POLICY_POLITICAL,2096;EPU_POLICY_POLITICAL,4548;EPU_POLICY_POLITICAL,5876;EPU_POLICY_POLITICAL,5954;EPU_POLICY_POLITICAL,6667;		1#Russia#RS#RS##60#100#RS#4789;1#Transjordan#JO#JO##31#36#JO#1475;1#United States#US#US##39.828175#-98.5795#US#4729;1#United States#US#US##39.828175#-98.5795#US#6130;1#Somalia#SO#SO##6#48#SO#3088;4#Gaza, Israel (General), Israel#IS#IS00#18315#31.4167#34.3333#-797156#81;4#Gaza, Israel (General), Israel#IS#IS00#18315#31.4167#34.3333#-797156#145;4#Gaza, Israel (General), Israel#IS#IS00#18315#31.4167#34.3333#-797156#423;4#Gaza, Israel (General), Israel#IS#IS00#18315#31.4167#34.3333#-797156#1834;4#Gaza, Israel (General), Israel#IS#IS00#18315#31.4167#34.3333#-797156#2143;4#Gaza, Israel (General), Israel#IS#IS00#18315#31.4167#34.3333#-797156#2272;4#Gaza, Israel (General), Israel#IS#IS00#18315#31.4167#34.3333#-797156#2409;4#Gaza, Israel (General), Israel#IS#IS00#18315#31.4167#34.3333#-797156#2448;4#Gaza, Israel (General), Israel#IS#IS00#18315#31.4167#34.3333#-797156#2613;4#Gaza, Israel (General), Israel#IS#IS00#18315#31.4167#34.3333#-797156#2721;4#Gaza, Israel (General), Israel#IS#IS00#18315#31.4167#34.3333#-797156#2942;4#Gaza, Israel (General), Israel#IS#IS00#18315#31.4167#34.3333#-797156#3180;4#Gaza, Israel (General), Israel#IS#IS00#18315#31.4167#34.3333#-797156#3527;4#Gaza, Israel (General), Israel#IS#IS00#18315#31.4167#34.3333#-797156#3686;4#Gaza, Israel (General), Israel#IS#IS00#18315#31.4167#34.3333#-797156#4605;4#Gaza, Israel (General), Israel#IS#IS00#18315#31.4167#34.3333#-797156#5315;4#Gaza, Israel (General), Israel#IS#IS00#18315#31.4167#34.3333#-797156#5476;4#Gaza, Israel (General), Israel#IS#IS00#18315#31.4167#34.3333#-797156#5580;4#Gaza, Israel (General), Israel#IS#IS00#18315#31.4167#34.3333#-797156#6004;4#Gaza, Israel (General), Israel#IS#IS00#18315#31.4167#34.3333#-797156#6451;1#Jordan#JO#JO##31#36#JO#2534;3#Washington, Washington, United States#US#USDC#DC001#38.8951#-77.0364#531871#6115;1#Congo#CF#CF##-1#15#CF#579;1#West Bank#WE#WE##31.666667#35.25#WE#2480;1#West Bank#WE#WE##31.666667#35.25#WE#2513;1#Israel#IS#IS##31.5#34.75#IS#6;1#Israel#IS#IS##31.5#34.75#IS#89;1#Israel#IS#IS##31.5#34.75#IS#431;1#Israel#IS#IS##31.5#34.75#IS#1102;1#Israel#IS#IS##31.5#34.75#IS#1842;1#Israel#IS#IS##31.5#34.75#IS#2280;1#Israel#IS#IS##31.5#34.75#IS#2417;1#Israel#IS#IS##31.5#34.75#IS#2456;1#Israel#IS#IS##31.5#34.75#IS#2729;1#Israel#IS#IS##31.5#34.75#IS#2950;1#Israel#IS#IS##31.5#34.75#IS#3054;1#Israel#IS#IS##31.5#34.75#IS#3535;1#Israel#IS#IS##31.5#34.75#IS#3694;1#Israel#IS#IS##31.5#34.75#IS#4613;1#Israel#IS#IS##31.5#34.75#IS#4956;1#Israel#IS#IS##31.5#34.75#IS#5167;1#Israel#IS#IS##31.5#34.75#IS#5298;1#Israel#IS#IS##31.5#34.75#IS#5323;1#Israel#IS#IS##31.5#34.75#IS#5484;1#Israel#IS#IS##31.5#34.75#IS#5500;1#Israel#IS#IS##31.5#34.75#IS#5570;1#Israel#IS#IS##31.5#34.75#IS#5588;1#Israel#IS#IS##31.5#34.75#IS#5732;1#Israel#IS#IS##31.5#34.75#IS#6012;1#Ethiopia#ET#ET##8#38#ET#569					-2.96762589928058,1.16906474820144,4.13669064748201,5.30575539568345,21.4028776978417,0.359712230215827,980			https://yourdemocracy.net/drupal/files/images/000001BENGVIR.png								<PAGE_LINKS>https://www.merip.org/2002/12/living-on-the-edge/;https://www.ochaopt.org/content/humanitarian-situation-report-23-july-2026;https://www.ochaopt.org/content/humanitarian-situation-report-7-august-2026;https://yourdemocracy.net/</PAGE_LINKS><PAGE_TITLE>zionistic solutions in suitcases....</PAGE_TITLE>
	20260908233000		comicbook.com	https://comicbook.com/comics/feature/this-x-men-villain-was-supposed-to-be-their-next-great-nemesis-it-took-years-to-get-him-right/				CRISISLEX_T03_DEAD,2047;TAX_FNCACT_MAN,2693;TAX_FNCACT_MAN,4521;ARMEDCONFLICT,3742;EPU_CATS_NATIONAL_SECURITY,3742;MILITARY,2280;TAX_FNCACT_AGENTS,2260;DISCRIMINATION,2016;DISCRIMINATION,3798;DISCRIMINATION_RACE_RACIST,2016;DISCRIMINATION_RACE_RACIST,3798;BLOCKADE,3240;SEIGE,3240;MANMADE_DISASTER_IMPLIED,1850;MANMADE_DISASTER_IMPLIED,4478;TAX_WORLDMAMMALS_WOLVERINE,4189;UNREST_BELLIGERENT,4251;UNREST_BELLIGERENT,5863;GENERAL_GOVERNMENT,1782;EPU_POLICY_GOVERNMENT,1782;EDUCATION,497;TAX_FNCACT_PROFESSOR,497;KILL,3524;KILL,4133;CRISISLEX_T02_INJURED,3524;CRISISLEX_T02_INJURED,4133;TAX_WORLDFISH_SLEEPER,2253;TAX_FNCACT_REVEREND,4027;CRISISLEX_CRISISLEXREC,330;CRISISLEX_CRISISLEXREC,5586;UNGP_FORESTS_RIVERS_OCEANS,2799;UNGP_FORESTS_RIVERS_OCEANS,2986;TAX_WORLDMAMMALS_HUMAN,1933;TAX_WORLDMAMMALS_HUMAN,3791;ARREST,518;TAX_FNCACT_QUEEN,4117;		3#Claremont, New York, United States#US#USNY#NY119#41.1695#-73.8485#2060565#3133;2#New York, United States#US#USNY##42.1497#-74.9384#NY#1718					-2.90492957746479,2.8169014084507,5.72183098591549,8.5387323943662,24.4718309859155,0.704225352112676,1025			https://comicbook.com/wp-content/uploads/sites/4/2026/09/MixCollage-07-Sep-2026-03-59-PM-2212.jpg								<PAGE_LINKS>https://comicbook.com/comics/feature/29-years-ago-marvel-pulled-the-plug-on-an-x-men-run-that-could-have-changed-everything/;https://comicbook.com/comics/feature/30-years-on-marvels-biggest-story-of-1996-is-way-better-than-anyone-would-admit/;https://comicbook.com/comics/list/5-ridiculously-weird-x-men-powers-we-need-to-see-in-the-mcu/;https://comicbook.com/comics/news/house-of-m-is-marvels-worst-event-brian-michael-bendis-scarlet-witch-x-men/;https://comicbook.com/tag/x-men/</PAGE_LINKS><PAGE_AUTHORS>David Harth</PAGE_AUTHORS><PAGE_PRECISEPUBTIMESTAMP>20260908200500</PAGE_PRECISEPUBTIMESTAMP><PAGE_TITLE>This X-Men Villain Was Supposed to Be Their Next Great Nemesis; It Took Years to Get Him Right</PAGE_TITLE>
	20260908233000		thesource.com	https://thesource.com/2026/09/08/joe-budden-makes-a-point-says-drake-going-independent-could-change-music-forever/				CRISISLEX_T11_UPDATESSYMPATHY,651;ARMEDCONFLICT,1349;TAX_FNCACT_CHAIRMAN,856;TAX_FNCACT_JUDGE,1207;MEDIA_CENSORSHIP,1666;EDUCATION,1652;SOC_POINTSOFINTEREST_SCHOOL,1652;TAX_FNCACT_ARTIST,576;LEGISLATION,1645;EPU_POLICY_LAW,1645;MEDICAL,1692;WB_678_DIGITAL_GOVERNMENT,1658;WB_694_BROADCAST_AND_MEDIA,1658;WB_133_INFORMATION_AND_COMMUNICATION_TECHNOLOGIES,1658;TAX_FNCACT_CEO,862;WB_2670_JOBS,584;WB_696_PUBLIC_SECTOR_MANAGEMENT,584;WB_2048_COMPENSATION_CAREERS_AND_INCENTIVES,584;WB_723_PUBLIC_ADMINISTRATION,584;WB_724_HUMAN_RESOURCES_FOR_PUBLIC_SECTOR,584;EPU_ECONOMY_HISTORIC,146;TRIAL,1140;							0,3.81231671554252,3.81231671554252,7.62463343108504,21.4076246334311,0.586510263929619,312			https://thesource.com/wp-content/uploads/2026/09/Screenshot-2026-09-08-at-12.53.00-PM.jpg								<PAGE_AUTHORS>Lenox Washington</PAGE_AUTHORS><PAGE_PRECISEPUBTIMESTAMP>20260908195300</PAGE_PRECISEPUBTIMESTAMP><PAGE_TITLE>The Source |Joe Budden Makes a Point: Says Drake Going Independent Could Change Music Forever</PAGE_TITLE>
	20260908233000		krtv.com	https://www.krtv.com/us-news/iran-war/us-strikes-more-iranian-tankers-in-response-to-continued-missile-attacks-against-us-vessels				TAX_ETHNICITY_IRANIAN,26;TAX_ETHNICITY_IRANIAN,83;TAX_ETHNICITY_IRANIAN,149;TAX_ETHNICITY_IRANIAN,363;TAX_ETHNICITY_IRANIAN,573;MILITARY,111;MILITARY,272;TAX_FNCACT_NAVY,111;TAX_FNCACT_NAVY,272;EPU_ECONOMY,900;EPU_ECONOMY_HISTORIC,900;WB_678_DIGITAL_GOVERNMENT,375;WB_678_DIGITAL_GOVERNMENT,751;WB_694_BROADCAST_AND_MEDIA,375;WB_694_BROADCAST_AND_MEDIA,751;WB_133_INFORMATION_AND_COMMUNICATION_TECHNOLOGIES,375;WB_133_INFORMATION_AND_COMMUNICATION_TECHNOLOGIES,751;ENV_OIL,583;WB_165_AIR_TRANSPORT,959;WB_135_TRANSPORT,959;WB_164_MODES_OF_TRANSPORT,959;TAX_WEAPONS_WARSHIP,280;TAX_FNCACT_OFFICIAL,203;TAX_FNCACT_OFFICIAL,308;SANCTIONS,935;WB_1428_INJURY,342;WB_1406_DISEASES,342;WB_621_HEALTH_NUTRITION_AND_POPULATION,342;WB_1427_NON_COMMUNICABLE_DISEASE_AND_INJURY,342;CRISISLEX_CRISISLEXREC,342;CRISISLEX_T02_INJURED,342;ECON_OILPRICE,583;CRISISLEX_T01_CAUTION_ADVICE,408;TAX_WEAPONS_WARSHIPS,650;MARITIME_INCIDENT,34;MARITIME_INCIDENT,157;MARITIME_INCIDENT,591;MARITIME,34;MARITIME,157;MARITIME,591;MANMADE_DISASTER_IMPLIED,34;MANMADE_DISASTER_IMPLIED,157;MANMADE_DISASTER_IMPLIED,591;		4#Kharg Island, Bushehr, Iran#IR#IR22#40962#29.2458#50.3158#-3070760#426;1#Bahrain#BA#BA##26#50.5#BA#819;1#Iran#IR#IR##32#53#IR#432;1#Iran#IR#IR##32#53#IR#515;1#Iran#IR#IR##32#53#IR#682;1#Iran#IR#IR##32#53#IR#950;1#Kuwait#KU#KU##29.5#47.75#KU#809;1#Iranian#IR#IR##32#53#IR#26;1#Iranian#IR#IR##32#53#IR#83;1#Iranian#IR#IR##32#53#IR#149;1#Iranian#IR#IR##32#53#IR#363;1#Iranian#IR#IR##32#53#IR#573					-6.32911392405063,0,6.32911392405063,6.32911392405063,12.0253164556962,3.16455696202532,142			https://ewscripps.brightspotcdn.com/9e/01/d232faed4602b7efc2d05d467053/ap26181386781466.jpg								<PAGE_PRECISEPUBTIMESTAMP>20260908204300</PAGE_PRECISEPUBTIMESTAMP><PAGE_TITLE>US strikes more Iranian tankers, responding to attacks against US Navy vessels</PAGE_TITLE>
	20260908233000		iheart.com	https://1061kissfm.iheart.com/content/2026-09-08-sara-bareilles-shares-how-teen-heartbreak-inspired-one-of-her-biggets-hits/				WB_2670_JOBS,199;WB_696_PUBLIC_SECTOR_MANAGEMENT,199;WB_2048_COMPENSATION_CAREERS_AND_INCENTIVES,199;WB_723_PUBLIC_ADMINISTRATION,199;WB_724_HUMAN_RESOURCES_FOR_PUBLIC_SECTOR,199;EDUCATION,292;SOC_POINTSOFINTEREST_SCHOOL,292;SOC_POINTSOFINTEREST_HIGH_SCHOOL,292;CRISISLEX_T11_UPDATESSYMPATHY,947;MARITIME,838;IDEOLOGY,592;							0.531914893617021,1.59574468085106,1.06382978723404,2.65957446808511,21.8085106382979,0.531914893617021,170			https://i.iheart.com/v3/re/new_assets/6aa0329bbbc17f45be7ef70d?ops=gravity(%22north%22),fit(1200,675),quality(65)								<PAGE_LINKS>https://people.com/sara-bareilles-on-writing-gravity-18-after-high-school-heartbreak-12100146;https://www.iheart.com/artist/sara-bareilles-89461/</PAGE_LINKS><PAGE_TITLE>Sara Bareilles Shares How Teen Heartbreak Inspired One Of Her Biggest Hits</PAGE_TITLE>
	20260908233000		radiotimes.com	https://www.radiotimes.com/tv/entertainment/clarksons-farm-nta-2026-win-newsupdate/				AFFECT,1222;CRISISLEX_T11_UPDATESSYMPATHY,706;TAX_FNCACT_MAN,1718;TAX_FNCACT_NOMINEES,181;TAX_DISEASE_REMISSION,1683;TAX_DISEASE_PROSTATE_CANCER,861;MANMADE_DISASTER_IMPLIED,356;TAX_DISEASE_CANCER,861;TAX_DISEASE_CANCER,971;TAX_DISEASE_CANCER,1667;WB_1406_DISEASES,861;WB_1406_DISEASES,971;WB_1406_DISEASES,1667;WB_1431_CANCER,861;WB_1431_CANCER,971;WB_1431_CANCER,1667;WB_621_HEALTH_NUTRITION_AND_POPULATION,861;WB_621_HEALTH_NUTRITION_AND_POPULATION,971;WB_621_HEALTH_NUTRITION_AND_POPULATION,1667;WB_1427_NON_COMMUNICABLE_DISEASE_AND_INJURY,861;WB_1427_NON_COMMUNICABLE_DISEASE_AND_INJURY,971;WB_1427_NON_COMMUNICABLE_DISEASE_AND_INJURY,1667;AGRICULTURE,44;AGRICULTURE,227;AGRICULTURE,1819;MEDIA_MSM,74;							2.37388724035608,4.15430267062314,1.78041543026706,5.93471810089021,25.8160237388724,0.890207715133531,310			https://images.immediate.co.uk/production/volatile/sites/3/2026/04/EOB3533-bbbd2c6-e1776687601208.jpg								<PAGE_LINKS>https://www.instagram.com/p/DZ0VlZftxMi/;https://www.radiotimes.com/books/mortimer-and-whitehouse-gone-fishing-ted-the-dog-new-book-newsupdate/;https://www.radiotimes.com/tv/entertainment/clarksons-farm-season-6-release-date/;https://www.radiotimes.com/tv/entertainment/jeremy-clarkson-cancer-remission-clarksons-farm-season-6-newsupdate/;https://www.radiotimes.com/tv/entertainment/national-television-awards-2026-nominations-shortlist-newsupdate/;https://www.radiotimes.com/tv/entertainment/the-grand-tour-original-trio-advice-exclusive-newsupdate/</PAGE_LINKS><PAGE_AUTHORS>James Hibbs</PAGE_AUTHORS><PAGE_PRECISEPUBTIMESTAMP>20260908194400</PAGE_PRECISEPUBTIMESTAMP><PAGE_TITLE>Clarkson's Farm wins big at National Television Awards 2026</PAGE_TITLE>
	20260908233000		paherald.sk.ca	https://paherald.sk.ca/more-information-less-judgment/				CRISISLEX_C03_WELLBEING_HEALTH,728;CRISISLEX_C03_WELLBEING_HEALTH,833;CRISISLEX_C03_WELLBEING_HEALTH,3555;TAX_FNCACT_AUTHORITIES,845;CRISISLEX_CRISISLEXREC,845;EPU_POLICY_AUTHORITIES,845;TAX_DISEASE_CHRONIC_DISEASE,2567;SOC_CHRONICDISEASE,2567;TAX_CHRONICDISEASE_CHRONIC_DISEASE,2567;GENERAL_HEALTH,77;GENERAL_HEALTH,1723;GENERAL_HEALTH,2338;GENERAL_HEALTH,2400;GENERAL_HEALTH,2693;GENERAL_HEALTH,3590;MEDICAL,77;MEDICAL,1723;MEDICAL,2338;MEDICAL,2400;MEDICAL,2693;MEDICAL,3590;MEDIA_MSM,1308;SCIENCE,3027;NATURAL_DISASTER_FLOODING,3692;CRISISLEX_C06_WATER_SANITATION,3692;CRISISLEX_T11_UPDATESSYMPATHY,1431;TAX_DISEASE_OBESITY,2549;WB_1435_OBESITY,2549;WB_678_DIGITAL_GOVERNMENT,2675;WB_694_BROADCAST_AND_MEDIA,2675;WB_133_INFORMATION_AND_COMMUNICATION_TECHNOLOGIES,2675;MEDIA_SOCIAL,2675;WB_652_ICT_APPLICATIONS,2675;WB_662_SOCIAL_MEDIA,2675;WB_658_ENTERPRISE_APPLICATIONS,2675;TAX_WORLDMAMMALS_HUMANS,2194;TAX_FNCACT_COLUMNIST,1318;WB_2453_ORGANIZED_CRIME,2510;WB_2433_CONFLICT_AND_VIOLENCE,2510;WB_2432_FRAGILITY_CONFLICT_AND_VIOLENCE,2510;WB_2456_DRUGS_AND_NARCOTICS,2510;WB_1331_HEALTH_TECHNOLOGIES,1760;WB_1331_HEALTH_TECHNOLOGIES,2499;WB_1350_PHARMACEUTICALS,1760;WB_1350_PHARMACEUTICALS,2499;UNGP_FORESTS_RIVERS_OCEANS,2386;WB_1458_HEALTH_PROMOTION_AND_DISEASE_PREVENTION,2036;WB_635_PUBLIC_HEALTH,2036;WB_1461_HEALTHY_LIFESTYLES,2036;KILL,870;CRISISLEX_T02_INJURED,870;CRISISLEX_T03_DEAD,870;TAX_FNCACT_DOCTORS,823;TAX_FNCACT_FATHER,267;TAX_FNCACT_FATHER,474;TAX_FNCACT_FATHER,911;TAX_FNCACT_FATHER,1943;TAX_FNCACT_FATHER,2152;TAX_FNCACT_FATHER,3328;WB_2024_ANTI_CORRUPTION_AUTHORITIES,3545;WB_696_PUBLIC_SECTOR_MANAGEMENT,3545;WB_831_GOVERNANCE,3545;WB_832_ANTI_CORRUPTION,3545;WB_2026_PREVENTION,3545;WB_1448_DEMOGRAPHIC_CHANGE,1808;WB_643_AGING_POPULATION,1808;TRANSPARENCY,1563;TAX_DISEASE_DISEASE,1785;TAX_DISEASE_DISEASE,2567;WB_1406_DISEASES,1785;WB_1406_DISEASES,2567;UNGP_HEALTHCARE,1785;UNGP_HEALTHCARE,2567;TAX_ETHNICITY_CANADIANS,3650;WB_644_NUTRITION,1703;WB_644_NUTRITION,3521;WB_621_HEALTH_NUTRITION_AND_POPULATION,1703;WB_621_HEALTH_NUTRITION_AND_POPULATION,3521;WB_1434_HEART_DISEASE,1785;WB_1427_NON_COMMUNICABLE_DISEASE_AND_INJURY,1785;		1#Canadians#CA#CA##60#-96#CA#3650;1#Canada#CA#CA##60#-96#CA#2994					0.323101777059774,4.36187399030695,4.03877221324717,8.40064620355412,22.2940226171244,1.2924071082391,549			https://paherald.sk.ca/wp-content/uploads/2025/07/Diana-Gifford-Jones-White-Background.png								<PAGE_AUTHORS>Diana Gifford-Jones</PAGE_AUTHORS><PAGE_TITLE>More information, less judgment - Prince Albert Daily Herald</PAGE_TITLE>
	20260908233000		perthnow.com.au	https://www.perthnow.com.au/news/politics/federal-politics/anthony-albanese-threatens-100m-fines-for-social-media-giants-under-major-new-australian-algorithm-laws-c-22843516				LEADER,486;TAX_FNCACT_PRIME_MINISTER,486;WB_1406_DISEASES,2211;WB_621_HEALTH_NUTRITION_AND_POPULATION,2211;WB_1430_MENTAL_HEALTH,2211;WB_1427_NON_COMMUNICABLE_DISEASE_AND_INJURY,2211;BAN,1149;LEGISLATION,1724;LEGISLATION,2545;USPEC_POLITICS_GENERAL1,1724;USPEC_POLITICS_GENERAL1,2545;USPEC_POLICY1,1724;USPEC_POLICY1,2545;EPU_POLICY_LEGISLATION,1724;EPU_POLICY_LEGISLATION,2545;TAX_ETHNICITY_AUSTRALIAN,144;TAX_ETHNICITY_AUSTRALIAN,610;GENERAL_HEALTH,2211;MEDICAL,2211;TAX_FNCACT_MINISTER,486;TAX_FNCACT_COMMISSIONER,1330;TAX_FNCACT_COMMISSIONER,1488;TAX_WORLDMAMMALS_RABBIT,1013;TAX_ETHNICITY_AUSTRALIANS,532;TAX_FNCACT_DRIVER,551;GENERAL_GOVERNMENT,1389;EPU_POLICY_GOVERNMENT,1389;MEDIA_SOCIAL,37;MEDIA_SOCIAL,242;MEDIA_SOCIAL,1145;MEDIA_SOCIAL,1826;WB_652_ICT_APPLICATIONS,37;WB_652_ICT_APPLICATIONS,242;WB_652_ICT_APPLICATIONS,1145;WB_652_ICT_APPLICATIONS,1826;WB_662_SOCIAL_MEDIA,37;WB_662_SOCIAL_MEDIA,242;WB_662_SOCIAL_MEDIA,1145;WB_662_SOCIAL_MEDIA,1826;WB_658_ENTERPRISE_APPLICATIONS,37;WB_658_ENTERPRISE_APPLICATIONS,242;WB_658_ENTERPRISE_APPLICATIONS,1145;WB_658_ENTERPRISE_APPLICATIONS,1826;TAX_FNCACT_CHILDREN,2054;WB_678_DIGITAL_GOVERNMENT,37;WB_678_DIGITAL_GOVERNMENT,242;WB_678_DIGITAL_GOVERNMENT,1145;WB_678_DIGITAL_GOVERNMENT,1826;WB_694_BROADCAST_AND_MEDIA,37;WB_694_BROADCAST_AND_MEDIA,242;WB_694_BROADCAST_AND_MEDIA,1145;WB_694_BROADCAST_AND_MEDIA,1826;WB_133_INFORMATION_AND_COMMUNICATION_TECHNOLOGIES,37;WB_133_INFORMATION_AND_COMMUNICATION_TECHNOLOGIES,242;WB_133_INFORMATION_AND_COMMUNICATION_TECHNOLOGIES,1145;WB_133_INFORMATION_AND_COMMUNICATION_TECHNOLOGIES,1826;		1#Australians#AS#AS##-25#135#AS#532;1#Australia#AS#AS##-25#135#AS#1121;1#Australia#AS#AS##-25#135#AS#2408;1#Australian#AS#AS##-25#135#AS#144;1#Australian#AS#AS##-25#135#AS#610					-3.47222222222222,2.5462962962963,6.01851851851852,8.56481481481481,25.462962962963,0.694444444444444,393			https://images.perthnow.com.au/publication/C-22843516/0db4290e8ec3714712fcc8f272edc5445ac2526f-16x9-x0y0w2048h1152.jpg?imwidth=1200								<PAGE_PRECISEPUBTIMESTAMP>20260908224600</PAGE_PRECISEPUBTIMESTAMP><PAGE_TITLE>Anthony Albanese threatens $100m fines for social media giants under major new Australian algorithm laws</PAGE_TITLE>
	20260908233000		iheart.com	https://foxsports1450.iheart.com/content/2026-09-08-iowa-band-member-taken-off-life-support/				EDUCATION,43;EDUCATION,527;EDUCATION,810;EDUCATION,1079;EDUCATION,1199;EDUCATION,1497;		2#Iowa, United States#US#USIA##42.0046#-93.214#IA#51;2#Iowa, United States#US#USIA##42.0046#-93.214#IA#272;2#Iowa, United States#US#USIA##42.0046#-93.214#IA#535;2#Iowa, United States#US#USIA##42.0046#-93.214#IA#710;2#Iowa, United States#US#USIA##42.0046#-93.214#IA#818;2#Iowa, United States#US#USIA##42.0046#-93.214#IA#1505;3#University Of Iowa, Iowa, United States#US#USIA#IA103#41.6617#-91.5363#462484#51;3#University Of Iowa, Iowa, United States#US#USIA#IA103#41.6617#-91.5363#462484#535;3#University Of Iowa, Iowa, United States#US#USIA#IA103#41.6617#-91.5363#462484#818;3#University Of Iowa, Iowa, United States#US#USIA#IA103#41.6617#-91.5363#462484#1505;2#Illinois, United States#US#USIL##40.3363#-89.0022#IL#290					0,4.41767068273092,4.41767068273092,8.83534136546185,20.0803212851406,0,235			https://i.iheart.com/v3/re/assets.getty/6aa0561dd1d22d56eb61d8e5?ops=gravity(%22north%22),fit(1200,675),quality(65)								<PAGE_LINKS>https://www.instagram.com/p/DdA1AGoPAJA/;https://www.kcrg.com/2026/09/06/heat-causes-iowa-marching-band-pull-out-halftime-performance/</PAGE_LINKS><PAGE_TITLE>Iowa Band Member Taken Off Life Support</PAGE_TITLE>
	20260908233000		celebdirtylaundry.com	https://www.celebdirtylaundry.com/2026/the-bold-and-the-beautiful-spoilers-wednesday-september-9-steffy-egg-donor-request-eric-lays-down-law-with-electra/											-0.434782608695653,3.47826086956522,3.91304347826087,7.39130434782609,25.8695652173913,0.217391304347826,410			https://www.celebdirtylaundry.com/wp-content/uploads/The-Bold-and-the-Beautiful-Spoilers-Wednesday-September-9_-Eric-Lays-Down-Law-Steffy-Egg-Donor-Request.png								<PAGE_LINKS>https://www.celebdirtylaundry.com/category/soap-opera/;https://www.celebdirtylaundry.com/category/soap-opera/the-bold-and-the-beautiful/</PAGE_LINKS><PAGE_AUTHORS>Heather Hughes</PAGE_AUTHORS><PAGE_PRECISEPUBTIMESTAMP>20260908204700</PAGE_PRECISEPUBTIMESTAMP><PAGE_ALTURL_AMP>https://www.celebdirtylaundry.com/2026/the-bold-and-the-beautiful-spoilers-wednesday-september-9-steffy-egg-donor-request-eric-lays-down-law-with-electra/amp/</PAGE_ALTURL_AMP><PAGE_TITLE>The Bold and the Beautiful Spoilers Wednesday, September 9: Eric Lays Down Law, Steffy Egg Donor Request</PAGE_TITLE>
	20260908233000		cfweradio.ca	https://cfweradio.ca/2026/09/08/long-weekend-sees-125-impaired-drivers-removed-from-alberta-roads-by-rcmp/				CRISISLEX_CRISISLEXREC,188;CRISISLEX_CRISISLEXREC,393;CRISISLEX_CRISISLEXREC,478;TAX_FNCACT_DRIVERS,57;TAX_MILITARY_TITLE_OFFICERS,13;TAX_MILITARY_TITLE_OFFICERS,244;TAX_FNCACT_OFFICERS,13;TAX_FNCACT_OFFICERS,244;WB_1428_INJURY,423;WB_1406_DISEASES,423;WB_621_HEALTH_NUTRITION_AND_POPULATION,423;WB_1427_NON_COMMUNICABLE_DISEASE_AND_INJURY,423;TRAFFIC,267;TRAFFIC,769;							-10.655737704918,2.45901639344262,13.1147540983607,15.5737704918033,20.4918032786885,0,114			https://media-cdn.socastsrm.com/wordpress/wp-content/blogs.dir/3142/files/2025/09/screenshot-23-9-2025-13465-wwwbing-com.jpeg								<PAGE_AUTHORS>Jackson Fontaine</PAGE_AUTHORS><PAGE_PRECISEPUBTIMESTAMP>20260908203500</PAGE_PRECISEPUBTIMESTAMP><PAGE_TITLE>Long weekend sees 125 impaired drivers removed from Alberta roads by RCMP</PAGE_TITLE>
	20260908233000		gazettextra.com	http://www.gazettextra.com/news/nation_world/supreme-court-to-decide-on-whether-trump-s-voting-by-mail-rules-can-go-into/article_e6958178-adce-5d5a-bd06-00b07ac0316e.html				TAX_FNCACT_EDITOR,1898;EPU_POLICY_WHITE_HOUSE,506;TAX_FNCACT_EXECUTIVE,257;TAX_FNCACT_EXECUTIVE,4909;TAX_FNCACT_EXECUTIVE,5108;TAX_FNCACT_EXECUTIVE,5334;TAX_FNCACT_EXECUTIVE,6565;TAX_FNCACT_JUDGE,2070;TAX_FNCACT_JUDGE,3372;EDUCATION,2019;SOC_POINTSOFINTEREST_COLLEGE,2019;SOC_USSECURITYAGENCIES,697;WB_840_JUSTICE,751;CRISISLEX_T11_UPDATESSYMPATHY,4145;CRISISLEX_T11_UPDATESSYMPATHY,4804;CRISISLEX_T11_UPDATESSYMPATHY,6273;GENERAL_GOVERNMENT,2604;GENERAL_GOVERNMENT,5844;EPU_POLICY_GOVERNMENT,2604;EPU_POLICY_GOVERNMENT,5844;TAX_FNCACT_VET,758;GOV_LOCALGOV,902;CORRUPTION,488;CORRUPTION,5941;WB_2019_ANTI_CORRUPTION_LEGISLATION,488;WB_2019_ANTI_CORRUPTION_LEGISLATION,5941;WB_696_PUBLIC_SECTOR_MANAGEMENT,488;WB_696_PUBLIC_SECTOR_MANAGEMENT,5941;WB_831_GOVERNANCE,488;WB_831_GOVERNANCE,5941;WB_832_ANTI_CORRUPTION,488;WB_832_ANTI_CORRUPTION,5941;WB_2020_BRIBERY_FRAUD_AND_COLLUSION,488;WB_2020_BRIBERY_FRAUD_AND_COLLUSION,5941;LEADER,1998;LEADER,2658;TAX_FNCACT_PRESIDENT,1998;TAX_FNCACT_PRESIDENT,2658;USPEC_POLITICS_GENERAL1,1998;USPEC_POLITICS_GENERAL1,2658;UNREST_CRACKDOWN,175;WB_2349_CREATIVE_COMMONS_LICENSING,6677;WB_2121_ICT_LICENSING,6677;WB_279_ICT_STRATEGY_POLICY_AND_REGULATION,6677;WB_282_ICT_POLICY_REGULATORY_FRAMEWORK_AND_INSTITUTIONS,6677;CONSTITUTIONAL,5359;TAX_FNCACT_OFFICIALS,902;UNGP_FORESTS_RIVERS_OCEANS,2347;UNGP_FORESTS_RIVERS_OCEANS,2383;CRISISLEX_CRISISLEXREC,3962;CRISISLEX_C07_SAFETY,697;WB_1921_PRIVATE_SECTOR_DEVELOPMENT,6677;WB_405_BUSINESS_CLIMATE,6677;WB_2531_INSPECTIONS_LICENSING_AND_PERMITS,6677;WB_2530_BUSINESS_ENVIRONMENT,6677;DEMOCRACY,5906;UNGP_POLITICAL_FREEDOMS,5906;WB_2670_JOBS,2288;WB_2048_COMPENSATION_CAREERS_AND_INCENTIVES,2288;WB_723_PUBLIC_ADMINISTRATION,2288;WB_724_HUMAN_RESOURCES_FOR_PUBLIC_SECTOR,2288;ARMEDCONFLICT,1959;ELECTION,214;ELECTION,1268;ELECTION,4555;ELECTION,4793;TRIAL,993;TRIAL,1099;WB_678_DIGITAL_GOVERNMENT,723;WB_678_DIGITAL_GOVERNMENT,1085;WB_678_DIGITAL_GOVERNMENT,1607;WB_678_DIGITAL_GOVERNMENT,4694;WB_678_DIGITAL_GOVERNMENT,4987;WB_678_DIGITAL_GOVERNMENT,6204;WB_693_POSTAL_SERVICES,723;WB_693_POSTAL_SERVICES,1085;WB_693_POSTAL_SERVICES,1607;WB_693_POSTAL_SERVICES,4694;WB_693_POSTAL_SERVICES,4987;WB_693_POSTAL_SERVICES,6204;WB_133_INFORMATION_AND_COMMUNICATION_TECHNOLOGIES,723;WB_133_INFORMATION_AND_COMMUNICATION_TECHNOLOGIES,1085;WB_133_INFORMATION_AND_COMMUNICATION_TECHNOLOGIES,1607;WB_133_INFORMATION_AND_COMMUNICATION_TECHNOLOGIES,4694;WB_133_INFORMATION_AND_COMMUNICATION_TECHNOLOGIES,4987;WB_133_INFORMATION_AND_COMMUNICATION_TECHNOLOGIES,6204;		3#White House, District Of Columbia, United States#US#USDC#DC001#38.8951#-77.0364#531871#506;1#United States#US#US##39.828175#-98.5795#US#521;1#United States#US#US##39.828175#-98.5795#US#627					-1.90713101160862,2.07296849087894,3.98009950248756,6.0530679933665,24.7097844112769,0.995024875621891,1094			https://bloximages.newyork1.vip.townnews.com/gazettextra.com/content/tncms/custom/image/bd5993ec-56a6-11ec-a43c-8f7b005e099d.jpg								<PAGE_LINKS>https://apnews.com/article/midterm-elections-postal-service-mail-voting-7f7cf4fdf2e9cf369ae96f96fbda03f2;https://constitutioncenter.org/blog/why-the-supreme-court-starts-on-the-first-monday-in-october;https://theconversation.com/narrow-mail-in-voting-ruling-by-supreme-court-adds-uncertainty-to-midterm-elections-without-addressing-constitutionality-of-trumps-executive-order-290421;https://theconversation.com/supreme-court-to-decide-on-whether-trumps-voting-by-mail-rules-can-go-into-effect-but-might-not-rule-yet-on-whether-theyre-constitutional-291512;https://www.dickinson.edu/homepage/1494/dickinson_college_president;https://www.justsecurity.org/156487/the-simplest-way-for-the-supreme-court-to-rule-in-the-usps-mail-ballots-case/;https://www.npr.org/2026/07/31/nx-s1-5906708/trump-claim-noncitizens-midterms-election-interference-voter-rolls;https://www.nytimes.com/2026/09/01/us/politics/whistle-blower-voting-by-mail.html;https://www.scotusblog.com/2026/09/trump-administration-again-appeals-mail-in-ballot-dispute-to-the-supreme-court/;https://www.supremecourt.gov/docket/docketfiles/html/public/26a305.html;https://www.washingtonpost.com/news/volokh-conspiracy/wp/2017/07/02/what-is-the-balance-of-equities/;https://www.whitehouse.gov/presidential-actions/2026/03/ensuring-citizenship-verification-and-integrity-in-federal-elections/</PAGE_LINKS><PAGE_AUTHORS>John E. Jones III - President;Dickinson College</PAGE_AUTHORS><PAGE_PRECISEPUBTIMESTAMP>20260908230200</PAGE_PRECISEPUBTIMESTAMP><PAGE_TITLE>Supreme Court to decide on whether Trump's voting-by-mail rules can go into effect &#x2013; but might not rule yet on whether they're constitutional | Nation/World</PAGE_TITLE>
	20260908233000		indiankanoon.org	https://indiankanoon.org/doc/75687815/				TAX_FNCACT_LANDLORD,1427;TAX_FNCACT_COMMISSIONER,982;TAX_FNCACT_COMMISSIONER,5411;TAX_FNCACT_REGISTRAR,5766;TAX_FNCACT_CHIEF,957;TAX_FNCACT_CHIEF,5386;TAX_ECON_PRICE,5255;MANMADE_DISASTER_IMPLIED,2298;SECURITY_SERVICES,78;SECURITY_SERVICES,711;SECURITY_SERVICES,1140;TAX_FNCACT_POLICE,78;TAX_FNCACT_POLICE,711;TAX_FNCACT_POLICE,1140;CRISISLEX_C07_SAFETY,78;CRISISLEX_C07_SAFETY,711;CRISISLEX_C07_SAFETY,1140;TAX_FNCACT_PRINCIPAL,2099;TAX_WORLDLANGUAGES_RAWAT,3593;USPEC_POLITICS_GENERAL1,4412;WB_2024_ANTI_CORRUPTION_AUTHORITIES,2420;WB_696_PUBLIC_SECTOR_MANAGEMENT,2420;WB_840_JUSTICE,2420;WB_2025_INVESTIGATION,2420;WB_831_GOVERNANCE,2420;WB_832_ANTI_CORRUPTION,2420;WB_1014_CRIMINAL_JUSTICE,2420;TAX_FNCACT_CITIZEN,1237;TAX_FNCACT_CITIZEN,1418;TAX_DISEASE_RECURRENCE,5037;TRIAL,1742;TAX_FNCACT_INSPECTOR,3647;UNGP_FORESTS_RIVERS_OCEANS,3947;		4#New Delhi, Delhi, India#IN#IN07#17911#28.6#77.2#-2106102#429;4#New Delhi, Delhi, India#IN#IN07#17911#28.6#77.2#-2106102#5636;4#Delhi, Delhi, India#IN#IN07#17911#28.6667#77.2167#-2094230#64;4#Delhi, Delhi, India#IN#IN07#17911#28.6667#77.2167#-2094230#429;4#Delhi, Delhi, India#IN#IN07#17911#28.6667#77.2167#-2094230#697;4#Delhi, Delhi, India#IN#IN07#17911#28.6667#77.2167#-2094230#1126;4#Delhi, Delhi, India#IN#IN07#17911#28.6667#77.2167#-2094230#1940;4#Delhi, Delhi, India#IN#IN07#17911#28.6667#77.2167#-2094230#2956;4#Delhi, Delhi, India#IN#IN07#17911#28.6667#77.2167#-2094230#3149;4#Delhi, Delhi, India#IN#IN07#17911#28.6667#77.2167#-2094230#5636;4#Rohini, West Bengal, India#IN#IN28#70296#22.1667#87.0833#-2109512#1858;1#India#IN#IN##20#77#IN#71;1#India#IN#IN##20#77#IN#436;1#India#IN#IN##20#77#IN#443;1#India#IN#IN##20#77#IN#704;1#India#IN#IN##20#77#IN#1133;1#India#IN#IN##20#77#IN#1865;1#India#IN#IN##20#77#IN#1947;1#India#IN#IN##20#77#IN#2963;1#India#IN#IN##20#77#IN#3156;1#India#IN#IN##20#77#IN#5643;1#India#IN#IN##20#77#IN#5650;1#India#IN#IN##20#77#IN#5658					0.492125984251969,2.46062992125984,1.96850393700787,4.42913385826772,17.1259842519685,0.0984251968503937,802											<PAGE_LINKS>https://indiankanoon.org/doc/1001313/;https://indiankanoon.org/doc/1516599/;https://indiankanoon.org/doc/1788374/;https://indiankanoon.org/doc/223928/;https://indiankanoon.org/doc/671631/;https://indiankanoon.org/search/?formInput=citedby:75687815;https://indiankanoon.org/search/?formInput=cites:75687815</PAGE_LINKS><PAGE_TITLE>Ravinder Kumar Bhan vs Delhi Police on 5 September, 2026</PAGE_TITLE>
	20260908233000		newsweek.com	https://www.newsweek.com/trumps-expanded-us-map-includes-territories-locked-in-dispute-with-canada-12415865				TAX_ETHNICITY_CANADIANS,1847;TAX_ETHNICITY_AMERICAN,2535;TAX_ETHNICITY_AMERICAN,7026;TAX_ETHNICITY_AMERICAN,10761;TAX_ETHNICITY_AMERICAN,11104;TAX_ETHNICITY_AMERICAN,11121;TAX_ETHNICITY_AMERICAN,11147;TAX_WORLDLANGUAGES_DANISH,12210;DEMOCRACY,11625;UNGP_POLITICAL_FREEDOMS,11625;LEGISLATION,9053;EPU_POLICY_LAW,9053;ECON_TRADE_DISPUTE,441;TAX_DISEASE_DISRUPTIVE,1964;UNREST_BELLIGERENT,10837;USPEC_POLICY1,1973;MARITIME_INCIDENT,2907;MARITIME_INCIDENT,3725;MARITIME_INCIDENT,7968;MARITIME_INCIDENT,8599;MARITIME,2907;MARITIME,3725;MARITIME,7968;MARITIME,8599;MANMADE_DISASTER_IMPLIED,2907;MANMADE_DISASTER_IMPLIED,3725;MANMADE_DISASTER_IMPLIED,7968;MANMADE_DISASTER_IMPLIED,8599;MARITIME_PIRACY,2907;MARITIME_PIRACY,3725;MARITIME_PIRACY,7968;MARITIME_PIRACY,8599;TAX_WORLDMAMMALS_FOX,6450;LEADER,9;LEADER,1017;LEADER,9707;LEADER,11702;TAX_FNCACT_PRESIDENT,9;TAX_FNCACT_PRESIDENT,1017;TAX_FNCACT_PRESIDENT,9707;TAX_FNCACT_PRESIDENT,11702;USPEC_POLITICS_GENERAL1,9;USPEC_POLITICS_GENERAL1,1017;USPEC_POLITICS_GENERAL1,9707;USPEC_POLITICS_GENERAL1,11702;EPU_ECONOMY,592;EPU_ECONOMY,10381;EPU_ECONOMY_HISTORIC,592;EPU_ECONOMY_HISTORIC,10381;WB_845_LEGAL_AND_REGULATORY_FRAMEWORK,3114;WB_845_LEGAL_AND_REGULATORY_FRAMEWORK,3266;WB_696_PUBLIC_SECTOR_MANAGEMENT,3114;WB_696_PUBLIC_SECTOR_MANAGEMENT,3266;WB_1024_PUBLIC_INTERNATIONAL_LAW,3114;WB_1024_PUBLIC_INTERNATIONAL_LAW,3266;WB_1026_TREATIES,3114;WB_1026_TREATIES,3266;WB_962_INTERNATIONAL_LAW,3114;WB_962_INTERNATIONAL_LAW,3266;MILITARY,5576;TAX_FNCACT_NAVY,5576;SOVEREIGNTY,6705;SOVEREIGNTY,10317;SOVEREIGNTY,11683;SOVEREIGNTY,12149;TAX_FNCACT_DIPLOMAT,12349;UNGP_FORESTS_RIVERS_OCEANS,2683;UNGP_FORESTS_RIVERS_OCEANS,2764;UNGP_FORESTS_RIVERS_OCEANS,3524;UNGP_FORESTS_RIVERS_OCEANS,3935;UNGP_FORESTS_RIVERS_OCEANS,4074;UNGP_FORESTS_RIVERS_OCEANS,4151;UNGP_FORESTS_RIVERS_OCEANS,4576;UNGP_FORESTS_RIVERS_OCEANS,4786;UNGP_FORESTS_RIVERS_OCEANS,5062;UNGP_FORESTS_RIVERS_OCEANS,5129;UNGP_FORESTS_RIVERS_OCEANS,5288;UNGP_FORESTS_RIVERS_OCEANS,5704;WB_963_NATURAL_RESOURCES_LAW,9064;WB_1020_LAW_OF_THE_SEA,9064;TAX_FNCACT_AMBASSADOR,12017;TAX_FNCACT_PROFESSOR,8974;TAX_FNCACT_MINISTER,9746;TAX_FNCACT_MINISTER,9979;TAX_FNCACT_MINISTER,12040;TAX_FNCACT_MINISTER,12225;TAX_FNCACT_MINISTER,12368;TAX_WORLDMAMMALS_SEAL,6874;TAX_WORLDMAMMALS_SEAL,9113;WB_698_TRADE,437;WB_698_TRADE,11344;TAX_FNCACT_DIRECTOR,1546;EPU_CATS_MIGRATION_FEAR_FEAR,4653;ARMEDCONFLICT,441;ARMEDCONFLICT,2130;EPU_CATS_NATIONAL_SECURITY,441;EPU_CATS_NATIONAL_SECURITY,2130;IDEOLOGY,353;IDEOLOGY,392;TAX_FNCACT_GUARD,5569;TAX_FNCACT_GUARD,6387;TAX_FNCACT_GUARD,6429;TAX_FNCACT_GUARD,7362;WB_2465_REVOLUTIONARY_VIOLENCE,7037;TAX_ETHNICITY_CHINESE,5996;TAX_ETHNICITY_CHINESE,6255;TAX_WORLDLANGUAGES_CHINESE,5996;TAX_WORLDLANGUAGES_CHINESE,6255;USPEC_UNCERTAINTY1,1192;TAX_FNCACT_OFFICIAL,794;NATURAL_DISASTER_ICY,6466;CRISISLEX_C07_SAFETY,1612;CRISISLEX_C07_SAFETY,5071;CRISISLEX_C07_SAFETY,5147;NEGOTIATIONS,3812;WB_840_JUSTICE,3812;WB_2473_DIPLOMACY_AND_NEGOTIATIONS,3812;WB_939_NEGOTIATION,3812;WB_2470_PEACE_OPERATIONS_AND_CONFLICT_MANAGEMENT,3812;WB_936_ALTERNATIVE_DISPUTE_RESOLUTION,3812;WB_843_DISPUTE_RESOLUTION,3812;WB_2471_PEACEKEEPING,3812;TAX_WORLDLANGUAGES_RUSSIA,3146;TAX_WORLDLANGUAGES_RUSSIA,4726;ENV_CLIMATECHANGE,4543;WB_567_CLIMATE_CHANGE,4543;CRISISLEX_CRISISLEXREC,4543;UNGP_CLIMATE_CHANGE_ACTION,4543;TAX_FNCACT_FOREIGN_MINISTER,12368;SOC_USSECURITYAGENCIES,5569;SOC_USSECURITYAGENCIES,6387;SOC_USSECURITYAGENCIES,6429;SOC_USSECURITYAGENCIES,7362;WB_2433_CONFLICT_AND_VIOLENCE,2115;WB_2432_FRAGILITY_CONFLICT_AND_VIOLENCE,2115;WB_2462_POLITICAL_VIOLENCE_AND_WAR,2115;TAX_FNCACT_GOVERNOR,10225;ENV_OIL,2837;ENV_FISHERY,7477;GENERAL_GOVERNMENT,2334;GENERAL_GOVERNMENT,5219;GENERAL_GOVERNMENT,6352;GENERAL_GOVERNMENT,9431;GENERAL_GOVERNMENT,9492;EPU_POLICY_GOVERNMENT,2334;EPU_POLICY_GOVERNMENT,5219;EPU_POLICY_GOVERNMENT,6352;EPU_POLICY_GOVERNMENT,9431;EPU_POLICY_GOVERNMENT,9492;TAX_ETHNICITY_RUSSIANS,6011;TAX_ETHNICITY_RUSSIANS,6241;TAX_WORLDLANGUAGES_RUSSIANS,6011;TAX_WORLDLANGUAGES_RUSSIANS,6241;EPU_POLICY_POLICY,9090;WB_137_WATER,2771;WB_137_WATER,5498;WB_137_WATER,6473;WB_137_WATER,7630;TAX_ETHNICITY_AMERICANS,10906;TAX_ETHNICITY_AMERICANS,11401;TAX_ETHNICITY_CANADIAN,2323;TAX_ETHNICITY_CANADIAN,4144;TAX_ETHNICITY_CANADIAN,4264;TAX_ETHNICITY_CANADIAN,6417;TAX_ETHNICITY_CANADIAN,7350;TAX_ETHNICITY_CANADIAN,9075;TAX_ETHNICITY_CANADIAN,9481;TAX_ETHNICITY_CANADIAN,9731;TAX_ETHNICITY_CANADIAN,9964;TAX_ETHNICITY_CANADIAN,11010;NATURAL_DISASTER_ICE,2664;EDUCATION,1564;EDUCATION,5180;EDUCATION,8992;SOC_POINTSOFINTEREST_UNIVERSITY,1564;SOC_POINTSOFINTEREST_UNIVERSITY,5180;SOC_POINTSOFINTEREST_UNIVERSITY,8992;BAN,10989;TAX_FNCACT_PRIME_MINISTER,9746;TAX_FNCACT_PRIME_MINISTER,9979;TAX_FNCACT_PRIME_MINISTER,12040;TAX_FNCACT_PRIME_MINISTER,12225;EPU_POLICY_WHITE_HOUSE,241;EPU_POLICY_WHITE_HOUSE,9667;EPU_POLICY_WHITE_HOUSE,10271;EPU_UNCERTAINTY,1861;		1#Cuba#CU#CU##22#-79.5#CU#744;3#Dixon Entrance, Alaska, United States#US#USAK#AK130#54.7167#-131.521#1421490#7759;3#Dixon Entrance, Alaska, United States#US#USAK#AK130#54.7167#-131.521#1421490#9145;4#Machias Seal Island, New Brunswick, Canada#CA#CA04#29869#44.5#-67.1#-568459#6881;4#Machias Seal Island, New Brunswick, Canada#CA#CA04#29869#44.5#-67.1#-568459#9120;1#France#FR#FR##46#2#FR#9837;4#Ottawa, Ontario, Canada#CA#CA08#12755#45.4167#-75.7#-570760#3662;4#Ottawa, Ontario, Canada#CA#CA08#12755#45.4167#-75.7#-570760#4233;4#Calgary, Alberta, Canada#CA#CA01#12549#51.0833#-114.083#-561990#1575;1#Denmark#DA#DA##56#10#DA#4903;5#Northwest Territories, Northwest Territories, Canada#CA#CA13#25042#65#-118#-570392#2971;2#Maine, United States#US#USME##44.6074#-69.3977#ME#6859;3#North Rock, Maine, United States#US#USME#ME029#44.5376#-67.0869#581841#6909;3#Inside Passage, Alaska, United States#US#USAK#AK130#55.4347#-131.87#1422758#8211;2#Alaska, United States#US#USAK##61.385#-152.268#AK#2932;2#Alaska, United States#US#USAK##61.385#-152.268#AK#7668;2#Alaska, United States#US#USAK##61.385#-152.268#AK#7809;2#Alaska, United States#US#USAK##61.385#-152.268#AK#7929;3#White House, District Of Columbia, United States#US#USDC#DC001#38.8951#-77.0364#531871#241;3#White House, District Of Columbia, United States#US#USDC#DC001#38.8951#-77.0364#531871#9667;3#White House, District Of Columbia, United States#US#USDC#DC001#38.8951#-77.0364#531871#10271;4#Gulf Of Mexico, Mexico (General), Mexico#MX#MX00#20887#25#-90#-1683344#879;1#Americans#US#US##39.828175#-98.5795#US#10906;1#Americans#US#US##39.828175#-98.5795#US#11401;1#America#US#US##39.828175#-98.5795#US#64;1#America#US#US##39.828175#-98.5795#US#264;1#America#US#US##39.828175#-98.5795#US#910;1#America#US#US##39.828175#-98.5795#US#978;1#America#US#US##39.828175#-98.5795#US#11188;1#America#US#US##39.828175#-98.5795#US#11197;1#America#US#US##39.828175#-98.5795#US#11957;1#China#CH#CH##35#105#CH#4739;1#American#US#US##39.828175#-98.5795#US#2535;1#American#US#US##39.828175#-98.5795#US#7026;1#American#US#US##39.828175#-98.5795#US#10761;1#American#US#US##39.828175#-98.5795#US#11104;1#American#US#US##39.828175#-98.5795#US#11121;1#American#US#US##39.828175#-98.5795#US#11147;1#Danish#DA#DA##56#10#DA#12210;1#Great Britain#UK#UK##54#-4#UK#3162;1#Great Britain#UK#UK##54#-4#UK#7165;1#Great Britain#UK#UK##54#-4#UK#7287;1#United States#US#US##39.828175#-98.5795#US#96;1#United States#US#US##39.828175#-98.5795#US#256;1#United States#US#US##39.828175#-98.5795#US#6071;1#United States#US#US##39.828175#-98.5795#US#6924;1#United States#US#US##39.828175#-98.5795#US#7774;1#United States#US#US##39.828175#-98.5795#US#8226;1#United States#US#US##39.828175#-98.5795#US#8468;1#United States#US#US##39.828175#-98.5795#US#9160;1#United States#US#US##39.828175#-98.5795#US#9682;1#United States#US#US##39.828175#-98.5795#US#10286;1#United States#US#US##39.828175#-98.5795#US#10870;1#Mexican#MX#MX##23#-102#MX#11692;3#Vancouver Island, Alaska, United States#US#USAK#AK130#54.8533#-131.353#1415541#8453;1#Mexico#MX#MX##23#-102#MX#765;1#Mexico#MX#MX##23#-102#MX#879;1#Mexico#MX#MX##23#-102#MX#887;1#Mexico#MX#MX##23#-102#MX#11777;4#Franklin Strait, Nunavut, Canada#CA#CA14#25042#71.5#-96.5#-564937#6492;1#Canada#CA#CA##60#-96#CA#453;1#Canada#CA#CA##60#-96#CA#664;1#Canada#CA#CA##60#-96#CA#1116;1#Canada#CA#CA##60#-96#CA#1216;1#Canada#CA#CA##60#-96#CA#1583;1#Canada#CA#CA##60#-96#CA#1988;1#Canada#CA#CA##60#-96#CA#2091;1#Canada#CA#CA##60#-96#CA#2473;1#Canada#CA#CA##60#-96#CA#2648;1#Canada#CA#CA##60#-96#CA#2872;1#Canada#CA#CA##60#-96#CA#2941;1#Canada#CA#CA##60#-96#CA#2979;1#Canada#CA#CA##60#-96#CA#3240;1#Canada#CA#CA##60#-96#CA#3670;1#Canada#CA#CA##60#-96#CA#3837;1#Canada#CA#CA##60#-96#CA#4004;1#Canada#CA#CA##60#-96#CA#4052;1#Canada#CA#CA##60#-96#CA#4171;1#Canada#CA#CA##60#-96#CA#4241;1#Canada#CA#CA##60#-96#CA#4367;1#Canada#CA#CA##60#-96#CA#4399;1#Canada#CA#CA##60#-96#CA#4645;1#Canada#CA#CA##60#-96#CA#4949;1#Canada#CA#CA##60#-96#CA#5021;1#Canada#CA#CA##60#-96#CA#5238;1#Canada#CA#CA##60#-96#CA#5946;1#Canada#CA#CA##60#-96#CA#6500;1#Canada#CA#CA##60#-96#CA#6522;1#Canada#CA#CA##60#-96#CA#6603;1#Canada#CA#CA##60#-96#CA#6663;1#Canada#CA#CA##60#-96#CA#6795;1#Canada#CA#CA##60#-96#CA#6889;1#Canada#CA#CA##60#-96#CA#7234;1#Canada#CA#CA##60#-96#CA#7493;1#Canada#CA#CA##60#-96#CA#7858;1#Canada#CA#CA##60#-96#CA#8845;1#Canada#CA#CA##60#-96#CA#9128;1#Canada#CA#CA##60#-96#CA#9264;1#Canada#CA#CA##60#-96#CA#9606;1#Canada#CA#CA##60#-96#CA#9918;1#Canada#CA#CA##60#-96#CA#10305;1#Canada#CA#CA##60#-96#CA#10489;1#Canada#CA#CA##60#-96#CA#10711;1#Iceland#IC#IC##65#-18#IC#11912;1#Chinese#CH#CH##35#105#CH#5996;1#Chinese#CH#CH##35#105#CH#6255;3#Washington, Washington, United States#US#USDC#DC001#38.8951#-77.0364#531871#520;3#Washington, Washington, United States#US#USDC#DC001#38.8951#-77.0364#531871#3653;3#Washington, Washington, United States#US#USDC#DC001#38.8951#-77.0364#531871#4192;3#Washington, Washington, United States#US#USDC#DC001#38.8951#-77.0364#531871#8428;1#British#UK#UK##54#-4#UK#7841;1#British#UK#UK##54#-4#UK#9003;1#Russians#RS#RS##60#100#RS#6011;1#Russians#RS#RS##60#100#RS#6241;4#Canadian Arctic Archipelago, Nunavut, Canada#CA#CA14#12638#75#-90#-560259#4163;4#Northwest Passage, Nunavut, Canada#CA#CA14#12638#75#-100#-570389#4044;4#Northwest Passage, Nunavut, Canada#CA#CA14#12638#75#-100#-570389#4941;4#Northwest Passage, Nunavut, Canada#CA#CA14#12638#75#-100#-570389#5938;4#Northwest Passage, Nunavut, Canada#CA#CA14#12638#75#-100#-570389#9256;1#Russia#RS#RS##60#100#RS#3146;1#Russia#RS#RS##60#100#RS#4726;1#Greenland#GL#GL##72#-40#GL#756;1#Greenland#GL#GL##72#-40#GL#4848;1#Greenland#GL#GL##72#-40#GL#12290;1#Canadians#CA#CA##60#-96#CA#1847;1#Canadian#CA#CA##60#-96#CA#2323;1#Canadian#CA#CA##60#-96#CA#4144;1#Canadian#CA#CA##60#-96#CA#4264;1#Canadian#CA#CA##60#-96#CA#6417;1#Canadian#CA#CA##60#-96#CA#7350;1#Canadian#CA#CA##60#-96#CA#9075;1#Canadian#CA#CA##60#-96#CA#9481;1#Canadian#CA#CA##60#-96#CA#9731;1#Canadian#CA#CA##60#-96#CA#9964;1#Canadian#CA#CA##60#-96#CA#11010					-2.88508557457213,2.24938875305623,5.13447432762836,7.3838630806846,21.6136919315403,0.537897310513447,1889			https://assets.newsweek.com/wp-content/uploads/2026/09/3679267.jpg?&crop=1								<PAGE_LINKS>https://www.newsweek.com/map-posted-by-donald-trump-hints-at-adding-numerous-countries-to-the-us-12413565;https://www.newsweek.com/topic/arctic;https://www.newsweek.com/topic/canada;https://www.newsweek.com/topic/donald-trump;https://www.newsweek.com/topic/mark-carney;https://www.newsweek.com/topic/north-america</PAGE_LINKS><PAGE_PRECISEPUBTIMESTAMP>20260908211900</PAGE_PRECISEPUBTIMESTAMP><PAGE_TITLE>Trump's Expanded US Map Includes Territories Locked in Dispute With Canada</PAGE_TITLE>
	20260908233000		wapt.com	https://www.wapt.com/article/us-strikes-iranian-tankers-missile-attacks-navy-warship/73645182				WB_2470_PEACE_OPERATIONS_AND_CONFLICT_MANAGEMENT,1860;WB_2432_FRAGILITY_CONFLICT_AND_VIOLENCE,1860;WB_2490_NATIONAL_PROTECTION_AND_SECURITY,1860;EPU_CATS_NATIONAL_SECURITY,1860;TAX_WEAPONS_WARSHIPS,3209;WB_135_TRANSPORT,1324;WB_1803_TRANSPORT_INFRASTRUCTURE,1324;WB_167_PORTS,1324;WB_539_OIL_AND_GAS_POLICY_STRATEGY_AND_INSTITUTIONS,4348;WB_507_ENERGY_AND_EXTRACTIVES,4348;WB_2290_OIL_AND_GAS_EXPORT,4348;WB_544_MID_AND_DOWNSTREAM_OIL_AND_GAS,4348;CRISISLEX_C07_SAFETY,1860;WB_775_TRADE_POLICY_AND_INTEGRATION,4195;WB_768_INTERNATIONAL_STANDARDS_AND_TECHNICAL_REGULATIONS,4195;WB_778_NON_TARIFF_MEASURES,4195;AFFECT,1418;AFFECT,2584;AFFECT,2783;EVACUATION,1418;EVACUATION,2584;EVACUATION,2783;CRISISLEX_T09_DISPLACEDRELOCATEDEVACUATED,1418;CRISISLEX_T09_DISPLACEDRELOCATEDEVACUATED,2584;CRISISLEX_T09_DISPLACEDRELOCATEDEVACUATED,2783;MANMADE_DISASTER_ABANDON_SHIP,1001;ARMEDCONFLICT,3598;ARMEDCONFLICT,4028;ARMEDCONFLICT,4621;WB_165_AIR_TRANSPORT,3718;WB_164_MODES_OF_TRANSPORT,3718;CRISISLEX_T01_CAUTION_ADVICE,2353;ELECTION,4159;TAX_FNCACT_GUARD,510;TAX_FNCACT_GUARD,2836;MEDIA_MSM,1209;MEDIA_MSM,2657;ENV_WATERWAYS,4606;WB_1805_WATERWAYS,4606;FUELPRICES,4056;USPEC_POLICY1,1978;USPEC_POLICY1,4320;EPU_ECONOMY,1978;EPU_ECONOMY,4320;EPU_ECONOMY_HISTORIC,1978;EPU_ECONOMY_HISTORIC,4320;WB_566_ENVIRONMENT_AND_NATURAL_RESOURCES,4606;WB_901_ENVIRONMENTAL_SAFEGUARDS,4606;WB_1790_INTERNATIONAL_WATERWAYS,4606;ECON_OILPRICE,436;WB_137_WATER,2513;MARITIME_INCIDENT,33;MARITIME_INCIDENT,444;MARITIME_INCIDENT,680;MARITIME_INCIDENT,1097;MARITIME_INCIDENT,1301;MARITIME_INCIDENT,1639;MARITIME_INCIDENT,2880;MARITIME_INCIDENT,3034;MARITIME_INCIDENT,3189;MARITIME_INCIDENT,5056;MARITIME,33;MARITIME,444;MARITIME,680;MARITIME,1097;MARITIME,1301;MARITIME,1639;MARITIME,2880;MARITIME,3034;MARITIME,3189;MARITIME,5056;MANMADE_DISASTER_IMPLIED,33;MANMADE_DISASTER_IMPLIED,444;MANMADE_DISASTER_IMPLIED,680;MANMADE_DISASTER_IMPLIED,1097;MANMADE_DISASTER_IMPLIED,1301;MANMADE_DISASTER_IMPLIED,1639;MANMADE_DISASTER_IMPLIED,2880;MANMADE_DISASTER_IMPLIED,3034;MANMADE_DISASTER_IMPLIED,3189;MANMADE_DISASTER_IMPLIED,5056;WB_678_DIGITAL_GOVERNMENT,290;WB_678_DIGITAL_GOVERNMENT,2068;WB_694_BROADCAST_AND_MEDIA,290;WB_694_BROADCAST_AND_MEDIA,2068;WB_133_INFORMATION_AND_COMMUNICATION_TECHNOLOGIES,290;WB_133_INFORMATION_AND_COMMUNICATION_TECHNOLOGIES,2068;ECON_GASOLINEPRICE,4903;ECON_HEATINGOIL,4903;ENV_OIL,25;ENV_OIL,436;ENV_OIL,1089;ENV_OIL,1293;ENV_OIL,2872;ENV_OIL,3181;ENV_OIL,3323;ENV_OIL,4006;ENV_OIL,4340;ENV_OIL,5048;MEDIA_SOCIAL,2068;WB_652_ICT_APPLICATIONS,2068;WB_662_SOCIAL_MEDIA,2068;WB_658_ENTERPRISE_APPLICATIONS,2068;TAX_WEAPONS_WARSHIP,71;TAX_WEAPONS_WARSHIP,482;PROTEST,5036;STRIKE,5036;BLOCKADE,4270;SEIGE,4270;TAX_ETHNICITY_AMERICAN,327;TAX_ETHNICITY_AMERICAN,4369;WB_698_TRADE,3886;TAX_WEAPONS_AIRCRAFT_CARRIER,1169;TAX_FNCACT_SECRETARY,1431;CRISISLEX_CRISISLEXREC,416;CRISISLEX_CRISISLEXREC,690;CRISISLEX_CRISISLEXREC,839;CRISISLEX_CRISISLEXREC,1075;SANCTIONS,3678;TAX_FNCACT_REPORTER,2253;TAX_POLITICAL_PARTY_REPUBLICAN_PARTY,4119;TAX_POLITICAL_PARTY_REPUBLICAN,4113;TAX_FNCACT_SECRETARY_OF_STATE,1440;TAX_ETHNICITY_PERSIAN,1379;TAX_WORLDLANGUAGES_PERSIAN,1379;EPU_POLICY_POLITICAL,4077;WB_2433_CONFLICT_AND_VIOLENCE,5074;LEADER,3536;TAX_FNCACT_PRESIDENT,3536;USPEC_POLITICS_GENERAL1,3536;MARITIME_PIRACY,2517;CRISISLEX_T11_UPDATESSYMPATHY,1650;TAX_ETHNICITY_IRANIAN,21;TAX_ETHNICITY_IRANIAN,275;TAX_ETHNICITY_IRANIAN,426;TAX_ETHNICITY_IRANIAN,672;TAX_ETHNICITY_IRANIAN,1085;TAX_ETHNICITY_IRANIAN,1192;TAX_ETHNICITY_IRANIAN,1289;TAX_ETHNICITY_IRANIAN,2235;TAX_ETHNICITY_IRANIAN,2283;TAX_ETHNICITY_IRANIAN,2687;TAX_ETHNICITY_IRANIAN,3026;TAX_ETHNICITY_IRANIAN,3177;TAX_ETHNICITY_IRANIAN,4281;TAX_ETHNICITY_IRANIAN,5044;TAX_ECON_PRICE,4056;TAX_ECON_PRICE,4903;TAX_ECON_PRICE,5106;MILITARY,63;MILITARY,2841;MILITARY,3200;TAX_FNCACT_NAVY,63;TAX_FNCACT_NAVY,2841;TAX_FNCACT_NAVY,3200;		4#Tehran, Tehran, Iran#IR#IR26#41130#35.75#51.5148#10074674#2142;4#Tehran, Tehran, Iran#IR#IR26#41130#35.75#51.5148#10074674#3610;4#Tehran, Tehran, Iran#IR#IR26#41130#35.75#51.5148#10074674#3853;4#Tehran, Tehran, Iran#IR#IR26#41130#35.75#51.5148#10074674#4486;1#Israel#IS#IS##31.5#34.75#IS#1828;1#Iranian#IR#IR##32#53#IR#21;1#Iranian#IR#IR##32#53#IR#275;1#Iranian#IR#IR##32#53#IR#426;1#Iranian#IR#IR##32#53#IR#672;1#Iranian#IR#IR##32#53#IR#1085;1#Iranian#IR#IR##32#53#IR#1192;1#Iranian#IR#IR##32#53#IR#1289;1#Iranian#IR#IR##32#53#IR#2235;1#Iranian#IR#IR##32#53#IR#2283;1#Iranian#IR#IR##32#53#IR#2687;1#Iranian#IR#IR##32#53#IR#3026;1#Iranian#IR#IR##32#53#IR#3177;1#Iranian#IR#IR##32#53#IR#4281;1#Iranian#IR#IR##32#53#IR#5044;3#Washington, Washington, United States#US#USDC#DC001#38.8951#-77.0364#531871#183;3#Washington, Washington, United States#US#USDC#DC001#38.8951#-77.0364#531871#2118;1#Jordan#JO#JO##31#36#JO#265;1#Iran#IR#IR##32#53#IR#213;1#Iran#IR#IR##32#53#IR#490;1#Iran#IR#IR##32#53#IR#782;1#Iran#IR#IR##32#53#IR#900;1#Iran#IR#IR##32#53#IR#1108;1#Iran#IR#IR##32#53#IR#1338;1#Iran#IR#IR##32#53#IR#1364;1#Iran#IR#IR##32#53#IR#1486;1#Iran#IR#IR##32#53#IR#1519;1#Iran#IR#IR##32#53#IR#1752;1#Iran#IR#IR##32#53#IR#1811;1#Iran#IR#IR##32#53#IR#2148;1#Iran#IR#IR##32#53#IR#2267;1#Iran#IR#IR##32#53#IR#2528;1#Iran#IR#IR##32#53#IR#2618;1#Iran#IR#IR##32#53#IR#2729;1#Iran#IR#IR##32#53#IR#2816;1#Iran#IR#IR##32#53#IR#3301;1#Iran#IR#IR##32#53#IR#3334;1#Iran#IR#IR##32#53#IR#3616;1#Iran#IR#IR##32#53#IR#3709;1#Iran#IR#IR##32#53#IR#3859;1#Iran#IR#IR##32#53#IR#3919;1#Iran#IR#IR##32#53#IR#4492;1#Iran#IR#IR##32#53#IR#4629;1#Iran#IR#IR##32#53#IR#4706;1#Iran#IR#IR##32#53#IR#4874;1#Iran#IR#IR##32#53#IR#4934;1#Iran#IR#IR##32#53#IR#4978;1#Kuwait#KU#KU##29.5#47.75#KU#2901;1#Kuwait#KU#KU##29.5#47.75#KU#3053;1#Oman#MU#MU##21#57#MU#776;1#Oman#MU#MU##21#57#MU#4478;4#Jask, Hormozgan, Iran#IR#IR11#40979#25.6439#57.7744#-3067830#1332;4#Jask, Hormozgan, Iran#IR#IR11#40979#25.6439#57.7744#-3067830#2261;4#Jask, Hormozgan, Iran#IR#IR11#40979#25.6439#57.7744#-3067830#2522;4#Jask, Hormozgan, Iran#IR#IR11#40979#25.6439#57.7744#-3067830#2612;1#American#US#US##39.828175#-98.5795#US#327;1#American#US#US##39.828175#-98.5795#US#4369;1#Jordanian#JO#JO##31#36#JO#611;4#Kharg Island, Bushehr, Iran#IR#IR22#40962#29.2458#50.3158#-3070760#894;4#Kharg Island, Bushehr, Iran#IR#IR22#40962#29.2458#50.3158#-3070760#1358;4#Kharg Island, Bushehr, Iran#IR#IR22#40962#29.2458#50.3158#-3070760#2723;1#Bahrain#BA#BA##26#50.5#BA#2911;1#Bahrain#BA#BA##26#50.5#BA#3063;1#Colombia#CO#CO##4#-72#CO#1780;4#Gulf Of Oman, Iran (General), Iran#IR#IR00#40979#25.4489#57.7939#-3077385#776					-5.63063063063063,0.900900900900901,6.53153153153153,7.43243243243243,18.6936936936937,0.563063063063063,816			https://kubrick.htvapps.com/htv-prod/images/01ce1206-143f-42a8-b02f-665fdbab91c1.jpg?crop=1.00xw%3A0.846xh%3B0%2C0.149xh								<PAGE_TITLE>US destroys 5 Iranian oil tankers after missile attacks on Navy warship, military says</PAGE_TITLE>
	20260908233000		wltribune.com	https://wltribune.com/2026/09/08/shuswaps-gail-anderson-dargatz-taps-into-time-travel-with-the-atlas-keeper/				TAX_FNCACT_PLAYER,33;		1#Canadian#CA#CA##60#-96#CA#997;1#Canadian#CA#CA##60#-96#CA#1212;1#Canadian#CA#CA##60#-96#CA#3771;4#Piccadilly, Newfoundland, Canada#CA#CA05#12611#48.55#-58.9167#-571258#3936;4#Salmon Arm, British Columbia, Canada#CA#CA02#12566#50.7#-119.283#-573088#913;4#Salmon Arm, British Columbia, Canada#CA#CA02#12566#50.7#-119.283#-573088#3894					1.12359550561798,2.94943820224719,1.82584269662921,4.7752808988764,22.4719101123595,0.280898876404494,644			https://wltribune.com/wp-content/uploads/sites/6/2026/09/260911-SAA-Gail-Anderson-Dargatz.jpg								<PAGE_LINKS>https://trinityaudio.ai</PAGE_LINKS><PAGE_AUTHORS>none</PAGE_AUTHORS><PAGE_PRECISEPUBTIMESTAMP>20260908201500</PAGE_PRECISEPUBTIMESTAMP><PAGE_TITLE>Shuswap's Gail Anderson-Dargatz taps into time travel with The Atlas Keeper</PAGE_TITLE>
	20260908233000		wbaa.org	https://www.wbaa.org/npr-news/2026-09-08/new-report-shows-the-economic-toll-of-ice-raids				MOVEMENT_GENERAL,362;TAX_FNCACT_IMMIGRANTS,1547;CRISISLEX_T11_UPDATESSYMPATHY,1795;SOC_GENERALCRIME,2946;TRIAL,2938;LEADER,569;TAX_FNCACT_PRESIDENT,569;USPEC_POLITICS_GENERAL1,569;ECON_TAXATION,1106;USPEC_POLICY1,1106;EPU_POLICY_TAX,1106;EPU_CATS_TAXES,1106;WB_696_PUBLIC_SECTOR_MANAGEMENT,2558;WB_840_JUSTICE,2558;WB_2495_DETENTION_PRISON_AND_CORRECTIONS_REFORM,2558;WB_2470_PEACE_OPERATIONS_AND_CONFLICT_MANAGEMENT,2558;WB_2432_FRAGILITY_CONFLICT_AND_VIOLENCE,2558;WB_1014_CRIMINAL_JUSTICE,2558;WB_2490_NATIONAL_PROTECTION_AND_SECURITY,2558;TRAFFIC,1634;EPU_POLICY_SPENDING,3380;INFO_RUMOR,618;EPU_ECONOMY,140;EPU_ECONOMY,831;EPU_ECONOMY,3215;EPU_ECONOMY,3461;EPU_ECONOMY_HISTORIC,140;EPU_ECONOMY_HISTORIC,831;EPU_ECONOMY_HISTORIC,3215;EPU_ECONOMY_HISTORIC,3461;EPU_CATS_MIGRATION_FEAR_FEAR,42;EPU_CATS_MIGRATION_FEAR_FEAR,2074;EPU_CATS_MIGRATION_FEAR_FEAR,2362;SCIENCE,468;EDUCATION,273;SOC_POINTSOFINTEREST_UNIVERSITY,273;NATURAL_DISASTER_ICE,740;NATURAL_DISASTER_ICE,2226;NATURAL_DISASTER_ICE,2885;NATURAL_DISASTER_ICE,2974;NATURAL_DISASTER_ICE,3479;EPU_POLICY_WHITE_HOUSE,2626;EPU_POLICY_WHITE_HOUSE,2723;TAX_FNCACT_PROFESSOR,759;TAKE_OFFICE,594;EPU_CATS_REGULATION,3614;CRISISLEX_CRISISLEXREC,736;CRISISLEX_CRISISLEXREC,2677;CRISISLEX_CRISISLEXREC,3183;CRISISLEX_CRISISLEXREC,3491;TAX_FNCACT_CRIMINAL,3062;TAX_FNCACT_CRIMINALS,2794;TAX_FNCACT_COOK,448;TAX_FNCACT_SPOKESPERSON,2751;ARREST,2512;ARREST,2893;CRISISLEX_C07_SAFETY,2512;CRISISLEX_C07_SAFETY,2893;TAX_FNCACT_IMMIGRANT,380;TAX_FNCACT_IMMIGRANT,870;TAX_FNCACT_IMMIGRANT,1751;TAX_FNCACT_IMMIGRANT,1841;IDEOLOGY,3074;UNREST_CRACKDOWN,91;UNREST_CRACKDOWN,2477;TAX_FNCACT_WAITRESS,2270;TAX_ECON_PRICE,954;IMMIGRATION,80;IMMIGRATION,714;IMMIGRATION,2466;IMMIGRATION,2548;IMMIGRATION,3171;WB_2670_JOBS,80;WB_2670_JOBS,714;WB_2670_JOBS,2466;WB_2670_JOBS,2548;WB_2670_JOBS,3171;WB_2769_JOBS_STRATEGIES,80;WB_2769_JOBS_STRATEGIES,714;WB_2769_JOBS_STRATEGIES,2466;WB_2769_JOBS_STRATEGIES,2548;WB_2769_JOBS_STRATEGIES,3171;WB_2837_IMMIGRATION,80;WB_2837_IMMIGRATION,714;WB_2837_IMMIGRATION,2466;WB_2837_IMMIGRATION,2548;WB_2837_IMMIGRATION,3171;WB_2836_MIGRATION_POLICIES_AND_JOBS,80;WB_2836_MIGRATION_POLICIES_AND_JOBS,714;WB_2836_MIGRATION_POLICIES_AND_JOBS,2466;WB_2836_MIGRATION_POLICIES_AND_JOBS,2548;WB_2836_MIGRATION_POLICIES_AND_JOBS,3171;EPU_CATS_MIGRATION_FEAR_MIGRATION,80;EPU_CATS_MIGRATION_FEAR_MIGRATION,714;EPU_CATS_MIGRATION_FEAR_MIGRATION,2466;EPU_CATS_MIGRATION_FEAR_MIGRATION,2548;EPU_CATS_MIGRATION_FEAR_MIGRATION,3171;		3#Chicago, Illinois, United States#US#USIL#IL031#41.85#-87.6501#423587#156;3#Chicago, Illinois, United States#US#USIL#IL031#41.85#-87.6501#423587#293;3#Chicago, Illinois, United States#US#USIL#IL031#41.85#-87.6501#423587#428;3#Chicago, Illinois, United States#US#USIL#IL031#41.85#-87.6501#423587#655;3#Chicago, Illinois, United States#US#USIL#IL031#41.85#-87.6501#423587#1470;3#Chicago, Illinois, United States#US#USIL#IL031#41.85#-87.6501#423587#2246;2#Illinois, United States#US#USIL##40.3363#-89.0022#IL#285;2#Illinois, United States#US#USIL##40.3363#-89.0022#IL#1071;3#White House, District Of Columbia, United States#US#USDC#DC001#38.8951#-77.0364#531871#2626;3#White House, District Of Columbia, United States#US#USDC#DC001#38.8951#-77.0364#531871#2723;1#Mexican#MX#MX##23#-102#MX#1536					-7.35551663747811,1.22591943957968,8.58143607705779,9.80735551663748,18.739054290718,0.175131348511384,526			http://npr-brightspot.s3.amazonaws.com/c4/34/17b1505d4cc59148d1455d7d8606/gettyimages-2195368241.jpg								<PAGE_LINKS>https://greatcities.uic.edu/news-stories/hunkering-down-the-hidden-economic-cost-of-federal-immigration-enforcement-in-cook-county-il/;https://www.brookings.edu/articles/ice-enforcement-employment-effects-us-cities/;https://www.minneapolismn.gov/news/2026/june/updated-assessment/;https://www.npr.org/2025/01/21/nx-s1-5268920/chicago-braces-for-ice-crackdown;https://www.npr.org/2026/05/05/nx-s1-5801473/minneapolis-immigrants-grapple-with-economic-impact-of-operation-metro-surge</PAGE_LINKS><PAGE_TITLE>New report shows the economic toll of ICE raids</PAGE_TITLE>
	20260908233000		arabnews.com	https://www.arabnews.com/middle-east/syria-should-protect-minorities-to-stop-emigration-minister-3000993				KILL,1101;TERROR,1101;TAX_RELIGION_ALAWITE,762;TAX_FNCACT_MINISTER,148;TAX_FNCACT_MINISTER,320;TAX_FNCACT_WOMAN,371;TAX_RELIGION_SUNNI,655;TAX_ETHNICITY_SUNNI,655;WB_2670_JOBS,128;WB_2769_JOBS_STRATEGIES,128;WB_2844_EMIGRATION,128;WB_2836_MIGRATION_POLICIES_AND_JOBS,128;TAX_RELIGION_CHRISTIANS,829;TAX_RELIGION_CHRISTIANS,1023;TAX_RELIGION_CHRISTIANS,1139;TAX_ETHNICITY_CHRISTIANS,829;TAX_ETHNICITY_CHRISTIANS,1023;TAX_ETHNICITY_CHRISTIANS,1139;TAKE_OFFICE,577;TAX_RELIGION_MUSLIM,662;TAX_RELIGION_MUSLIM,1600;TAX_ETHNICITY_MUSLIM,662;TAX_ETHNICITY_MUSLIM,1600;TAX_RELIGION_SUNNI_MUSLIM,662;CONSTITUTIONAL,39;CONSTITUTIONAL,206;CONSTITUTIONAL,627;TAX_FNCACT_POPE,1557;LEADER,498;TAX_FNCACT_PRESIDENT,498;USPEC_POLITICS_GENERAL1,498;TAX_FNCACT_OFFICIALS,1622;ARMEDCONFLICT,916;EPU_CATS_NATIONAL_SECURITY,916;RELIGION,98;WB_421_SOCIAL_INCLUSION,109;WB_933_ETHNIC_RELIGIOUS_AND_OTHER_MINORITIES,109;WB_134_SOCIAL_DEVELOPMENT,109;TAX_RELIGION_CHRISTIAN,388;TAX_RELIGION_CHRISTIAN,715;TAX_RELIGION_CHRISTIAN,1612;TAX_ETHNICITY_CHRISTIAN,388;TAX_ETHNICITY_CHRISTIAN,715;TAX_ETHNICITY_CHRISTIAN,1612;TAX_ETHNICITY_ARAB,1636;LEGISLATION,279;EPU_POLICY_LAW,279;REBELLION,916;WB_739_POLITICAL_VIOLENCE_AND_CIVIL_WAR,916;WB_738_SOCIAL_COHESION,916;GENERAL_GOVERNMENT,426;GENERAL_GOVERNMENT,1425;GENERAL_GOVERNMENT,1473;EPU_POLICY_GOVERNMENT,426;EPU_POLICY_GOVERNMENT,1425;EPU_POLICY_GOVERNMENT,1473;		1#Syrian#SY#SY##35#38#SY#139;4#Rome, Lazio, Italy#IT#IT07#18350#41.9#12.4833#-126693#4;4#Rome, Lazio, Italy#IT#IT07#18350#41.9#12.4833#-126693#1537;1#Syria#SY#SY##35#38#SY#19;1#Syria#SY#SY##35#38#SY#287;1#Syria#SY#SY##35#38#SY#636;1#Syrians#SY#SY##35#38#SY#1318					-0.716845878136201,0.716845878136201,1.4336917562724,2.1505376344086,21.1469534050179,0.716845878136201,254			https://assets.maestronewsroom.com/media/30f6532d-717b-4366-9158-9c455299fcd9/1788907825138-c1a34ec0da198180.jpg								<PAGE_PRECISEPUBTIMESTAMP>20260908225100</PAGE_PRECISEPUBTIMESTAMP><PAGE_TITLE>Arab News | Syria should protect minorities to stop emigration: minister</PAGE_TITLE>
	20260908233000		dailyrecord.co.uk	https://www.dailyrecord.co.uk/national-television-award-winners-say-37641492				TAX_FNCACT_PRODUCER,1286;CRISISLEX_T11_UPDATESSYMPATHY,2531;TAX_FNCACT_PRESENTER,594;TAX_FNCACT_PRESENTER,745;TAX_FNCACT_PRESENTER,866;TAX_FNCACT_PRESENTER,2495;MEDIA_MSM,94;MEDIA_MSM,147;MEDIA_MSM,1131;TAX_FNCACT_MAN,2341;TAX_WORLDINSECTS_ANT,673;TAX_WORLDINSECTS_ANT,1018;TAX_WORLDINSECTS_ANT,2238;UNGP_FORESTS_RIVERS_OCEANS,1669;TAX_FNCACT_EXECUTIVE,1277;		1#Britain#UK#UK##54#-4#UK#800;1#British#UK#UK##54#-4#UK#136;4#London, London, City Of, United Kingdom#UK#UKH9#40110#51.5#-0.116667#-2601889#303					6.90423162583519,8.9086859688196,2.00445434298441,10.913140311804,19.1536748329621,0.44543429844098,416			https://i2-prod.dailystar.co.uk/incoming/article28272501.ece/ALTERNATES/s1200/1_National-Television-Awards-2020-Arrivals-London.jpg								<PAGE_LINKS>https://www.dailystar.co.uk/boobs-boos-bust-ups-inside-37632839;https://www.dailystar.co.uk/tv/ntas-2026-viewers-issue-same-37640915;https://www.dailystar.co.uk/tv/stacey-solomon-lands-huge-new-37568459;https://www.manchestereveningnews.co.uk/all-about/britains-got-talent</PAGE_LINKS><PAGE_AUTHORS>Peter Harris</PAGE_AUTHORS><PAGE_TITLE>National Television Award viewers say 'deserved' as TV icon beats Ant and Dec</PAGE_TITLE>
	20260908233000		freepressjournal.in	https://www.freepressjournal.in/mumbai/kalyan-csmt-ac-local-delays-leave-commuters-frustrated-as-two-hour-late-arrivals-become-routine				TRANSPARENCY,2186;MANMADE_DISASTER_IMPLIED,31;MANMADE_DISASTER_IMPLIED,1139;MANMADE_DISASTER_IMPLIED,1583;MANMADE_DISASTER_IMPLIED,1708;MANMADE_DISASTER_IMPLIED,2241;WB_135_TRANSPORT,31;WB_135_TRANSPORT,1139;WB_135_TRANSPORT,1583;WB_135_TRANSPORT,1708;WB_135_TRANSPORT,2241;WB_1803_TRANSPORT_INFRASTRUCTURE,31;WB_1803_TRANSPORT_INFRASTRUCTURE,1139;WB_1803_TRANSPORT_INFRASTRUCTURE,1583;WB_1803_TRANSPORT_INFRASTRUCTURE,1708;WB_1803_TRANSPORT_INFRASTRUCTURE,2241;WB_166_RAILWAYS,31;WB_166_RAILWAYS,1139;WB_166_RAILWAYS,1583;WB_166_RAILWAYS,1708;WB_166_RAILWAYS,2241;CRISISLEX_C04_LOGISTICS_TRANSPORT,31;CRISISLEX_C04_LOGISTICS_TRANSPORT,1139;CRISISLEX_C04_LOGISTICS_TRANSPORT,1583;CRISISLEX_C04_LOGISTICS_TRANSPORT,1708;CRISISLEX_C04_LOGISTICS_TRANSPORT,2241;LEADER,2217;TAX_FNCACT_PRESIDENT,2217;USPEC_POLITICS_GENERAL1,2217;DELAY,81;DELAY,383;DELAY,990;DELAY,1627;USPEC_UNCERTAINTY1,81;USPEC_UNCERTAINTY1,383;USPEC_UNCERTAINTY1,990;USPEC_UNCERTAINTY1,1627;AFFECT,285;AFFECT,884;AFFECT,2138;PUBLIC_TRANSPORT,321;PUBLIC_TRANSPORT,666;PUBLIC_TRANSPORT,832;PUBLIC_TRANSPORT,1181;PUBLIC_TRANSPORT,1285;PUBLIC_TRANSPORT,1820;TAX_FNCACT_MOTORMAN,1027;GENERAL_GOVERNMENT,2540;EPU_POLICY_GOVERNMENT,2540;		4#Mumbai, Maharashtra, India#IN#IN16#70184#18.975#72.8258#-2092174#6;4#Kalyan, Maharashtra, India#IN#IN16#17783#19.25#73.15#-2099261#153;4#Kalyan, Maharashtra, India#IN#IN16#17783#19.25#73.15#-2099261#1304;4#Kalyan, Maharashtra, India#IN#IN16#17783#19.25#73.15#-2099261#1434;4#Karjat, Maharashtra, India#IN#IN16#70179#18.55#75#-2099817#1155					-6.30841121495327,0.233644859813084,6.54205607476635,6.77570093457944,23.8317757009346,0,385			https://media.assettype.com/freepressjournal/2026-09-08/oq9vi4bs/ChatGPT-Image-Sep-9-2026-040118-AM.png								<PAGE_PRECISEPUBTIMESTAMP>20260908223300</PAGE_PRECISEPUBTIMESTAMP><PAGE_ALTURL_AMP>https://www.freepressjournal.in/amp/mumbai/kalyan-csmt-ac-local-delays-leave-commuters-frustrated-as-two-hour-late-arrivals-become-routine</PAGE_ALTURL_AMP><PAGE_TITLE>Kalyan-CSMT AC Local Delays Leave Commuters Frustrated As Two-Hour Late Arrivals Become Routine</PAGE_TITLE>
	20260908233000		ncpa.org	https://ncpa.org/newsroom/qam/2026/09/09/put-medication-safety-action				GENERAL_HEALTH,125;GENERAL_HEALTH,280;GENERAL_HEALTH,338;UNGP_FORESTS_RIVERS_OCEANS,558;TAX_FNCACT_DIRECTOR,382;TAX_FNCACT_EXECUTIVE_DIRECTOR,382;SOC_POINTSOFINTEREST_UNIVERSITY,307;SOC_POINTSOFINTEREST_COLLEGE,326;TAX_FNCACT_ASSISTANT,258;TAX_FNCACT_EXECUTIVE,373;EDUCATION,268;TAX_FNCACT_PROFESSOR,268;							0,1.8348623853211,1.8348623853211,3.6697247706422,16.5137614678899,2.75229357798165,100			https://ncpa.org/sites/default/files/2020-03/ncpa-fi.png								<PAGE_LINKS>https://ncpa.org/webinars</PAGE_LINKS><PAGE_AUTHORS>NCPA</PAGE_AUTHORS><PAGE_TITLE>Put medication safety into action</PAGE_TITLE>
	20260908233000		fox2detroit.com	https://www.fox2detroit.com/news/family-woman-killed-outside-southfield-tgi-fridays-sounds-off-after-suspect-released				TAX_WORLDMAMMALS_HUMAN,1235;WB_2433_CONFLICT_AND_VIOLENCE,1362;WB_2432_FRAGILITY_CONFLICT_AND_VIOLENCE,1362;UNGP_CRIME_VIOLENCE,1362;TAX_WEAPONS_GUN,1497;TAX_FNCACT_ORGANIZER,1895;TAX_WORLDMAMMALS_DOG,1218;TAX_WORLDMAMMALS_FOX,251;TAX_WORLDMAMMALS_FOX,1968;ARREST,74;ARREST,151;ARREST,226;ARREST,401;TAX_FNCACT_WOMAN,288;KILL,302;CRISISLEX_T03_DEAD,302;TAX_FNCACT_MAN,890;TAX_FNCACT_MAN,1628;TAX_FNCACT_MAN,1656;							-0.77319587628866,2.57731958762887,3.35051546391753,5.92783505154639,28.3505154639175,2.06185567010309,349			https://images.foxtv.com/static.fox2detroit.com/www.fox2detroit.com/content/uploads/2026/09/1280/720/48257584589.jpg?ve=1&tl=1								<PAGE_LINKS>https://www.fox2detroit.com/video/fmc-5zuqvi6b6efya5ob</PAGE_LINKS><PAGE_AUTHORS>Jamie Sherrod</PAGE_AUTHORS><PAGE_PRECISEPUBTIMESTAMP>20260908213000</PAGE_PRECISEPUBTIMESTAMP><PAGE_ALTURL_AMP>https://www.fox2detroit.com/news/family-woman-killed-outside-southfield-tgi-fridays-sounds-off-after-suspect-released.amp</PAGE_ALTURL_AMP><PAGE_TITLE>Family of woman killed outside Southfield TGI Fridays sounds off after suspect released</PAGE_TITLE>
	20260908233000		fox2detroit.com	https://www.fox2detroit.com/news/dearborn-homeowner-speaks-after-heated-exchange-driver-spreads-online				TAX_FNCACT_DRIVER,355;TAX_FNCACT_DRIVER,1548;MANMADE_DISASTER_IMPLIED,778;MANMADE_DISASTER_IMPLIED,912;NATURAL_DISASTER_TORRENTIAL_RAINFALL,526;GENERAL_HEALTH,1128;GENERAL_HEALTH,1289;TAX_DISEASE_DISEASE,1128;TAX_DISEASE_DISEASE,1289;WB_1406_DISEASES,1128;WB_1406_DISEASES,1289;WB_621_HEALTH_NUTRITION_AND_POPULATION,1128;WB_621_HEALTH_NUTRITION_AND_POPULATION,1289;UNGP_HEALTHCARE,1128;UNGP_HEALTHCARE,1289;TAX_FNCACT_MAN,294;NATURAL_DISASTER_FLOODED,558;NATURAL_DISASTER_FLOODED,810;NATURAL_DISASTER_FLOODED,1503;NATURAL_DISASTER_FLOODED,1569;CRISISLEX_C06_WATER_SANITATION,558;CRISISLEX_C06_WATER_SANITATION,810;CRISISLEX_C06_WATER_SANITATION,1503;CRISISLEX_C06_WATER_SANITATION,1569;NATURAL_DISASTER_TORNADOES,504;CRISISLEX_O01_WEATHER,504;CRISISLEX_CRISISLEXREC,517;UNGP_FORESTS_RIVERS_OCEANS,1395;TAX_DISEASE_PARKINSON_DISEASE,1128;CRISISLEX_C04_LOGISTICS_TRANSPORT,817;CRISISLEX_C04_LOGISTICS_TRANSPORT,1576;TAX_FNCACT_WOMAN,49;TAX_FNCACT_WOMAN,123;TAX_FNCACT_WOMAN,195;TAX_WORLDMAMMALS_FOX,255;TAX_WORLDMAMMALS_FOX,1589;TAX_WORLDMAMMALS_FOX,1638;PROTEST,1251;		2#Michigan, United States#US#USMI##43.3504#-84.5603#MI#480;3#Dearborn, Michigan, United States#US#USMI#MI163#42.3223#-83.1763#624432#8;3#Dearborn, Michigan, United States#US#USMI#MI163#42.3223#-83.1763#624432#82;3#Dearborn, Michigan, United States#US#USMI#MI163#42.3223#-83.1763#624432#154;3#Dearborn, Michigan, United States#US#USMI#MI163#42.3223#-83.1763#624432#228;3#Dearborn, Michigan, United States#US#USMI#MI163#42.3223#-83.1763#624432#430;3#Dearborn, Michigan, United States#US#USMI#MI163#42.3223#-83.1763#624432#576;3#Dearborn, Michigan, United States#US#USMI#MI163#42.3223#-83.1763#624432#695;3#Dearborn, Michigan, United States#US#USMI#MI163#42.3223#-83.1763#624432#1665;3#Detroit, Michigan, United States#US#USMI#MI163#42.3314#-83.0458#1617959#275;3#Detroit, Michigan, United States#US#USMI#MI163#42.3314#-83.0458#1617959#1599					-5.99250936329588,0.374531835205993,6.36704119850187,6.74157303370786,25.0936329588015,0,270			https://images.foxtv.com/static.fox2detroit.com/www.fox2detroit.com/content/uploads/2026/09/1280/720/48257681621.jpg?ve=1&tl=1								<PAGE_LINKS>https://www.fox2detroit.com/video/fmc-yie5ao97f8pkd21g</PAGE_LINKS><PAGE_AUTHORS>Ingrid Kelley</PAGE_AUTHORS><PAGE_PRECISEPUBTIMESTAMP>20260908212700</PAGE_PRECISEPUBTIMESTAMP><PAGE_ALTURL_AMP>https://www.fox2detroit.com/news/dearborn-homeowner-speaks-after-heated-exchange-driver-spreads-online.amp</PAGE_ALTURL_AMP><PAGE_TITLE>Dearborn homeowner speaks after heated exchange with driver spreads online</PAGE_TITLE>
	20260908233000		dailysabah.com	https://www.dailysabah.com/world/europe/serbia-calls-snap-election-for-oct-25-after-months-of-protests				TAX_FNCACT_PRIME_MINISTER,353;EPU_POLICY_POLITICAL,192;EPU_POLICY_POLITICAL,929;TAX_FNCACT_MINISTER,353;ELECTION,48;GENERAL_GOVERNMENT,396;GENERAL_GOVERNMENT,511;GENERAL_GOVERNMENT,750;GENERAL_GOVERNMENT,1019;GENERAL_GOVERNMENT,1261;EPU_POLICY_GOVERNMENT,396;EPU_POLICY_GOVERNMENT,511;EPU_POLICY_GOVERNMENT,750;EPU_POLICY_GOVERNMENT,1019;EPU_POLICY_GOVERNMENT,1261;TAX_WORLDLANGUAGES_SERBIAN,338;MOVEMENT_GENERAL,172;CRISISLEX_CRISISLEXREC,317;GOV_DISSOLVEGOV,1357;CONSTITUTIONAL,575;PROTEST,163;LEADER,62;LEADER,438;LEADER,602;TAX_FNCACT_PRESIDENT,62;TAX_FNCACT_PRESIDENT,438;TAX_FNCACT_PRESIDENT,602;USPEC_POLITICS_GENERAL1,62;USPEC_POLITICS_GENERAL1,438;USPEC_POLITICS_GENERAL1,602;		1#Republic Of Serbia#RB#RB####RB#537;1#Serbian#RB#RB####RB#338;1#Serbia#RI#RI##44#21#RI#6;1#Serbia#RI#RI##44#21#RI#235;1#Serbia#RI#RI##44#21#RI#537					-2.23214285714286,1.78571428571429,4.01785714285714,5.80357142857143,22.3214285714286,0.892857142857143,212			https://idsb.tmgrup.com.tr/ly/uploads/images/2026/09/08/thumbs/1200x675/459760.jpg								<PAGE_AUTHORS>Agencies</PAGE_AUTHORS><PAGE_PRECISEPUBTIMESTAMP>20260908182000</PAGE_PRECISEPUBTIMESTAMP><PAGE_ALTURL_AMP>https://www.dailysabah.com/world/europe/serbia-calls-snap-election-for-oct-25-after-months-of-protests/amp</PAGE_ALTURL_AMP><PAGE_TITLE>Serbia calls snap election for Oct. 25 after months of protests</PAGE_TITLE>
	20260908233000		standard.net.au	https://www.standard.net.au/story/9346254/trish-hill-warrnambool-intersection-crash-leaves-women-injured/				TAX_MILITARY_TITLE_SERGEANT,1870;TAX_FNCACT_SERGEANT,1870;SECURITY_SERVICES,289;SECURITY_SERVICES,580;SECURITY_SERVICES,688;SECURITY_SERVICES,1895;SECURITY_SERVICES,2408;TAX_FNCACT_POLICE,289;TAX_FNCACT_POLICE,580;TAX_FNCACT_POLICE,688;TAX_FNCACT_POLICE,1895;TAX_FNCACT_POLICE,2408;CRISISLEX_C07_SAFETY,289;CRISISLEX_C07_SAFETY,580;CRISISLEX_C07_SAFETY,688;CRISISLEX_C07_SAFETY,1895;CRISISLEX_C07_SAFETY,2408;CRISISLEX_CRISISLEXREC,1540;CRISISLEX_CRISISLEXREC,1749;TAX_ETHNICITY_AUSTRALIAN,2268;MEDIA_MSM,2200;MEDIA_MSM,2227;TAX_FNCACT_JOURNALIST,2200;TAX_FNCACT_JOURNALIST,2227;TAX_FNCACT_WOMEN,1510;TAX_FNCACT_WOMEN,1787;TAX_FNCACT_WOMAN,7;TAX_FNCACT_WOMAN,2095;WB_1428_INJURY,1811;WB_1406_DISEASES,1811;WB_621_HEALTH_NUTRITION_AND_POPULATION,1811;WB_1427_NON_COMMUNICABLE_DISEASE_AND_INJURY,1811;CRISISLEX_T02_INJURED,1811;GENERAL_HEALTH,2117;MEDICAL,2117;SOC_POINTSOFINTEREST_HOSPITAL,2117;CRISISLEX_C03_WELLBEING_HEALTH,2117;ROAD_INCIDENT,2424;MANMADE_DISASTER_ROAD_ACCIDENT,2424;SOC_TRAFFICACCIDENT,2424;TAX_FNCACT_DRIVER,1481;MANMADE_DISASTER_IMPLIED,62;MANMADE_DISASTER_IMPLIED,914;MANMADE_DISASTER_IMPLIED,1025;MANMADE_DISASTER_IMPLIED,1315;MANMADE_DISASTER_IMPLIED,1575;MANMADE_DISASTER_IMPLIED,1616;MANMADE_DISASTER_IMPLIED,1760;MANMADE_DISASTER_IMPLIED,2140;CRISISLEX_T11_UPDATESSYMPATHY,1441;WB_168_ROADS_AND_HIGHWAYS,1854;WB_135_TRANSPORT,1854;WB_1809_HIGHWAYS,1854;WB_1803_TRANSPORT_INFRASTRUCTURE,1854;WB_678_DIGITAL_GOVERNMENT,2284;WB_694_BROADCAST_AND_MEDIA,2284;WB_133_INFORMATION_AND_COMMUNICATION_TECHNOLOGIES,2284;TAX_FNCACT_PRODUCER,2253;		1#Australian#AS#AS##-25#135#AS#2268;4#Raglan, Queensland, Australia#AS#AS04#154688#-23.7167#150.817#-1596684#464					-1.25,1.45833333333333,2.70833333333333,4.16666666666667,24.7916666666667,1.66666666666667,420			https://www.standard.net.au/images/transform/v1/crop/frm/230199223/9e04a7a0-32ac-4c16-bfcf-74171a425f0f.png/r0_24_1280_696_w1200_h630_fmax.jpg								<PAGE_LINKS>https://www.standard.net.au/local-news/court-and-crime/;https://www.standard.net.au/story/9292936/warrnambool-crash-hospitalises-80-year-old-woman-on-june-15/;https://www.standard.net.au/topics/police/;https://www.standard.net.au/topics/road-accident-and-incident/</PAGE_LINKS><PAGE_PRECISEPUBTIMESTAMP>20260908210000</PAGE_PRECISEPUBTIMESTAMP><PAGE_TITLE>Trish Hill: Warrnambool intersection crash leaves women injured | The Standard</PAGE_TITLE>
	20260908233000		bostonglobe.com	https://www.bostonglobe.com/2026/09/08/metro/christian-bradley-williams-nantucket-rape/				GENERAL_HEALTH,3806;MEDICAL,3806;SOC_POINTSOFINTEREST_HOSPITAL,3806;CRISISLEX_C03_WELLBEING_HEALTH,3806;ARREST,153;CRISISLEX_CRISISLEXREC,153;TAX_FNCACT_WOMAN,276;TAX_FNCACT_WOMAN,513;TAX_FNCACT_WOMAN,642;TAX_FNCACT_WOMAN,874;TAX_FNCACT_WOMAN,1533;TAX_FNCACT_WOMAN,1733;TAX_FNCACT_WOMAN,1889;TAX_FNCACT_WOMAN,2067;TAX_FNCACT_WOMAN,2245;TAX_FNCACT_WOMAN,3170;TAX_FNCACT_WOMAN,3278;TAX_FNCACT_WOMAN,3687;TAX_FNCACT_NANNY,736;TAX_FNCACT_FATHER,3873;TAX_DISEASE_BODY_WEIGHT,2920;TAX_FNCACT_VICTIM,255;TAX_FNCACT_VICTIM,1190;MARITIME_INCIDENT,435;MARITIME_INCIDENT,656;MARITIME_INCIDENT,1266;MARITIME_INCIDENT,1813;MARITIME_INCIDENT,2201;MARITIME,435;MARITIME,656;MARITIME,1266;MARITIME,1813;MARITIME,2201;MANMADE_DISASTER_IMPLIED,435;MANMADE_DISASTER_IMPLIED,656;MANMADE_DISASTER_IMPLIED,1266;MANMADE_DISASTER_IMPLIED,1813;MANMADE_DISASTER_IMPLIED,2201;TAX_FNCACT_EMPLOYEE,1357;TAX_FNCACT_EMPLOYEE,1639;TAX_FNCACT_EMPLOYEE,2978;SECURITY_SERVICES,227;SECURITY_SERVICES,3146;TAX_FNCACT_POLICE,227;TAX_FNCACT_POLICE,3146;CRISISLEX_C07_SAFETY,227;CRISISLEX_C07_SAFETY,3146;TAX_FNCACT_CHILD,816;RAPE,3350;RAPE,3759;WB_742_YOUTH_AND_GENDER_BASED_VIOLENCE,3350;WB_742_YOUTH_AND_GENDER_BASED_VIOLENCE,3759;WB_2443_RAPE_AND_SEXUAL_VIOLENCE,3350;WB_2443_RAPE_AND_SEXUAL_VIOLENCE,3759;WB_738_SOCIAL_COHESION,3350;WB_738_SOCIAL_COHESION,3759;WB_134_SOCIAL_DEVELOPMENT,3350;WB_134_SOCIAL_DEVELOPMENT,3759;EDUCATION,826;SOC_POINTSOFINTEREST_PRESCHOOL,826;TRIAL,86;UNGP_CRIME_VIOLENCE,3350;UNGP_CRIME_VIOLENCE,3759;TAX_ETHNICITY_BLACK,2503;TAX_RELIGION_CHRISTIAN,1008;TAX_RELIGION_CHRISTIAN,1968;TAX_RELIGION_CHRISTIAN,2399;TAX_RELIGION_CHRISTIAN,2578;TAX_RELIGION_CHRISTIAN,2877;TAX_ETHNICITY_CHRISTIAN,1008;TAX_ETHNICITY_CHRISTIAN,1968;TAX_ETHNICITY_CHRISTIAN,2399;TAX_ETHNICITY_CHRISTIAN,2578;TAX_ETHNICITY_CHRISTIAN,2877;TAX_WORLDFISH_CHIMERA,445;TAX_WORLDFISH_CHIMERA,894;TAX_FNCACT_LAWYER,125;		2#Florida, United States#US#USFL##27.8333#-81.717#FL#789					-1.99733688415446,1.06524633821571,3.06258322237017,4.12782956058589,28.3621837549933,1.8641810918775,685			https://bostonglobe-prod.cdn.arcpublishing.com/resizer/v2/U6UEC4F3PT5Z7RBQ625OFDMNJM.JPG?auth=2c5504fc57f2c0b7989a9e23b8c690d479a1bb19f95d497bb6fe1ae28ba5e8a2								<PAGE_LINKS>https://nantucketcurrent.com/crime/florida-man-charged-with-raping-employee-on-his-yacht-docked-in-nantucket-harbor;https://www.bostonglobe.com/lifestyle/health-wellness/2016/05/01/partners-healthcare-errors-costs-all-mass-hospitals/I7ZloAaDKzTFst9kmbBuwM/story.html</PAGE_LINKS><PAGE_PRECISEPUBTIMESTAMP>20260908202100</PAGE_PRECISEPUBTIMESTAMP><PAGE_TITLE>Man charged with raping employee aboard his yacht in waters off Nantucket</PAGE_TITLE>
	20260908233000		hngnews.com	http://www.hngnews.com/nation_world/us-military-says-it-destroyed-5-iranian-oil-tankers-after-tehran-fired-missiles-at-a/article_75996975-103e-5db6-9ea9-51b32fcf1630.html				MARITIME,88;TAX_WEAPONS_WARSHIP,138;ENV_OIL,80;CRISISLEX_CRISISLEXREC,66;TAX_ETHNICITY_IRANIAN,76;		1#Iranian#IR#IR##32#53#IR#76;3#Washington, Washington, United States#US#USDC#DC001#38.8951#-77.0364#531871#10;4#Tehran, Tehran, Iran#IR#IR26#41130#35.75#51.5148#10074674#101					-8.33333333333333,0,8.33333333333333,8.33333333333333,4.16666666666667,8.33333333333333,23			https://bloximages.newyork1.vip.townnews.com/hngnews.com/content/tncms/custom/image/ab050ce8-ef00-11eb-9947-3fa732d15a79.jpg								<PAGE_AUTHORS>AP</PAGE_AUTHORS><PAGE_PRECISEPUBTIMESTAMP>20260908222600</PAGE_PRECISEPUBTIMESTAMP><PAGE_TITLE>US military says it destroyed 5 Iranian oil tankers after Tehran fired missiles at a US warship twice over 2 days</PAGE_TITLE>
	20260908233000		abc7chicago.com	https://abc7chicago.com/post/chicago-shootings-uchicago-medicine-doctors-back-rifl-act-bill-requiring-firearm-manufacturers-help-cover-gun-violence-costs/19807328/				WB_1428_INJURY,579;WB_1406_DISEASES,579;WB_1427_NON_COMMUNICABLE_DISEASE_AND_INJURY,579;CRISISLEX_T02_INJURED,579;WOUND,1540;USPEC_POLICY1,272;EPU_POLICY_POLICY,272;LEADER,392;TAX_FNCACT_LAWMAKERS,392;USPEC_POLITICS_GENERAL1,392;EPU_POLICY_LAWMAKERS,392;TAX_FNCACT_PHYSICIANS,185;TAX_FNCACT_PHYSICIANS,715;TAX_WEAPONS_FIREARMS,2087;TAX_WEAPONS_FIREARMS,2957;EDUCATION,49;SOC_POINTSOFINTEREST_UNIVERSITY,49;SOC_POINTSOFINTEREST_HOSPITALS,920;SOC_POINTSOFINTEREST_HOSPITALS,1340;MED_EMERGENCYROOM,174;CRISISLEX_T03_DEAD,2410;GEN_HOLIDAY,1592;EPU_CATS_HEALTHCARE,934;SOC_POINTSOFINTEREST_HOSPITAL,1813;AFFECT,2344;GENERAL_HEALTH,331;GENERAL_HEALTH,1648;MEDICAL,331;MEDICAL,1648;TAX_FNCACT_DOCTORS,331;TAX_FNCACT_DOCTORS,1648;CRISISLEX_C03_WELLBEING_HEALTH,331;CRISISLEX_C03_WELLBEING_HEALTH,1648;TAX_FNCACT_WORKERS,942;TAX_FNCACT_WORKERS,1365;LEGISLATION,445;LEGISLATION,839;LEGISLATION,2501;LEGISLATION,2805;EPU_POLICY_LEGISLATION,445;EPU_POLICY_LEGISLATION,839;EPU_POLICY_LEGISLATION,2501;EPU_POLICY_LEGISLATION,2805;WB_2433_CONFLICT_AND_VIOLENCE,222;WB_2433_CONFLICT_AND_VIOLENCE,888;WB_2433_CONFLICT_AND_VIOLENCE,1680;WB_2433_CONFLICT_AND_VIOLENCE,1904;WB_2433_CONFLICT_AND_VIOLENCE,2360;WB_2433_CONFLICT_AND_VIOLENCE,2426;WB_2432_FRAGILITY_CONFLICT_AND_VIOLENCE,222;WB_2432_FRAGILITY_CONFLICT_AND_VIOLENCE,888;WB_2432_FRAGILITY_CONFLICT_AND_VIOLENCE,1680;WB_2432_FRAGILITY_CONFLICT_AND_VIOLENCE,1904;WB_2432_FRAGILITY_CONFLICT_AND_VIOLENCE,2360;WB_2432_FRAGILITY_CONFLICT_AND_VIOLENCE,2426;UNGP_CRIME_VIOLENCE,222;UNGP_CRIME_VIOLENCE,888;UNGP_CRIME_VIOLENCE,1680;UNGP_CRIME_VIOLENCE,1904;UNGP_CRIME_VIOLENCE,2360;UNGP_CRIME_VIOLENCE,2426;TAX_ECON_PRICE,554;WB_1331_HEALTH_TECHNOLOGIES,369;WB_1331_HEALTH_TECHNOLOGIES,1991;WB_1350_PHARMACEUTICALS,369;WB_1350_PHARMACEUTICALS,1991;WB_621_HEALTH_NUTRITION_AND_POPULATION,369;WB_621_HEALTH_NUTRITION_AND_POPULATION,1991;KILL,588;SECURITY_SERVICES,1632;TAX_FNCACT_POLICE,1632;CRISISLEX_C07_SAFETY,1632;CRISISLEX_CRISISLEXREC,169;CRISISLEX_CRISISLEXREC,1823;TAX_FNCACT_PASTOR,2368;TAX_WEAPONS_FIREARM,499;TAX_WEAPONS_FIREARM,2111;TAX_WEAPONS_FIREARM,2919;TAX_FNCACT_PHYSICIAN,1955;TAX_FNCACT_VICTIMS,206;TAX_FNCACT_VICTIMS,1787;CRISISLEX_T08_MISSINGFOUNDTRAPPEDPEOPLE,206;CRISISLEX_T08_MISSINGFOUNDTRAPPEDPEOPLE,1787;TAX_WEAPONS_GUN,213;TAX_WEAPONS_GUN,879;TAX_WEAPONS_GUN,1671;TAX_WEAPONS_GUN,1895;TAX_WEAPONS_GUN,2351;TAX_WEAPONS_GUN,2417;TAX_FNCACT_SUPPORTERS,820;TAX_DISEASE_TRAUMA,121;CRISISLEX_T11_UPDATESSYMPATHY,121;		3#Bronzeville, Illinois, United States#US#USIL#IL031#41.8309#-87.6264#1825920#1555;2#Illinois, United States#US#USIL##40.3363#-89.0022#IL#2948;2#Illinois, United States#US#USIL##40.3363#-89.0022#IL#2986;3#University Of Chicago, Illinois, United States#US#USIL#IL031#41.7898#-87.5998#420158#60;3#Chicago, Illinois, United States#US#USIL#IL031#41.85#-87.6501#423587#7;3#Chicago, Illinois, United States#US#USIL#IL031#41.85#-87.6501#423587#60;3#Chicago, Illinois, United States#US#USIL#IL031#41.85#-87.6501#423587#1273;3#Chicago, Illinois, United States#US#USIL#IL031#41.85#-87.6501#423587#1610					-2.52631578947368,2.73684210526316,5.26315789473684,8,25.4736842105263,2.10526315789474,450			https://cdn.abcotvs.com/dip/images/19807601_090826-wls-leah-gun-violence-cost-bill-430p-vid.jpg								<PAGE_LINKS>https://abc7chicago.com/post/chicago-shooting-critically-injures-2-teen-boys-south-prairie-avenue-bronzeville-cpd/19804049/</PAGE_LINKS><PAGE_ALTURL_AMP>https://abc7chicago.com/amp/post/chicago-shootings-uchicago-medicine-doctors-back-rifl-act-bill-requiring-firearm-manufacturers-help-cover-gun-violence-costs/19807328/</PAGE_ALTURL_AMP><PAGE_TITLE>Chicago shootings: UChicago Medicine doctors back RIFL Act, bill requiring firearm manufacturers to help cover gun violence costs</PAGE_TITLE>
	20260908233000		iheart.com	https://mix931.iheart.com/featured/on-with-mario/content/2026-09-08-51-on-with-mario-daily-podcast-the-7-7-7-relationship-rule-back-to-school-s/											-1.75438596491228,0,1.75438596491228,1.75438596491228,21.0526315789474,3.50877192982456,51			https://i.iheart.com/v3/url/aHR0cHM6Ly93d3cub21ueWNvbnRlbnQuY29tL2QvY2xpcHMvZTczYzk5OGUtNmU2MC00MzJmLTg2MTAtYWUyMTAxNDBjNWIxL2JhMjgwYjA2LTMyZTQtNDk2Mi1hMzcyLWFlMmUwMTQ0MDUzMy81MDE2OThlMy0yZWY4LTQyYjMtOGRhZi1iNGJmMDEzMjVlMmMvaW1hZ2UuanBnP3Q9MTc4ODg5MjcwMyZzaXplPUxhcmdl?stay=1&ops=dup(),gravity(%22center%22),resizei(1200,675),blur(50),swap(),boxmerge(%22over%22,%22top:0px,bottom:0px%22),contain(0,675)								<PAGE_LINKS>https://omnystudio.com/listener</PAGE_LINKS><PAGE_TITLE>The 7-7-7 Relationship Rule, Back To School Shopping Hacks & More! | MIX 93.1</PAGE_TITLE>
	20260908233000		power98fm.com	https://power98fm.com/2026/09/08/qdoba-turns-september-into-diptember-with-prizes-and-deals/				TAX_FNCACT_OFFICIAL,1581;ENV_OIL,1169;CRISISLEX_T11_UPDATESSYMPATHY,505;WB_2936_GOLD,1017;WB_507_ENERGY_AND_EXTRACTIVES,1017;WB_895_MINING_SYSTEMS,1017;WB_1699_METAL_ORE_MINING,1017;GEN_HOLIDAY,278;TAX_FNCACT_ARTIST,1188;		1#Mexican#MX#MX##23#-102#MX#77					8.65384615384615,8.65384615384615,0,8.65384615384615,17.6282051282051,1.28205128205128,269			https://power98fm.com/uploads/2026/09/F26_Diptember_Comms_PressRelease_Image_1800x1200-1.jpg?auto=webp								<PAGE_LINKS>https://qdobafranchise.com/;https://qdobafranchise.com/in-the-news/qdoba-celebrates-diptember/</PAGE_LINKS><PAGE_TITLE>QDOBA Turns September Into 'Diptember' With Prizes and Deals</PAGE_TITLE>
	20260908233000		gazettextra.com	http://www.gazettextra.com/news/u-s-sen-tammy-baldwin-meets-with-janesville-retailers-as-tariffs-trade-war-intensify/article_d494ebc3-804e-4876-9d38-51921ac23603.html				USPEC_POLICY1,508;USPEC_POLICY1,888;URBAN,54;URBAN,660;URBAN,3046;URBAN,3695;EPU_ECONOMY_HISTORIC,2044;EPU_ECONOMY_HISTORIC,2072;TAX_ECON_PRICE,384;TAX_ECON_PRICE,1576;TAX_ECON_PRICE,3924;TAX_ECON_PRICE,4299;TAX_WORLDMAMMALS_BEARS,356;ECON_INFLATION,415;ECON_INFLATION,1321;ECON_INFLATION,2117;ECON_INFLATION,2611;WB_1104_MACROECONOMIC_VULNERABILITY_AND_DEBT,415;WB_1104_MACROECONOMIC_VULNERABILITY_AND_DEBT,1321;WB_1104_MACROECONOMIC_VULNERABILITY_AND_DEBT,2117;WB_1104_MACROECONOMIC_VULNERABILITY_AND_DEBT,2611;WB_442_INFLATION,415;WB_442_INFLATION,1321;WB_442_INFLATION,2117;WB_442_INFLATION,2611;ECON_TRANSPORT_COST,2263;EPU_UNCERTAINTY,3544;TAX_POLITICAL_PARTY_DEMOCRAT,1986;USPEC_POLITICS_GENERAL1,1986;ARMEDCONFLICT,463;ARMEDCONFLICT,558;ARMEDCONFLICT,2398;ARMEDCONFLICT,2874;EPU_CATS_NATIONAL_SECURITY,463;EPU_CATS_NATIONAL_SECURITY,558;EPU_CATS_NATIONAL_SECURITY,2398;EPU_CATS_NATIONAL_SECURITY,2874;ECON_TRADE_DISPUTE,558;ECON_TRADE_DISPUTE,2398;ECON_TRADE_DISPUTE,2874;TAX_FNCACT_SENATOR,3108;TAX_FOODSTAPLES_OLIVE_OIL,287;TAX_FOODSTAPLES_OLIVE_OIL,3657;TAX_FOODSTAPLES_OLIVE_OIL,3778;TAX_FOODSTAPLES_OLIVE_OIL,4060;EPU_POLICY_POLICY,2051;TAX_ETHNICITY_CANADIAN,1718;TAX_ETHNICITY_CANADIAN,1857;WB_695_POVERTY,3434;WB_1153_MIDDLE_CLASS,3434;WB_1152_ECONOMIC_AND_SOCIAL_MOBILITY,3434;WB_707_POVERTY_MEASUREMENT_AND_ANALYSIS,3434;WB_698_TRADE,554;WB_698_TRADE,2394;WB_698_TRADE,2432;WB_698_TRADE,2870;WB_698_TRADE,2979;WB_135_TRANSPORT,2257;WB_845_LEGAL_AND_REGULATORY_FRAMEWORK,2051;WB_696_PUBLIC_SECTOR_MANAGEMENT,2051;WB_410_BUSINESS_LAW_AND_REGULATION,2051;WB_1150_VOLATILITY,3326;LEADER,2785;TAX_FNCACT_PRESIDENT,2785;EPU_CATS_TRADE_POLICY,2989;CRISISLEX_T11_UPDATESSYMPATHY,3517;TAX_FNCACT_WHOLESALER,3871;		1#Canadian#CA#CA##60#-96#CA#1718;1#Canadian#CA#CA##60#-96#CA#1857;1#Peru#PE#PE##-10#-76#PE#313;1#America#US#US##39.828175#-98.5795#US#3837;1#Portugal#PO#PO##39.5#-8#PO#324;1#Canada#CA#CA##60#-96#CA#1664;1#Canada#CA#CA##60#-96#CA#1786;1#Canada#CA#CA##60#-96#CA#2355;1#Canada#CA#CA##60#-96#CA#2825;1#Canada#CA#CA##60#-96#CA#2973;1#Canada#CA#CA##60#-96#CA#3215;1#Iran#IR#IR##32#53#IR#459;1#Spain#SP#SP##40#-4#SP#306					-0.36101083032491,3.00842358604091,3.36943441636582,6.37785800240674,21.7809867629362,0.72202166064982,767			https://bloximages.newyork1.vip.townnews.com/gazettextra.com/content/tncms/assets/v3/editorial/7/7b/77b42af5-a33a-4a7f-b94b-0382471afdc4/6aa08bcbaf1ba.image.jpg?crop=1659%2C871%2C0%2C189								<PAGE_LINKS>https://smallbusinessmajority.org/</PAGE_LINKS><PAGE_AUTHORS>NEIL JOHNSON neil@gazettextra.com</PAGE_AUTHORS><PAGE_PRECISEPUBTIMESTAMP>20260908195600</PAGE_PRECISEPUBTIMESTAMP><PAGE_TITLE>U.S. Sen. Tammy Baldwin meets with Janesville retailers as tariffs, trade war intensify</PAGE_TITLE>
	20260908233000		e1.example	https://e1.example/e1				ARMEDCONFLICT,10;MILITARY,50		1#Sudan#SU#SU##15.6#32.5#F10#10					-2.5,1,3.5,4.5,20,0,300											<PAGE_LINKS>x</PAGE_LINKS>
	20260908233000		e2.example	https://e2.example/e2				NATURAL_DISASTER_HURRICANE,5;NATURAL_DISASTER_STORM,40		3#Miami, Florida, United States#US#US##25.77#-80.19#F5#5;2#Hawaii, United States#US#US##21.3#-157.8#F30#30;2#Hawaii, United States#US#US##21.3#-157.8#F60#60;2#Hawaii, United States#US#US##21.3#-157.8#F90#90					-2.5,1,3.5,4.5,20,0,300											<PAGE_TITLE>Hawaii residents told to expect tropical storm</PAGE_TITLE>
	20260908233000		e3.example	https://e3.example/e3				ARMEDCONFLICT,10;MILITARY,50		1#Israel#IS#IS##31.5#34.75#F5#5;1#West Bank#WE#WE##31.9#35.2#F40#40;1#Gaza Strip#GZ#GZ##31.4#34.3#F80#80					-2.5,1,3.5,4.5,20,0,300											<PAGE_TITLE>Strikes continue</PAGE_TITLE>
	20260908233000		e4.example	https://e4.example/e4				ARMEDCONFLICT,10;MILITARY,50							-2.5,1,3.5,4.5,20,0,300											<PAGE_TITLE>No place at all</PAGE_TITLE>
	20260908233000		e5.example	https://e5.example/e5				ARMEDCONFLICT,10;MILITARY,50		1#Sudan#SU#SU####F1#20					-2.5,1,3.5,4.5,20,0,300											<PAGE_TITLE>Country only, no coords</PAGE_TITLE>
	20260908233000		e6.example	https://e6.example/e6				NATURAL_DISASTER_FLOOD,300;USPEC_POLITICS_GENERAL1,20		1#Germany#GM#GM##51.5#10.5#F10#10					-2.5,1,3.5,4.5,20,0,300											<PAGE_TITLE>Far-right party explained</PAGE_TITLE>
	20260908233000		fixture.example	javascript:alert(1)				ARMEDCONFLICT,10;MILITARY,50		1#Sudan#SU#SU##15.6#32.5#F10#10					-2.5,1,3.5,4.5,20,0,300											<PAGE_TITLE>Bad url</PAGE_TITLE>
	20260908233000		e8.example	https://e8.example/e8				ARMEDCONFLICT,10;MILITARY,50		1#Sudan#SU#SU##15.6#32.5#F10#10					-2.5,1,3.5,4.5,20,0,300			http://img.example/x.jpg								<PAGE_TITLE>Http image</PAGE_TITLE>
	20260908233000		capdomain.example	https://capdomain.example/cap1				ARMEDCONFLICT,10;MILITARY,50		1#Nigeria#NI#NI##9.1#8.7#F10#10					-2.5,1,3.5,4.5,20,0,300											<PAGE_TITLE>Cap 1</PAGE_TITLE>
	20260908233000		capdomain.example	https://capdomain.example/cap2				ARMEDCONFLICT,10;MILITARY,50		1#Nigeria#NI#NI##9.1#8.7#F10#10					-2.5,1,3.5,4.5,20,0,300											<PAGE_TITLE>Cap 2</PAGE_TITLE>
	20260908233000		capdomain.example	https://capdomain.example/cap3				ARMEDCONFLICT,10;MILITARY,50		1#Nigeria#NI#NI##9.1#8.7#F10#10					-2.5,1,3.5,4.5,20,0,300											<PAGE_TITLE>Cap 3</PAGE_TITLE>
	20260908233000		capdomain.example	https://capdomain.example/cap4				ARMEDCONFLICT,10;MILITARY,50		1#Nigeria#NI#NI##9.1#8.7#F10#10					-2.5,1,3.5,4.5,20,0,300											<PAGE_TITLE>Cap 4</PAGE_TITLE>
	20260908233000		capdomain.example	https://capdomain.example/cap5				ARMEDCONFLICT,10;MILITARY,50		1#Nigeria#NI#NI##9.1#8.7#F10#10					-2.5,1,3.5,4.5,20,0,300											<PAGE_TITLE>Cap 5</PAGE_TITLE>
	20260908233000		capdomain.example	https://capdomain.example/cap6				ARMEDCONFLICT,10;MILITARY,50;TERROR,70		1#Nigeria#NI#NI##9.1#8.7#F10#10					-2.5,1,3.5,4.5,20,0,300											<PAGE_TITLE>Cap 6</PAGE_TITLE>
	20260908233000		capdomain.example	https://capdomain.example/cap1				ARMEDCONFLICT,10;MILITARY,50		1#Nigeria#NI#NI##9.1#8.7#F10#10					-2.5,1,3.5,4.5,20,0,300											<PAGE_TITLE>Cap 1 dup</PAGE_TITLE>
	20260908233000		e16.example	https://e16.example/e16				PROTEST,5;STRIKE,50		4#Singapore#SN#SN##1.29#103.85#F5#5					-2.5,1,3.5,4.5,20,0,300											<PAGE_TITLE>Singapore protest</PAGE_TITLE>
	20260908233000		e17.example	https://e17.example/e17				EVACUATION,5;DISPLACED,50		4#Oslo, Norway#NO#NO##59.9#10.75#F5#5					-2.5,1,3.5,4.5,20,0,300											<PAGE_TITLE>Norway evacuation</PAGE_TITLE>
20260908233000			short.example	https://short.example/26cols																					
